date,norm_mvrv_z,norm_puell,norm_price_200w_ratio,norm_stable_30d,norm_dom_proxy_30d_roc,btc_score,btc_score_lagged,regime,action
2017-11-28,,,,,,,,NA,NA
2017-11-29,,,,,,,,NA,NA
2017-11-30,,,,,,,,NA,NA
2017-12-01,,,,,,,,NA,NA
2017-12-02,,,,,,,,NA,NA
2017-12-03,,,,,,,,NA,NA
2017-12-04,,,,,,,,NA,NA
2017-12-05,,,,,,,,NA,NA
2017-12-06,,,,,,,,NA,NA
2017-12-07,,,,,,,,NA,NA
2017-12-08,,,,,,,,NA,NA
2017-12-09,,,,,,,,NA,NA
2017-12-10,,,,,,,,NA,NA
2017-12-11,,,,,,,,NA,NA
2017-12-12,,,,,,,,NA,NA
2017-12-13,,,,,,,,NA,NA
2017-12-14,,,,,,,,NA,NA
2017-12-15,,,,,,,,NA,NA
2017-12-16,,,,,,,,NA,NA
2017-12-17,,,,,,,,NA,NA
2017-12-18,,,,,,,,NA,NA
2017-12-19,,,,,,,,NA,NA
2017-12-20,,,,,,,,NA,NA
2017-12-21,,,,,,,,NA,NA
2017-12-22,,,,,,,,NA,NA
2017-12-23,,,,,,,,NA,NA
2017-12-24,,,,,,,,NA,NA
2017-12-25,,,,,,,,NA,NA
2017-12-26,,,,,,,,NA,NA
2017-12-27,,,,,,,,NA,NA
2017-12-28,,,,,,,,NA,NA
2017-12-29,,,,,,,,NA,NA
2017-12-30,,,,,,,,NA,NA
2017-12-31,,,,,,,,NA,NA
2018-01-01,,,,,,,,NA,NA
2018-01-02,,,,,,,,NA,NA
2018-01-03,,,,,,,,NA,NA
2018-01-04,,,,,,,,NA,NA
2018-01-05,,,,,,,,NA,NA
2018-01-06,,,,,,,,NA,NA
2018-01-07,,,,,,,,NA,NA
2018-01-08,,,,,,,,NA,NA
2018-01-09,,,,,,,,NA,NA
2018-01-10,,,,,,,,NA,NA
2018-01-11,,,,,,,,NA,NA
2018-01-12,,,,,,,,NA,NA
2018-01-13,,,,,,,,NA,NA
2018-01-14,,,,,,,,NA,NA
2018-01-15,,,,,,,,NA,NA
2018-01-16,,,,,,,,NA,NA
2018-01-17,,,,,,,,NA,NA
2018-01-18,,,,,,,,NA,NA
2018-01-19,,,,,,,,NA,NA
2018-01-20,,,,,,,,NA,NA
2018-01-21,,,,,,,,NA,NA
2018-01-22,,,,,,,,NA,NA
2018-01-23,,,,,,,,NA,NA
2018-01-24,,,,,,,,NA,NA
2018-01-25,,,,,,,,NA,NA
2018-01-26,,,,,,,,NA,NA
2018-01-27,,,,,,,,NA,NA
2018-01-28,,,,,,,,NA,NA
2018-01-29,,,,,,,,NA,NA
2018-01-30,,,,,,,,NA,NA
2018-01-31,,,,,,,,NA,NA
2018-02-01,,,,,,,,NA,NA
2018-02-02,,,,,,,,NA,NA
2018-02-03,,,,,,,,NA,NA
2018-02-04,,,,,,,,NA,NA
2018-02-05,,,,,,,,NA,NA
2018-02-06,,,,,,,,NA,NA
2018-02-07,,,,,,,,NA,NA
2018-02-08,,,,,,,,NA,NA
2018-02-09,,,,,,,,NA,NA
2018-02-10,,,,,,,,NA,NA
2018-02-11,,,,,,,,NA,NA
2018-02-12,,,,,,,,NA,NA
2018-02-13,,,,,,,,NA,NA
2018-02-14,,,,,,,,NA,NA
2018-02-15,,,,,,,,NA,NA
2018-02-16,,,,,,,,NA,NA
2018-02-17,,,,,,,,NA,NA
2018-02-18,,,,,,,,NA,NA
2018-02-19,,,,,,,,NA,NA
2018-02-20,,,,,,,,NA,NA
2018-02-21,,,,,,,,NA,NA
2018-02-22,,,,,,,,NA,NA
2018-02-23,,,,,,,,NA,NA
2018-02-24,,,,,,,,NA,NA
2018-02-25,,,,,,,,NA,NA
2018-02-26,,,,,,,,NA,NA
2018-02-27,,,,,,,,NA,NA
2018-02-28,,,,,,,,NA,NA
2018-03-01,,,,,,,,NA,NA
2018-03-02,,,,,,,,NA,NA
2018-03-03,,,,,,,,NA,NA
2018-03-04,,,,,,,,NA,NA
2018-03-05,,,,,,,,NA,NA
2018-03-06,,,,,,,,NA,NA
2018-03-07,,,,,,,,NA,NA
2018-03-08,,,,,,,,NA,NA
2018-03-09,,,,,,,,NA,NA
2018-03-10,,,,,,,,NA,NA
2018-03-11,,,,,,,,NA,NA
2018-03-12,,,,,,,,NA,NA
2018-03-13,,,,,,,,NA,NA
2018-03-14,,,,,,,,NA,NA
2018-03-15,,,,,,,,NA,NA
2018-03-16,,,,,,,,NA,NA
2018-03-17,,,,,,,,NA,NA
2018-03-18,,,,,,,,NA,NA
2018-03-19,,,,,,,,NA,NA
2018-03-20,,,,,,,,NA,NA
2018-03-21,,,,,,,,NA,NA
2018-03-22,,,,,,,,NA,NA
2018-03-23,,,,,,,,NA,NA
2018-03-24,,,,,,,,NA,NA
2018-03-25,,,,,,,,NA,NA
2018-03-26,,,,,,,,NA,NA
2018-03-27,,,,,,,,NA,NA
2018-03-28,,,,,,,,NA,NA
2018-03-29,,,,,,,,NA,NA
2018-03-30,,,,,,,,NA,NA
2018-03-31,,,,,,,,NA,NA
2018-04-01,,,,,,,,NA,NA
2018-04-02,,,,,,,,NA,NA
2018-04-03,,,,,,,,NA,NA
2018-04-04,,,,,,,,NA,NA
2018-04-05,,,,,,,,NA,NA
2018-04-06,,,,,,,,NA,NA
2018-04-07,,,,,,,,NA,NA
2018-04-08,,,,,,,,NA,NA
2018-04-09,,,,,,,,NA,NA
2018-04-10,,,,,,,,NA,NA
2018-04-11,,,,,,,,NA,NA
2018-04-12,,,,,,,,NA,NA
2018-04-13,,,,,,,,NA,NA
2018-04-14,,,,,,,,NA,NA
2018-04-15,,,,,,,,NA,NA
2018-04-16,,,,,,,,NA,NA
2018-04-17,,,,,,,,NA,NA
2018-04-18,,,,,,,,NA,NA
2018-04-19,,,,,,,,NA,NA
2018-04-20,,,,,,,,NA,NA
2018-04-21,,,,,,,,NA,NA
2018-04-22,,,,,,,,NA,NA
2018-04-23,,,,,,,,NA,NA
2018-04-24,,,,,,,,NA,NA
2018-04-25,,,,,,,,NA,NA
2018-04-26,,,,,,,,NA,NA
2018-04-27,,,,,,,,NA,NA
2018-04-28,,,,,,,,NA,NA
2018-04-29,,,,,,,,NA,NA
2018-04-30,,,,,,,,NA,NA
2018-05-01,,,,,,,,NA,NA
2018-05-02,,,,,,,,NA,NA
2018-05-03,,,,,,,,NA,NA
2018-05-04,,,,,,,,NA,NA
2018-05-05,,,,,,,,NA,NA
2018-05-06,,,,,,,,NA,NA
2018-05-07,,,,,,,,NA,NA
2018-05-08,,,,,,,,NA,NA
2018-05-09,,,,,,,,NA,NA
2018-05-10,,,,,,,,NA,NA
2018-05-11,,,,,,,,NA,NA
2018-05-12,,,,,,,,NA,NA
2018-05-13,,,,,,,,NA,NA
2018-05-14,,,,,,,,NA,NA
2018-05-15,,,,,,,,NA,NA
2018-05-16,,,,,,,,NA,NA
2018-05-17,,,,,,,,NA,NA
2018-05-18,,,,,,,,NA,NA
2018-05-19,,,,,,,,NA,NA
2018-05-20,,,,,,,,NA,NA
2018-05-21,,,,,,,,NA,NA
2018-05-22,,,,,,,,NA,NA
2018-05-23,,,,,,,,NA,NA
2018-05-24,,,,,,,,NA,NA
2018-05-25,,,,,,,,NA,NA
2018-05-26,,,,,,,,NA,NA
2018-05-27,,,,,,,,NA,NA
2018-05-28,,,,,,,,NA,NA
2018-05-29,,,,,,,,NA,NA
2018-05-30,,,,,,,,NA,NA
2018-05-31,,,,,,,,NA,NA
2018-06-01,,,,,,,,NA,NA
2018-06-02,,,,,,,,NA,NA
2018-06-03,,,,,,,,NA,NA
2018-06-04,,,,,,,,NA,NA
2018-06-05,,,,,,,,NA,NA
2018-06-06,,,,,,,,NA,NA
2018-06-07,,,,,,,,NA,NA
2018-06-08,,,,,,,,NA,NA
2018-06-09,,,,,,,,NA,NA
2018-06-10,,,,,,,,NA,NA
2018-06-11,,,,,,,,NA,NA
2018-06-12,,,,,,,,NA,NA
2018-06-13,,,,,,,,NA,NA
2018-06-14,,,,,,,,NA,NA
2018-06-15,,,,,,,,NA,NA
2018-06-16,,,,,,,,NA,NA
2018-06-17,,,,,,,,NA,NA
2018-06-18,,,,,,,,NA,NA
2018-06-19,,,,,,,,NA,NA
2018-06-20,,,,,,,,NA,NA
2018-06-21,,,,,,,,NA,NA
2018-06-22,,,,,,,,NA,NA
2018-06-23,,,,,,,,NA,NA
2018-06-24,,,,,,,,NA,NA
2018-06-25,,,,3.148382892665771e-06,,3.148382892665771e-06,,NA,NA
2018-06-26,,,,0.00016939589755489244,,0.00016939589755489244,,NA,NA
2018-06-27,,,,0.00030239376912459277,,0.00030239376912459277,,NA,NA
2018-06-28,,,,0.00030184968172554594,,0.00030184968172554594,,NA,NA
2018-06-29,,,,0.00030184968172554594,,0.00030184968172554594,,NA,NA
2018-06-30,,,,0.00030184974270819906,,0.00030184974270819906,,NA,NA
2018-07-01,,,,0.0003018496511345726,,0.0003018496511345726,,NA,NA
2018-07-02,,,,0.0003018496206432257,,0.0003018496206432257,3.148382892665771e-06,BEAR,EXIT
2018-07-03,,,,0.0003018494986281062,,0.0003018494986281062,0.00016939589755489244,BEAR,EXIT
2018-07-04,,,,0.0009668398014189653,,0.0009668398014189653,0.00030239376912459277,BEAR,EXIT
2018-07-05,,,,0.0009668396184709652,,0.0009668396184709651,0.00030184968172554594,BEAR,EXIT
2018-07-06,,,,0.0009668395879796184,,0.0009668395879796184,0.00030184968172554594,BEAR,EXIT
2018-07-07,,,,0.0009692458156535139,,0.0009692458156535139,0.00030184974270819906,BEAR,EXIT
2018-07-08,,,,0.000969245723534913,,0.0009692457235349128,0.0003018496511345726,BEAR,EXIT
2018-07-09,,,,0.0009692456318988571,,0.000969245631898857,0.0003018496206432257,BEAR,EXIT
2018-07-10,,,,0.0009692455707545145,,0.0009692455707545144,0.0003018494986281062,BEAR,EXIT
2018-07-11,,,,0.0009692455097710881,,0.000969245509771088,0.0009668398014189653,BEAR,EXIT
2018-07-12,,,,0.0009692455097710881,,0.000969245509771088,0.0009668396184709651,BEAR,EXIT
2018-07-13,,,,0.034219194234170504,,0.034219194234170504,0.0009668395879796184,BEAR,EXIT
2018-07-14,,,,0.03421919426466226,,0.03421919426466226,0.0009692458156535139,BEAR,EXIT
2018-07-15,,,,0.03421919422278566,,0.03421919422278566,0.0009692457235349128,BEAR,EXIT
2018-07-16,,,,0.034219194125617976,,0.034219194125617976,0.000969245631898857,BEAR,EXIT
2018-07-17,,,,0.034219194003651046,,0.034219194003651046,0.0009692455707545144,BEAR,EXIT
2018-07-18,,,,0.03421919396177445,,0.03421919396177445,0.000969245509771088,BEAR,EXIT
2018-07-19,,,,0.0342191940894338,,0.0342191940894338,0.000969245509771088,BEAR,EXIT
2018-07-20,,,,0.03421919413131048,,0.03421919413131048,0.034219194234170504,BEAR,EXIT
2018-07-21,,,,0.03421919409512626,,0.03421919409512626,0.03421919426466226,BEAR,EXIT
2018-07-22,,,,0.03421524845760711,,0.03421524845760711,0.03421919422278566,BEAR,EXIT
2018-07-23,,,,0.040865333807730435,,0.040865333807730435,0.034219194125617976,BEAR,EXIT
2018-07-24,,,,0.040865333797633206,,0.040865333797633206,0.034219194003651046,BEAR,EXIT
2018-07-25,,,,0.04086533382132639,,0.04086533382132639,0.03421919396177445,BEAR,EXIT
2018-07-26,,,,0.04066220644197122,,0.04066220644197122,0.0342191940894338,BEAR,EXIT
2018-07-27,,,,0.04049996983521218,,0.04049996983521218,0.03421919413131048,BEAR,EXIT
2018-07-28,,,,0.0,,0.0,0.03421919409512626,BEAR,EXIT
2018-07-29,,,,0.0,28.626733626584596,11.450693450633839,0.03421524845760711,BEAR,EXIT
2018-07-30,,,,0.0,26.507493203126458,10.602997281250584,0.040865333807730435,BEAR,EXIT
2018-07-31,,,,0.0029394113524536304,25.96412076513181,10.387411952864197,0.040865333797633206,BEAR,EXIT
2018-08-01,,,,0.0030179773237287016,23.575418961995595,9.431978371192477,0.04086533382132639,BEAR,EXIT
2018-08-02,,,,0.0025938960133918484,24.24756821402056,9.700583623216259,0.04066220644197122,BEAR,EXIT
2018-08-03,,,,0.0023706219623452736,26.995822753849367,10.799751474717155,0.04049996983521218,BEAR,EXIT
2018-08-04,,,,0.002345661525256061,28.315045000664682,11.327425397181027,0.0,BEAR,EXIT
2018-08-05,,,,0.0025903429436783037,29.222160966862305,11.69041859251113,11.450693450633839,BEAR,EXIT
2018-08-06,,,,0.002336684425347842,29.087660351121556,11.636466151103832,10.602997281250584,BEAR,EXIT
2018-08-07,,,,0.002456974815663035,24.84456001806346,9.939298192114784,10.387411952864197,BEAR,EXIT
2018-08-08,,,,0.002353111693243938,27.15896623287331,10.864998360165272,9.431978371192477,BEAR,EXIT
2018-08-09,,,,0.0024193542868959804,28.836907499242997,11.536214612269339,9.700583623216259,BEAR,EXIT
2018-08-10,,,,0.0015459314630962328,25.03890773378052,10.016490652390067,10.799751474717155,BEAR,EXIT
2018-08-11,,,,0.002506381313396857,22.20263123089265,8.882556321145099,11.327425397181027,BEAR,EXIT
2018-08-12,,,,0.0,20.54107420847116,8.216429683388464,11.69041859251113,BEAR,EXIT
2018-08-13,,,,0.0003301300947730721,12.99389147524316,5.197754668154128,11.636466151103832,BEAR,EXIT
2018-08-14,,,,0.0003156673245268836,10.362159408711875,4.145053163879466,9.939298192114784,BEAR,EXIT
2018-08-15,,,,3.323976341006862e-05,9.733133171603313,3.8932732124993716,10.864998360165272,BEAR,EXIT
2018-08-16,,,,0.0,14.468736789180298,5.7874947156721195,11.536214612269339,BEAR,EXIT
2018-08-17,,,,0.0006099148746956692,22.58587613835384,9.034716404266355,10.016490652390067,BEAR,EXIT
2018-08-18,,,,0.0003870240485350842,22.989952383333815,9.196213167762647,8.882556321145099,BEAR,EXIT
2018-08-19,,,,0.00042727343000004066,25.430278740794236,10.172367860375696,8.216429683388464,BEAR,EXIT
2018-08-20,,,,0.0001859959384355492,19.755595633662608,7.902349851028105,5.197754668154128,BEAR,EXIT
2018-08-21,,,,0.0005330459515113898,20.31546190359572,8.126504589009194,4.145053163879466,BEAR,EXIT
2018-08-22,,,,0.0,23.80656382117587,9.522625528470348,3.8932732124993716,BEAR,EXIT
2018-08-23,,,,0.0,25.563388458017783,10.225355383207114,5.7874947156721195,BEAR,EXIT
2018-08-24,,,,0.0002684755396980905,24.104832767294752,9.642094192241721,9.034716404266355,BEAR,EXIT
2018-08-25,,,,0.00025109860057209986,21.98196194973505,8.792935439054364,9.196213167762647,BEAR,EXIT
2018-08-26,,,,0.00018370480781445468,22.247944683114284,8.899288096130402,10.172367860375696,BEAR,EXIT
2018-08-27,,,,0.05212394180790129,24.187547074882048,9.70629319503756,7.902349851028105,BEAR,EXIT
2018-08-28,,,,0.051056449559431054,24.59242945875289,9.867605653236815,8.126504589009194,BEAR,EXIT
2018-08-29,,,,0.11633508706903714,24.5019965951264,9.870599690291982,9.522625528470348,BEAR,EXIT
2018-08-30,,,,0.11009392234318685,24.10565885569119,9.708319895682388,10.225355383207114,BEAR,EXIT
2018-08-31,,,,0.10949750979960689,24.93574765756253,10.039997568904777,9.642094192241721,BEAR,EXIT
2018-09-01,,,,0.11023774530989519,26.640321613735125,10.722271292679988,8.792935439054364,BEAR,EXIT
2018-09-02,,,,0.11081285836539599,23.07747466796046,9.29747758220342,8.899288096130402,BEAR,EXIT
2018-09-03,,,,0.11075578648097313,19.827104219313767,7.997295159614092,9.70629319503756,BEAR,EXIT
2018-09-04,,,,0.10940820879288601,18.154015277913118,7.327251036440979,9.867605653236815,BEAR,EXIT
2018-09-05,,,,0.1715457765592355,10.859900427621653,4.4468876369842025,9.870599690291982,BEAR,EXIT
2018-09-06,,,,0.17216078777751267,15.333552364816725,6.236717418593199,9.708319895682388,BEAR,EXIT
2018-09-07,,,,0.1720293349115769,12.42426921110274,5.072925285388043,10.039997568904777,BEAR,EXIT
2018-09-08,,,,0.17179109655063896,10.646967988690804,4.3618618534067055,10.722271292679988,BEAR,EXIT
2018-09-09,,,,0.17432183183287572,12.218128379846902,4.991844451038487,9.29747758220342,BEAR,EXIT
2018-09-10,,,,0.17212505398024122,16.10974076987175,6.547171340336845,7.997295159614092,BEAR,EXIT
2018-09-11,,,,0.1760704113681648,14.340512951317493,5.841847427347897,7.327251036440979,BEAR,EXIT
2018-09-12,,,,0.17546925728465312,21.05876731934518,8.528788482108865,4.4468876369842025,BEAR,EXIT
2018-09-13,,,,0.17750486700621027,27.869573095116877,11.254332158250477,6.236717418593199,BEAR,EXIT
2018-09-14,,,,0.17607316174542167,27.515058227357216,11.11166718799014,5.072925285388043,BEAR,EXIT
2018-09-15,,,,0.17769706220789977,29.268689871911107,11.814094186089184,4.3618618534067055,BEAR,EXIT
2018-09-16,,,,0.1758179475306941,25.078023435127278,10.136700142569328,4.991844451038487,BEAR,EXIT
2018-09-17,,,,0.17662373433147208,24.240308109964104,9.802097484584525,6.547171340336845,BEAR,EXIT
2018-09-18,,,,0.18521374968008397,26.390378153096563,10.667279511046676,5.841847427347897,BEAR,EXIT
2018-09-19,,,,0.18584597055916874,29.957620014251347,12.094555588036041,8.528788482108865,BEAR,EXIT
2018-09-20,,,,0.22660183084839775,32.805606430138596,13.258203670564479,11.254332158250477,BEAR,EXIT
2018-09-21,,,,0.2497005198848221,37.142960341917686,15.007004448697968,11.11166718799014,BEAR,EXIT
2018-09-22,,,,0.2536600673523588,36.24459513580342,14.650034094732785,11.814094186089184,BEAR,EXIT
2018-09-23,,,,0.25227862892659175,37.39390423183511,15.108928870089999,10.136700142569328,BEAR,EXIT
2018-09-24,,,,0.25837725435393916,35.894222543393695,14.512715369969843,9.802097484584525,BEAR,EXIT
2018-09-25,,,,0.3078754258743155,35.73340309843509,14.478086494898626,10.667279511046676,BEAR,EXIT
2018-09-26,,,,0.31233652877575224,33.460726387794864,13.571692472383397,12.094555588036041,BEAR,EXIT
2018-09-27,,,,0.3283504087032785,34.38435681439674,13.950752970980664,13.258203670564479,BEAR,EXIT
2018-09-28,,,,0.3303303449812172,34.68924274120981,14.073895303472655,15.007004448697968,BEAR,EXIT
2018-09-29,,,,0.3351711130035354,37.56362448062996,15.226552460054107,14.650034094732785,BEAR,EXIT
2018-09-30,,,,0.33586283315247634,38.25143639157638,15.502092256522037,15.108928870089999,BEAR,EXIT
2018-10-01,,,,0.3289127984686821,36.88459366152116,14.951185143689674,14.512715369969843,BEAR,EXIT
2018-10-02,,,,0.32700579073533703,37.26661817718663,15.102850745315854,14.478086494898626,BEAR,EXIT
2018-10-03,,,,0.39486651495631586,36.977021786393,15.02772862353099,13.571692472383397,BEAR,EXIT
2018-10-04,,,,0.3929525345583506,38.212071565632,15.520600146987812,13.950752970980664,BEAR,EXIT
2018-10-05,,,,0.2959065042835466,45.48314603207119,18.370802315398606,14.073895303472655,BEAR,EXIT
2018-10-06,,,,0.29223395992580786,43.84841890852444,17.714707939365262,15.226552460054107,BEAR,EXIT
2018-10-07,,,,0.29235526676063206,46.347762734179994,18.71451825372838,15.502092256522037,BEAR,EXIT
2018-10-08,,,,0.2880296224606034,49.31898691935282,19.900412541217488,14.951185143689674,BEAR,EXIT
2018-10-09,,,,0.29319452395994067,50.02633665417446,20.18645137604575,15.102850745315854,BEAR,EXIT
2018-10-10,,,,0.2914700785546267,50.081740949649244,20.207578426992477,15.02772862353099,BEAR,EXIT
2018-10-11,,,,0.29099895541943327,47.635896839714576,19.22895810913749,15.520600146987812,BEAR,EXIT
2018-10-12,,,,0.3206863196228252,49.09486326475459,19.83035709767553,18.370802315398606,BEAR,EXIT
2018-10-13,,,,0.33062488414445107,44.34171136860149,17.93505947792727,17.714707939365262,BEAR,EXIT
2018-10-14,,,,0.3331955859235945,43.329401707658924,17.531678034617727,18.71451825372838,BEAR,EXIT
2018-10-15,,,,0.48128969877302985,42.1505693766573,17.14900156992674,19.900412541217488,BEAR,EXIT
2018-10-16,,,,0.547998245875447,42.81871033863216,17.456283082978132,20.18645137604575,BEAR,EXIT
2018-10-17,,,,0.6176554609058172,46.03486494493111,18.784539254515934,20.207578426992477,BEAR,EXIT
2018-10-18,,,,0.5925676123826615,42.888537221448786,17.51095545600911,19.22895810913749,BEAR,EXIT
2018-10-19,,,,0.6597864516471086,43.56492496947298,17.82184185877746,19.83035709767553,BEAR,EXIT
2018-10-20,,,,0.5843555802546468,41.24346057872892,16.847997579644357,17.93505947792727,BEAR,EXIT
2018-10-21,,,,0.5384301142540739,38.07761198636427,15.554102863098153,17.531678034617727,BEAR,EXIT
2018-10-22,,,,0.5695800228188705,39.07749194011581,15.972744789737648,17.14900156992674,BEAR,EXIT
2018-10-23,,,,0.7885596262417279,38.21181346729253,15.75786116266205,17.456283082978132,BEAR,EXIT
2018-10-24,,,,0.9131360667812614,40.76554706790013,16.854100467228808,18.784539254515934,BEAR,EXIT
2018-10-25,,,,0.7871000442549734,41.45460365971094,17.05410149043736,17.51095545600911,BEAR,EXIT
2018-10-26,,,,0.8026541738394946,42.75912858420586,17.585243937986043,17.82184185877746,BEAR,EXIT
2018-10-27,,,,0.7752821735856031,41.48523748419751,17.059264297830367,16.847997579644357,BEAR,EXIT
2018-10-28,,,,0.7707469091238062,42.66880850601803,17.529971547881498,15.554102863098153,BEAR,EXIT
2018-10-29,,,,0.7554504839653369,39.63362406523705,16.306719916474023,15.972744789737648,BEAR,EXIT
2018-10-30,,,,0.7685771556027818,39.66458828590639,16.326981607724225,15.75786116266205,BEAR,EXIT
2018-10-31,,,,0.7687009428279222,39.847851507630395,16.400361168748912,16.854100467228808,BEAR,EXIT
2018-11-01,,,,0.765785516911873,40.402158149895975,16.620334570105513,17.05410149043736,BEAR,EXIT
2018-11-02,,,,0.6963671921152234,41.904926669094166,17.1797909829068,17.585243937986043,BEAR,EXIT
2018-11-03,,,,0.7091061534324979,41.88008887838246,17.177499243412484,17.059264297830367,BEAR,EXIT
2018-11-04,,,,0.6636463104464083,42.75149124991846,17.498784286235228,17.529971547881498,BEAR,EXIT
2018-11-05,,,,0.6835870044034461,43.195744051045494,17.688449823060264,16.306719916474023,BEAR,EXIT
2018-11-06,,,,0.680861310317531,44.8800389290301,18.36053235780256,16.326981607724225,BEAR,EXIT
2018-11-07,,,,0.6869041375004765,43.755546897391575,17.914361241456916,16.400361168748912,BEAR,EXIT
2018-11-08,,,,0.673374669516459,43.345971480318845,17.742413393837417,16.620334570105513,BEAR,EXIT
2018-11-09,,,,0.6722649372000842,43.41063392814045,17.767612533576234,17.1797909829068,BEAR,EXIT
2018-11-10,,,,0.6668373454161648,48.961289830203704,19.98461833933118,17.177499243412484,BEAR,EXIT
2018-11-11,,,,0.6068583375117189,47.928245194061404,19.535413080131594,17.498784286235228,BEAR,EXIT
2018-11-12,,,,0.5818466582285422,47.20819853930408,19.232387410658756,17.688449823060264,BEAR,EXIT
2018-11-13,,,,0.5949950602093566,47.79207601274255,19.47382744122263,18.36053235780256,BEAR,EXIT
2018-11-14,,,,0.42604152613033247,45.35290063268137,18.39678516875075,17.914361241456916,BEAR,EXIT
2018-11-15,,,,0.37548873204268374,45.58914177835695,18.46094995056839,17.742413393837417,BEAR,EXIT
2018-11-16,,,,0.3438822929209071,44.91000124378653,18.17032987326716,17.767612533576234,BEAR,EXIT
2018-11-17,,,,0.34693682174493967,45.53736189308156,18.42310685027959,19.98461833933118,BEAR,EXIT
2018-11-18,,,,0.30924546918458956,45.53330424877786,18.3988689810219,19.535413080131594,BEAR,EXIT
2018-11-19,,,,0.2914464102883432,44.106993539299076,17.817665261892635,19.232387410658756,BEAR,EXIT
2018-11-20,,,,0.3091013859795589,42.5355676203349,17.199687879721697,19.47382744122263,BEAR,EXIT
2018-11-21,,,,0.2954695983743834,42.87502403535429,17.32729137316635,18.39678516875075,BEAR,EXIT
2018-11-22,,,,0.20428679165329083,42.137881548840525,16.977724694528185,18.46094995056839,BEAR,EXIT
2018-11-23,,,,0.16871183575705861,40.92909346551327,16.472864487659542,18.17032987326716,BEAR,EXIT
2018-11-24,,,,0.16721990530050398,42.50425901056919,17.10203554740798,18.42310685027959,BEAR,EXIT
2018-11-25,,,,0.1570790426282129,41.97882976633148,16.88577933210952,18.3988689810219,BEAR,EXIT
2018-11-26,,,,0.16629109532539818,41.15974425934495,16.56367236093322,17.817665261892635,BEAR,EXIT
2018-11-27,,,,0.1701343495782175,41.32350392677152,16.631482180455542,17.199687879721697,BEAR,EXIT
2018-11-28,,,,0.17795352400762154,41.747424183368956,16.805741787752158,17.32729137316635,BEAR,EXIT
2018-11-29,,,,0.1814571224920658,39.985838077375476,16.10320950444543,16.977724694528185,BEAR,EXIT
2018-11-30,,,,0.20143224815409796,41.03559258842326,16.535096384261767,16.472864487659542,BEAR,EXIT
2018-12-01,,,,0.2033139827247924,41.01606209077341,16.52841322594424,17.10203554740798,BEAR,EXIT
2018-12-02,,,,0.18470037181768575,40.39679541777462,16.269538390200463,16.88577933210952,BEAR,EXIT
2018-12-03,,,,0.19697681451426932,40.520400438228144,16.32634626399982,16.56367236093322,BEAR,EXIT
2018-12-04,,,,0.19689530787907228,38.38811693713801,15.473383959582646,16.631482180455542,BEAR,EXIT
2018-12-05,,,,0.1876457000482202,37.530503440605386,15.124788796271087,16.805741787752158,BEAR,EXIT
2018-12-06,,,,0.19900103864608057,33.88615068565089,13.673860897448005,16.10320950444543,BEAR,EXIT
2018-12-07,,,,0.21101559018007082,36.269240953230764,14.634305735400348,16.535096384261767,BEAR,EXIT
2018-12-08,,,,0.21429207305481,35.992410750413185,14.52553954399816,16.52841322594424,BEAR,EXIT
2018-12-09,,,,0.21750225714969612,35.633959067185145,14.384084981163877,16.269538390200463,BEAR,EXIT
2018-12-10,,,,0.2194833638230565,34.92702682033749,14.10250074642883,16.32634626399982,BEAR,EXIT
2018-12-11,,,,0.21648285867885148,34.81107548837993,14.054319910559283,15.473383959582646,BEAR,EXIT
2018-12-12,,,,0.22026754022027276,34.78049465866681,14.044358387598889,15.124788796271087,BEAR,EXIT
2018-12-13,,,,0.21480582658670097,35.597310270112544,14.36780760399704,13.673860897448005,BEAR,EXIT
2018-12-14,,,,0.20662197092628287,36.79373026943138,14.84146529032832,14.634305735400348,BEAR,EXIT
2018-12-15,,,,0.20573374627246518,36.22532470692702,14.613570130534288,14.52553954399816,BEAR,EXIT
2018-12-16,,,,0.1967413802957117,37.79461704495717,15.235891646160296,14.384084981163877,BEAR,EXIT
2018-12-17,,,,0.19874457795456216,38.570408450739265,15.547410127068444,14.10250074642883,BEAR,EXIT
2018-12-18,,,,0.2008002283857525,39.27018196303001,15.828552922243457,14.054319910559283,BEAR,EXIT
2018-12-19,,,,0.2094522232021792,39.74185978634929,16.022415248461023,14.044358387598889,BEAR,EXIT
2018-12-20,,,,0.19683278956398612,43.36399594394907,17.463698051318023,14.36780760399704,BEAR,EXIT
2018-12-21,,,,0.1922917972107414,42.97570118069899,17.30565555060604,14.84146529032832,BEAR,EXIT
2018-12-22,,,,0.19125039239682118,45.15777293567504,18.17785940970811,14.613570130534288,BEAR,EXIT
2018-12-23,,,,0.18582360956228203,51.964414521136796,20.89725997419209,15.235891646160296,BEAR,EXIT
2018-12-24,,,,0.1872810450873979,53.26152993024548,21.416980599150634,15.547410127068444,BEAR,EXIT
2018-12-25,22.669236292754054,28.189910991274346,14.615769581243018,0.1875785902913016,52.597249425191734,22.059264282956274,15.828552922243457,BEAR,EXIT
2018-12-26,24.368700873872303,27.740122922221534,15.298507931590333,0.1768004986732211,53.75485350883824,22.70734800471995,16.022415248461023,BEAR,EXIT
2018-12-27,18.702558360718864,31.515666043277214,10.649382870266205,0.1753937354535373,49.96730731850395,20.642600385256628,17.463698051318023,BEAR,EXIT
2018-12-28,27.579322873091666,34.04326637981337,17.3622154210203,0.16999717565856712,54.39365857582639,25.721921975016325,17.30565555060604,BEAR,EXIT
2018-12-29,26.355828090555068,19.259075911576147,15.607781164252469,0.16552525229030943,58.86648865838698,21.754551291593295,18.17785940970811,BEAR,EXIT
2018-12-30,26.83515289099757,37.35346504631218,16.517410602758595,0.15277061296073785,56.83195989918591,26.398505831291736,20.89725997419209,BEAR,EXIT
2018-12-31,23.46288512718582,25.617806140840276,13.74163077372721,0.1500017358605775,56.202100269035824,21.834353515393925,21.416980599150634,BEAR,EXIT
2019-01-01,27.20790280324487,24.98895546859235,16.39492061152197,0.15657816929152915,57.54539075862598,23.466619631682274,22.059264282956274,BEAR,EXIT
2019-01-02,30.033654181274734,28.091236483242128,18.459129352221566,0.14909344049964587,61.75202971970795,25.922298233683005,22.70734800471995,BEAR,EXIT
2019-01-03,27.289747656414388,28.679089527734348,16.206729085075352,0.14931388494514666,61.16741340724981,24.73718091933973,20.642600385256628,BEAR,EXIT
2019-01-04,28.839714892537444,27.217553123485573,17.299548328671325,0.16937424124705353,63.58962962580273,25.30058151313422,25.721921975016325,BEAR,EXIT
2019-01-05,28.369763476681065,33.57546966057005,16.728948590820007,0.19473935018426342,65.90186612452015,26.869983691290493,21.754551291593295,BEAR,EXIT
2019-01-06,35.53683348172182,27.870751103391555,22.507204919838063,0.18873543655559957,61.67124009505329,28.325613129320715,26.398505831291736,BEAR,EXIT
2019-01-07,34.61580633010251,28.22884406606813,22.03639325950973,0.18984662990093445,61.21073472939011,27.998782034873884,21.834353515393925,BEAR,EXIT
2019-01-08,34.69371614037429,42.561361144352375,21.759264897752022,0.19102846954734454,61.18435729862016,31.547398108044902,23.466619631682274,BEAR,EXIT
2019-01-09,35.270091952601874,40.904201575012515,22.101026921707646,0.20147224486195045,61.52322288238854,31.409826488843365,25.922298233683005,BEAR,EXIT
2019-01-10,26.089239810672666,30.010323300913544,13.226729545489501,0.2095181679697166,58.55821849345043,23.861948252068586,24.73718091933973,BEAR,EXIT
2019-01-11,26.409907685719396,26.901298832631632,13.578048144705948,0.20945274328793478,57.81399999076288,23.176724553384396,25.30058151313422,BEAR,EXIT
2019-01-12,26.57800790016895,21.725141196627572,12.836067794217707,0.21127820391935176,57.50997732316471,21.754590690955492,26.869983691290493,BEAR,EXIT
2019-01-13,23.953417050737887,19.630920509967446,10.372783357688105,0.2156524957440054,55.41391607516244,19.742051396128694,28.325613129320715,BEAR,EXIT
2019-01-14,28.706965910068494,28.854328554214025,14.340397425655402,0.21514533304399946,58.52617053460924,24.57864025012266,27.998782034873884,BEAR,EXIT
2019-01-15,26.57728339776219,19.4838100302251,12.434900139424323,0.21384444901980545,56.071606763665216,20.97035489848929,31.547398108044902,BEAR,EXIT
2019-01-16,27.631483252669703,20.956673679135413,13.313889376442084,0.20775673447623166,55.981143781841915,21.820669159228807,31.409826488843365,BEAR,EXIT
2019-01-17,28.909824731832543,18.727070012612685,14.028518854633138,0.21165329143625014,54.68611983413758,21.66077867075876,23.861948252068586,BEAR,EXIT
2019-01-18,28.40528922417945,23.94572344974773,13.56249790145344,0.19975315274157915,54.51946959266122,22.70242714215881,23.176724553384396,BEAR,EXIT
2019-01-19,30.886726364469393,23.152237335670446,15.637187031865885,0.2013587642754906,53.14956400613566,23.526674864886502,21.754590690955492,BEAR,EXIT
2019-01-20,27.107159789704983,32.534114896366034,12.31197091760964,0.19991480550285,52.98812748107358,24.056870813457717,19.742051396128694,BEAR,EXIT
2019-01-21,27.382748265533998,29.518976131433238,12.225490368119333,0.19796491592255364,50.933013482974296,23.16266267182819,24.57864025012266,BEAR,EXIT
2019-01-22,29.03282748028345,20.8120049385002,13.37455104452579,0.19883873918537534,45.765957977842284,21.19418129627728,20.97035489848929,BEAR,EXIT
2019-01-23,28.676394078124932,28.812688643030356,13.097745031481942,0.19899474239713044,42.59723172257286,22.715211774108308,21.820669159228807,BEAR,EXIT
2019-01-24,29.43078859352121,37.324686407605526,13.472954299414628,0.19680824870436708,43.44578124069349,25.229098401215676,21.66077867075876,BEAR,EXIT
2019-01-25,29.608123277171316,25.67659267340726,13.572420296077908,0.19792192736643038,42.5745492984869,22.30321242967245,22.70242714215881,BEAR,EXIT
2019-01-26,29.819603838006675,31.74339086413349,13.66159323071067,0.19296582432927958,46.22495125124759,24.265487512351655,23.526674864886502,BEAR,EXIT
2019-01-27,29.607593082810936,25.124782997587392,13.511843035304642,0.1946420789957129,40.92100267184434,21.987138860334852,24.056870813457717,BEAR,EXIT
2019-01-28,27.21225743183012,27.22917088114255,10.520474838048811,0.18855325052594732,36.291369978844536,20.732484902907782,23.16266267182819,BEAR,EXIT
2019-01-29,26.518721611373735,27.52296014504677,10.153968720845516,0.1827208258227047,37.393703550177236,20.633928742734046,21.19418129627728,BEAR,EXIT
2019-01-30,28.082396879193073,23.696943519543513,11.420847190466239,0.18468883868508745,39.086925476601934,20.569520255200004,22.715211774108308,BEAR,EXIT
2019-01-31,27.673923581521453,32.97627226652343,10.869173163562978,0.17187501789246523,37.30268749200369,22.47612977568413,25.229098401215676,BEAR,EXIT
2019-02-01,28.982126403980825,35.58544616564545,11.829194445068353,0.16586225831833376,32.699926107671246,23.251710301134153,22.30321242967245,BEAR,EXIT
2019-02-02,29.753658232961644,28.743017195616822,12.519317505444356,0.16619688526263185,34.089202711697,22.04956507384066,24.265487512351655,BEAR,EXIT
2019-02-03,28.72141034242856,25.102189425050682,11.79261592392929,0.14964809953717942,32.00245561077024,20.4731864197847,21.987138860334852,BEAR,EXIT
2019-02-04,29.05021100096909,30.112127982448534,12.169046156488161,0.11892248972763943,31.191813375692305,21.81392423822887,20.732484902907782,BEAR,EXIT
2019-02-05,29.785117355076945,30.41540106306309,12.439293319949272,0.11359885954679144,34.13205245367918,22.45748921057865,20.633928742734046,BEAR,EXIT
2019-02-06,28.542928390714938,37.81645041115129,10.88812641383689,0.10988150939757015,35.20370678469487,23.7314693076488,20.569520255200004,BEAR,EXIT
2019-02-07,28.66257919538012,42.40424063453677,10.696205984418414,0.10608974685363814,35.64122170826006,24.91911074698596,22.47612977568413,BEAR,EXIT
2019-02-08,35.88879967057738,43.74227183140324,17.867529758868397,0.09895061737622267,38.32691530391668,29.123247933795803,23.251710301134153,BEAR,EXIT
2019-02-09,36.3587377554429,36.86849930695282,18.065264782856698,0.09658984568837543,41.85907248247401,27.938194835043078,22.04956507384066,BEAR,EXIT
2019-02-10,37.152001604400226,31.655818109431667,18.39774293829002,0.09490932809076265,44.74792089203656,27.228132084753263,20.4731864197847,BEAR,EXIT
2019-02-11,36.004597988394984,33.966970441369426,17.35402099558908,0.08673940030552328,43.876266316980086,27.164563747722507,21.81392423822887,BEAR,EXIT
2019-02-12,36.21084400117771,25.624885966937015,17.535335929007122,0.08509143427425778,46.71138760921292,25.46044435395142,22.45748921057865,BEAR,EXIT
2019-02-13,36.32451054238752,38.72020878883832,17.02253335342785,0.0836677494430348,43.736421209568256,28.368104313984688,23.7314693076488,BEAR,EXIT
2019-02-14,36.182074396897,31.743521793910457,16.600787397298834,0.08199131416260216,45.46194602247685,26.669153546378553,24.91911074698596,BEAR,EXIT
2019-02-15,36.52652573829216,24.703282682320328,17.019683902026024,0.08298243948709326,45.01442966242165,25.051605504638164,29.123247933795803,BEAR,EXIT
2019-02-16,37.359357331156424,37.56416664902586,17.69682322222931,0.07871440770117334,45.836774066104056,28.733698073814836,27.938194835043078,BEAR,EXIT
2019-02-17,38.63886780182752,43.56928720389142,18.931663467926967,0.08158412753546962,50.4782350301307,31.330375957249895,27.228132084753263,BEAR,EXIT
2019-02-18,45.49905160648888,47.324403038123194,24.894826871149377,0.07934537917024799,51.112244142671294,35.582907836850005,27.164563747722507,BEAR,EXIT
2019-02-19,46.506756614308614,49.24159054530172,25.760433263262584,0.08008580979689059,50.44687087077319,36.471211231817385,25.46044435395142,BEAR,EXIT
2019-02-20,47.55667683329313,35.472999447542364,27.508064675086814,0.08037186145884864,52.053498779151155,33.85427150402484,28.368104313984688,BEAR,EXIT
2019-02-21,46.6977464188117,28.204579761101666,26.506292591258003,0.07990324503284506,51.01087228391912,31.474800099317363,26.669153546378553,BEAR,EXIT
2019-02-22,48.3815796441344,55.25629269530192,27.64730902067651,0.08414405877494746,51.9109832820086,39.0617288082182,25.051605504638164,BEAR,EXIT
2019-02-23,52.998136647679374,46.51152572589285,31.520207759515067,0.08501379473307687,53.57660566469533,39.20177661335953,28.733698073814836,BEAR,EXIT
2019-02-24,43.44966515483063,35.2714863264991,21.728354725530004,0.0838978728559435,50.95427157931178,31.306453912039537,31.330375957249895,BEAR,EXIT
2019-02-25,45.541820276268595,41.227592621392276,24.016982598467084,0.08351381986269024,50.72661610669632,33.8580294415711,35.582907836850005,NEUTRAL,HOLD
2019-02-26,45.01283921124982,51.48465124880125,23.71531303298191,0.08262145896948044,51.32733305878829,36.263203706895894,36.471211231817385,NEUTRAL,HOLD
2019-02-27,45.29134967750614,40.01972730054349,23.936860494683472,0.08524250392899543,52.147196429633134,33.60721484587707,33.85427150402484,BEAR,EXIT
2019-02-28,45.317159558963596,45.525549034818226,24.106468557956255,0.08741469013502458,52.433694701851636,35.0543105116903,31.474800099317363,BEAR,EXIT
2019-03-01,45.98043103070962,52.956313453923876,24.22016119125863,0.08868718555583373,51.294405723479635,37.01998356112692,39.0617288082182,NEUTRAL,HOLD
2019-03-02,46.13199399529294,35.32441275378886,24.43379500110644,0.0936333768452943,50.81989815907014,32.65349520969019,39.20177661335953,NEUTRAL,HOLD
2019-03-03,45.54781835881208,43.55877439221998,24.203040790288956,0.09380586724118446,50.3400887644766,34.44272702029025,31.306453912039537,BEAR,EXIT
2019-03-04,43.50091719180806,36.76742119289738,21.78756688283586,0.09480481154531939,49.273361015309014,31.541200655596636,33.8580294415711,BEAR,EXIT
2019-03-05,47.54914517935218,47.417916370963546,25.64554721104651,0.09454422445391131,51.79245257771953,36.441758980195885,36.263203706895894,NEUTRAL,HOLD
2019-03-06,48.03755351574892,35.583105518778666,25.970000241846876,0.09607797726939993,52.004825819962605,33.71593676137539,33.60721484587707,BEAR,EXIT
2019-03-07,48.29688905087138,44.63777898442062,26.37712547991637,0.09712930390476848,51.776334822106655,36.11613943514622,35.0543105116903,NEUTRAL,HOLD
2019-03-08,48.02223018896989,46.94902963840526,26.221855377930247,0.09973388879931959,50.973220288310486,36.50057965402928,37.01998356112692,NEUTRAL,HOLD
2019-03-09,50.11639706645163,43.536892515818856,28.47794228536658,0.10086165172397048,51.359606554824445,36.76582060920456,32.65349520969019,BEAR,EXIT
2019-03-10,50.08695990180981,41.799055365514604,28.097578455505808,0.100120995099965,48.53635553330318,35.964021205618074,34.44272702029025,BEAR,EXIT
2019-03-11,48.82796060047436,44.93613194544866,26.496903285643047,0.09969733453829027,47.7989977074304,35.97665619455687,31.541200655596636,BEAR,EXIT
2019-03-12,49.21673834780639,46.220456701911324,27.039234743809455,0.10103045423483126,45.99733006369701,36.34287020308657,36.441758980195885,NEUTRAL,HOLD
2019-03-13,49.17446356873564,41.47867954384119,26.85672941799535,0.10886142937737246,46.493117530620786,35.15899580764874,33.71593676137539,BEAR,EXIT
2019-03-14,49.38900781910457,54.46638040295285,27.25738682917445,0.10963989584063052,45.91968880995585,38.493189677676156,36.11613943514622,NEUTRAL,HOLD
2019-03-15,50.85658520882937,54.30011145448261,28.685229645018246,0.1102948923343821,46.775798834292424,39.26317347255251,36.50057965402928,NEUTRAL,HOLD
2019-03-16,53.45604263701564,62.61562811552432,31.022609910174143,0.11366426048179368,47.72811401997193,42.685102843090064,36.76582060920456,NEUTRAL,HOLD
2019-03-17,52.942141581442414,50.83074909780828,30.40053405863584,0.1135986472618297,46.938585728354674,39.3813349305367,35.964021205618074,NEUTRAL,HOLD
2019-03-18,53.144545063022704,61.15868672208726,30.65984234071478,0.11563686616505053,46.25886119508831,42.00823531700517,35.97665619455687,NEUTRAL,HOLD
2019-03-19,53.9815165489405,70.5802502399879,31.494778431832543,0.11581733506978396,42.32091029069702,44.3879368403758,36.34287020308657,NEUTRAL,HOLD
2019-03-20,55.04275436983739,63.34745934516759,32.469504658629816,0.11751327035986693,40.94527895776052,42.95574696529911,35.15899580764874,NEUTRAL,HOLD
2019-03-21,53.687769493549474,50.65507557553786,30.874100504416006,0.1165622530365879,41.27707321417194,39.09011150220519,38.493189677676156,NEUTRAL,HOLD
2019-03-22,54.033605769215576,62.304845647785534,31.136280526560977,0.11687239926076465,40.61034330205688,42.092114438118045,39.26317347255251,NEUTRAL,HOLD
2019-03-23,54.098510417968306,52.015787204043384,31.779339061152832,0.11835951058891372,41.59665522904582,39.76678718812482,42.685102843090064,NEUTRAL,HOLD
2019-03-24,53.913559324933146,55.03172712645609,31.456007460023493,0.11384053791923475,40.759655212253186,40.31624267301187,39.3813349305367,NEUTRAL,HOLD
2019-03-25,52.348915988446635,52.969651022805785,29.75610773088781,0.11331621194526076,39.20838663777013,38.8361451939818,42.00823531700517,NEUTRAL,HOLD
2019-03-26,52.76395499666449,44.72139202283686,30.161989591283046,0.11409876979708196,42.307145816541095,37.28976182008885,44.3879368403758,NEUTRAL,HOLD
2019-03-27,55.87962469439582,57.7364220668308,32.93792707109377,0.1160335361615829,43.28632598518733,42.131615968188164,42.95574696529911,NEUTRAL,HOLD
2019-03-28,55.54071383446295,55.67760169204502,32.8252490922907,0.11470818696142912,43.110831243115456,41.47495374416404,39.09011150220519,NEUTRAL,HOLD
2019-03-29,57.75084125418732,59.22383259114957,34.984396775154956,0.11378060269509613,44.76583666802372,43.62174063628121,42.092114438118045,NEUTRAL,HOLD
2019-03-30,57.910059018953575,53.47107423417058,35.09836145324101,0.11480326109269434,44.16625372307432,42.19430441634825,39.76678718812482,NEUTRAL,HOLD
2019-03-31,58.173677380213675,53.0103486482629,35.18817347599431,0.11405309194973501,44.12695515576554,42.1721285506977,40.31624267301187,NEUTRAL,HOLD
2019-04-01,59.476269398830475,53.06845179855883,36.46591846791585,0.11222025525512162,44.57463089869517,42.87747359102981,38.8361451939818,NEUTRAL,HOLD
2019-04-02,80.24279282171184,90.46483273513194,56.296490749556426,0.11337878217161776,44.52416356471024,62.417767354004596,37.28976182008885,NEUTRAL,HOLD
2019-04-03,81.66915704733265,82.66707007088704,58.961083629660884,0.11337642514636621,43.45209022933688,61.32194684455937,42.131615968188164,NEUTRAL,HOLD
2019-04-04,80.23950866739906,80.48918494283632,57.474685899863964,0.11387515015915124,40.48326268786258,59.754493557211724,41.47495374416404,NEUTRAL,HOLD
2019-04-05,83.61377477970507,95.99265203242385,60.757336441130306,0.1156791166037189,41.47632877134227,65.39874747486833,43.62174063628121,NEUTRAL,HOLD
2019-04-06,83.91412104034526,78.48958346582438,61.57945708557925,0.11675815077539585,41.57962694440823,61.28800001273266,42.19430441634825,NEUTRAL,HOLD
2019-04-07,87.89686665886153,84.03710356405595,65.39080550396807,0.11522575840420758,44.02724886381682,64.87650573960838,42.1721285506977,NEUTRAL,HOLD
2019-04-08,90.40267152900519,95.7694492808184,67.95008662499164,0.12065780703290299,44.50336859340881,69.1216166343003,42.87747359102981,NEUTRAL,HOLD
2019-04-09,87.90508428810666,78.37236706616966,65.40045087288213,0.12524836746084145,44.22287032738239,63.48578151540821,62.417767354004596,BULL,DEPLOY_ALTS
2019-04-10,91.01309438449748,95.80321419544757,69.25735072101898,0.13670769765480642,44.20915276344765,69.54762343940791,61.32194684455937,BULL,DEPLOY_ALTS
2019-04-11,83.8136675154886,96.91782090292821,62.09618829668393,0.13581881515454178,42.90419901319253,66.10358586330786,59.754493557211724,NEUTRAL,HOLD
2019-04-12,84.65551829625508,91.92543206664774,63.13314218401024,0.1415975760661642,42.90313175662399,65.31619475441283,65.39874747486833,BULL,DEPLOY_ALTS
2019-04-13,84.42288557710121,75.86309197352179,62.9455315983355,0.13980496384277785,42.81651361917604,61.184367092671934,61.28800001273266,BULL,DEPLOY_ALTS
2019-04-14,86.85122303551583,65.90524386448749,65.13751452032052,0.14125073618609807,42.03505907301191,59.783874298569835,64.87650573960838,BULL,DEPLOY_ALTS
2019-04-15,83.7355117876521,84.88751640816147,62.173554755016,0.14548843775221543,40.34535480043998,62.833602335046024,69.1216166343003,BULL,DEPLOY_ALTS
2019-04-16,88.22614966382454,89.3262570707918,67.07203476613864,0.14813310713058273,41.27202751092198,66.36323883723482,63.48578151540821,BULL,DEPLOY_ALTS
2019-04-17,88.72009954168641,83.52387486793093,67.29097926835502,0.14778362623532046,41.41094651548689,65.11845662864364,69.54762343940791,BULL,DEPLOY_ALTS
2019-04-18,90.14333990033154,94.63427115875308,68.91149373342262,0.1611158600093017,42.86240894776534,68.79427678025019,66.10358586330786,BULL,DEPLOY_ALTS
2019-04-19,90.1038983801339,98.20842247877604,69.13448363982184,0.16333727231121817,43.159859735651494,69.75065842611038,65.31619475441283,BULL,DEPLOY_ALTS
2019-04-20,90.76410680002598,78.63777212812967,69.96197602492448,0.16169064632812452,43.43389916538204,65.24871379051253,61.184367092671934,BULL,DEPLOY_ALTS
2019-04-21,90.27709363364615,100.0,70.12480403185943,0.16472677701147712,42.22158456723313,70.35495636974076,59.783874298569835,NEUTRAL,HOLD
2019-04-22,92.69216361780971,79.28524816384552,72.1327500867551,0.1627946259741465,41.70423054854368,66.2503533924058,62.833602335046024,BULL,DEPLOY_ALTS
2019-04-23,97.03863964273789,69.28987531746247,77.1243754578143,0.16561169261601302,40.41194822519879,65.92497239016213,66.36323883723482,BULL,DEPLOY_ALTS
2019-04-24,94.05436343683968,100.0,74.23312869942231,0.191955335125311,39.878544149725414,72.07958248617771,65.11845662864364,BULL,DEPLOY_ALTS
2019-04-25,85.64136470651154,76.53276349424024,67.3534536678377,0.2092796316855424,38.743752485412294,62.202058212375114,68.79427678025019,BULL,DEPLOY_ALTS
2019-04-26,86.45321956932442,84.75480098108432,70.00843857169617,0.21312151344798919,38.06050952168526,64.96437300959336,69.75065842611038,BULL,DEPLOY_ALTS
2019-04-27,87.38549626132306,71.05982847254204,68.98936845751533,0.22101877896653935,39.06376945377804,61.71800945025828,65.24871379051253,BULL,DEPLOY_ALTS
2019-04-28,86.46583413079865,90.78021400996128,69.07871472160096,0.2233030038433695,37.782250163295295,66.26226715295614,70.35495636974076,BULL,DEPLOY_ALTS
2019-04-29,86.55800956142198,91.02179418648161,67.52394264330191,0.22803303793869917,37.84147888914452,66.04599278831263,66.2503533924058,BULL,DEPLOY_ALTS
2019-04-30,89.81792531854677,76.6412719615359,70.19098877759747,0.22887705344933434,39.2278161116496,64.10100651064987,65.92497239016213,BULL,DEPLOY_ALTS
2019-05-01,91.64502318444792,100.0,71.9820567507896,0.23190189684004983,38.887630532710915,70.8134666432894,72.07958248617771,BULL,DEPLOY_ALTS
2019-05-02,93.845373692068,100.0,74.73140569529875,0.233776307209506,39.18001273722444,72.05296096648402,62.202058212375114,BULL,DEPLOY_ALTS
2019-05-03,100.0,84.41850435372895,82.64190982316568,0.2358713481059981,40.20978235254411,71.68936699053569,64.96437300959336,BULL,DEPLOY_ALTS
2019-05-04,100.0,69.88054307767257,84.71598859076444,0.2367924558258103,39.22564101055678,68.37141645700059,61.71800945025828,BULL,DEPLOY_ALTS
2019-05-05,98.64325335142856,67.08902696018816,83.23245714953048,0.23473446401714548,38.28274354011083,66.87520869899535,66.26226715295614,BULL,DEPLOY_ALTS
2019-05-06,97.43531923151853,83.76327718557549,82.33971637934552,0.23662842419325059,41.687776814840994,70.84363028683163,66.04599278831263,BULL,DEPLOY_ALTS
2019-05-07,100.0,69.31160812811751,85.89504608091329,0.23590641616622077,38.691553953332914,68.41145260597027,64.10100651064987,BULL,DEPLOY_ALTS
2019-05-08,100.0,92.09785961913659,89.2078971920973,0.232228039339556,36.85642992598922,74.58652154170346,70.8134666432894,BULL,DEPLOY_ALTS
2019-05-09,100.0,94.77788586203876,95.1372457734828,0.22605562451919786,35.95599672069066,76.3514286359532,72.05296096648402,BULL,DEPLOY_ALTS
2019-05-10,100.0,79.50254930645762,100.0,0.19564245004267344,35.75803587393939,73.48078728151475,71.68936699053569,BULL,DEPLOY_ALTS
2019-05-11,100.0,100.0,100.0,0.1951481583232442,37.1240212936114,78.74167435310963,68.37141645700059,BULL,DEPLOY_ALTS
2019-05-12,92.3838436326543,100.0,93.19262214014313,0.18858246731844358,37.098839427504295,75.09184883067311,66.87520869899535,BULL,DEPLOY_ALTS
2019-05-13,100.0,100.0,100.0,0.19526261649938625,34.28621201220872,78.45791059369579,70.84363028683163,BULL,DEPLOY_ALTS
2019-05-14,100.0,93.33052992749641,100.0,0.19921922794796146,37.61434120140872,77.12394948620717,68.41145260597027,BULL,DEPLOY_ALTS
2019-05-15,100.0,97.51636923735761,100.0,0.18896206858896875,43.19646944821195,78.72708356444895,74.58652154170346,BULL,DEPLOY_ALTS
2019-05-16,93.26108446617177,92.89879068983423,94.10427622443011,0.18799266606864493,47.50910273954363,74.80298743106076,76.3514286359532,BULL,DEPLOY_ALTS
2019-05-17,84.39130411898653,88.26022420475516,84.24141992611315,0.18722616643885606,47.3359767001176,68.99241286708497,73.48078728151475,BULL,DEPLOY_ALTS
2019-05-18,83.51638931055965,84.1321863823842,83.42881638160246,0.17207134333445617,44.575157681483816,67.25705313473298,78.74167435310963,BULL,DEPLOY_ALTS
2019-05-19,98.72483738215895,100.0,99.39310783693334,0.17009173578265885,44.05384224484602,78.92697076688637,75.09184883067311,BULL,DEPLOY_ALTS
2019-05-20,94.53126689897321,99.0211417927556,95.79657919294631,0.17615830844825536,43.94749828178737,76.6951549309161,78.45791059369579,BULL,DEPLOY_ALTS
2019-05-21,94.3026175460131,94.16109619805127,95.40175097093277,0.177827674602157,45.663332081626265,75.50441686685625,77.12394948620717,BULL,DEPLOY_ALTS
2019-05-22,89.01225186433234,97.70930607206994,89.96627688869148,0.1823463525445091,45.547021666675136,73.70631157460467,78.72708356444895,BULL,DEPLOY_ALTS
2019-05-23,92.52857126997253,93.95237385044688,93.53201549306397,0.18134354856710241,45.924716906431065,74.57274116514444,74.80298743106076,BULL,DEPLOY_ALTS
2019-05-24,93.7050122133513,93.66099222551702,95.60573720799017,0.1645742044470134,46.53791603245574,75.32637689589531,68.99241286708497,BULL,DEPLOY_ALTS
2019-05-25,94.70929747910881,82.09391455213762,96.66158764925504,0.1536337170689364,47.81606971000033,73.07323744017843,67.25705313473298,BULL,DEPLOY_ALTS
2019-05-26,100.0,100.0,100.0,0.15232717183028022,47.08429760183777,79.73127883595832,78.92697076688637,BULL,DEPLOY_ALTS
2019-05-27,100.0,100.0,100.0,0.148121058806354,46.91368489941804,79.71358664876276,76.6951549309161,BULL,DEPLOY_ALTS
2019-05-28,98.04979590691488,96.88879747702661,98.43789658597957,0.14859409152324826,47.33938442036176,78.0809450142917,75.50441686685625,BULL,DEPLOY_ALTS
2019-05-29,95.10346261296674,100.0,97.09259689069386,0.14885712053887487,47.53941582151959,77.72582831226158,73.70631157460467,BULL,DEPLOY_ALTS
2019-05-30,89.16375388116047,86.9356026260034,91.39537992313318,0.1450665629301541,45.89546736777813,71.37340952669297,74.57274116514444,BULL,DEPLOY_ALTS
2019-05-31,93.1341595273406,64.49277799293608,95.7092738347764,0.14411360324985553,47.580768944287385,67.98499105830768,75.32637689589531,BULL,DEPLOY_ALTS
2019-06-01,92.90116496031979,83.02167137583554,95.28164217751365,0.14234794806608048,47.516792708059064,72.45512723057338,73.07323744017843,BULL,DEPLOY_ALTS
2019-06-02,95.52069717553671,70.52661498119535,98.33620420938763,0.13977130267866456,48.05300483712453,70.78136991895164,79.73127883595832,BULL,DEPLOY_ALTS
2019-06-03,86.70832488563944,61.49328859005647,88.8470557152726,0.14011015279227498,49.399728301482924,64.11622010932761,79.71358664876276,BULL,DEPLOY_ALTS
2019-06-04,79.53497042972977,77.02409410141739,80.70764170409387,0.1421152176759305,49.90693358462019,64.27005363620546,78.0809450142917,BULL,DEPLOY_ALTS
2019-06-05,81.61714801500331,79.36401306541133,82.79940247013218,0.14528053255923676,47.309307343805806,65.63875097914473,77.72582831226158,BULL,DEPLOY_ALTS
2019-06-06,81.24618505114117,76.03545631002014,82.90403566859473,0.1507144658393247,49.51290122415114,64.93742401885734,71.37340952669297,BULL,DEPLOY_ALTS
2019-06-07,84.7969111451999,78.40414912942082,86.40967148279461,0.14982862212142223,49.31274176404151,67.27579339219646,67.98499105830768,BULL,DEPLOY_ALTS
2019-06-08,83.45732321480715,56.26602066379876,84.82014245809216,0.1491233554821597,50.05702374616596,61.09580149994918,72.45512723057338,BULL,DEPLOY_ALTS
2019-06-09,78.79965579664757,65.94885101936437,80.25396535571925,0.1614853360204068,50.108774925125644,61.213002857894836,70.78136991895164,BULL,DEPLOY_ALTS
2019-06-10,83.93820083688837,77.06141583114675,85.73515211682572,0.16781699235997324,50.81013432656645,66.70003061372898,64.11622010932761,BULL,DEPLOY_ALTS
2019-06-11,82.76428464285623,68.17351748632855,83.96484438385554,0.17259086886280964,51.48762368189344,63.840284639728885,64.27005363620546,BULL,DEPLOY_ALTS
2019-06-12,85.92574637916155,63.70575616056966,87.9907671479013,0.174970768223301,55.361658865448874,64.86472788524952,65.63875097914473,BULL,DEPLOY_ALTS
2019-06-13,87.0488600855901,76.29903111677945,89.2978863213372,0.1737236642663765,50.79301377839574,68.15435299661885,64.93742401885734,BULL,DEPLOY_ALTS
2019-06-14,93.57460486151211,92.86896297082681,96.54183708921153,0.18165335036020783,45.46050465397594,75.17128808695428,67.27579339219646,BULL,DEPLOY_ALTS
2019-06-15,95.61670984342022,78.08613254185471,98.88411550689287,0.18211807479774153,40.825572394977335,72.09324414058571,61.09580149994918,BULL,DEPLOY_ALTS
2019-06-16,97.67672864560178,69.26615789883465,100.0,0.1850996692697154,40.51658660763277,70.69898167954294,61.213002857894836,BULL,DEPLOY_ALTS
2019-06-17,100.0,76.75348929232577,100.0,0.1882032528436562,40.92928072927652,73.30953088393564,66.70003061372898,BULL,DEPLOY_ALTS
2019-06-18,95.47579773260337,93.83245279706928,96.54145635118357,0.18861504687446326,41.074471558722195,75.54488320218844,63.840284639728885,BULL,DEPLOY_ALTS
2019-06-19,98.4384495577465,100.0,99.39714692267212,0.18225624608612057,41.474561833924525,78.58575887216374,64.86472788524952,BULL,DEPLOY_ALTS
2019-06-20,100.0,82.04397750151037,100.0,0.17951093065035728,39.822435975132095,74.52016461248834,68.15435299661885,BULL,DEPLOY_ALTS
2019-06-21,100.0,81.10950105909221,100.0,0.17838898610779086,41.248627948440905,74.42899640753332,75.17128808695428,BULL,DEPLOY_ALTS
2019-06-22,100.0,92.20044244941774,100.0,0.17531281966569226,42.181990946188144,77.2946066299231,72.09324414058571,BULL,DEPLOY_ALTS
2019-06-23,100.0,100.0,100.0,0.16971820095775098,41.188536162173065,79.14431134636096,70.69898167954294,BULL,DEPLOY_ALTS
2019-06-24,100.0,100.0,100.0,0.16472660005279652,40.74949642854442,79.09965863286237,73.30953088393564,BULL,DEPLOY_ALTS
2019-06-25,100.0,88.14593293386909,100.0,0.1656042758723325,39.42023933832412,76.00334780868053,75.54488320218844,BULL,DEPLOY_ALTS
2019-06-26,100.0,100.0,100.0,0.16444354037179532,37.7068414277407,78.79535067382984,78.58575887216374,BULL,DEPLOY_ALTS
2019-06-27,82.50559474701117,72.2881699655585,81.968564400661,0.16485293110479346,38.3146969224306,63.07363142753395,74.52016461248834,BULL,DEPLOY_ALTS
2019-06-28,93.15981912677181,92.38999301875658,93.33746237639461,0.1648245010530376,36.134862795681414,73.3511464227257,74.42899640753332,BULL,DEPLOY_ALTS
2019-06-29,88.64447437403497,91.68916231678736,89.44768761657892,0.17177399239826807,39.4889112030164,71.37982763388449,77.2946066299231,BULL,DEPLOY_ALTS
2019-06-30,77.78972795004508,70.45285685459991,78.69344755526417,0.17081913191501222,38.61621504369691,60.57606648387328,79.14431134636096,BULL,DEPLOY_ALTS
2019-07-01,75.0624688432433,64.72569898907669,76.1489164994026,0.1731230216957655,40.531741437062266,58.00909129708327,79.09965863286237,BULL,DEPLOY_ALTS
2019-07-02,76.59640423162809,73.15506102131323,77.83807094816665,0.17592863983427856,39.342237776299825,60.79591378805519,76.00334780868053,BULL,DEPLOY_ALTS
2019-07-03,86.97891781602493,88.72992107279342,88.95880607811918,0.18199077584788081,37.16234390325089,69.81144983533194,78.79535067382984,BULL,DEPLOY_ALTS
2019-07-04,79.3304192665143,79.01272856911015,81.54690833751881,0.1841384329680579,36.344065121184656,63.52371686679927,63.07363142753395,BULL,DEPLOY_ALTS
2019-07-05,77.49940658461387,87.67144373462412,79.06809484961353,0.1852623364629753,37.20675901008105,64.72976713044045,73.3511464227257,BULL,DEPLOY_ALTS
2019-07-06,79.2028500935835,83.17724571885347,81.7917558922198,0.1821086448162393,35.74752996201532,64.51558692915634,71.37982763388449,BULL,DEPLOY_ALTS
2019-07-07,81.20254867766673,70.77981509029014,83.18961120044527,0.18087987897402283,38.53590295266498,62.57436289307421,60.57606648387328,BULL,DEPLOY_ALTS
2019-07-08,88.3736471029328,91.65976868975385,91.03708121803024,0.188070523251879,37.23408731800741,71.38607185721288,58.00909129708327,NEUTRAL,HOLD
2019-07-09,90.00316856128063,79.98826262743376,93.6180337252515,0.1920793174475902,36.584611959830895,69.40889606389315,60.79591378805519,BULL,DEPLOY_ALTS
2019-07-10,84.82601350769701,63.63340429170932,89.79661199890148,0.18558774318334095,34.35744880279084,62.77906056677332,69.81144983533194,BULL,DEPLOY_ALTS
2019-07-11,77.37507186918442,58.33239770941672,82.10499320891621,0.1854117018550298,33.85727808802791,57.630159193973796,63.52371686679927,BULL,DEPLOY_ALTS
2019-07-12,81.50374542586525,79.12289145295496,86.02199519281936,0.18274651657961,32.2635207753752,64.69000958458665,64.72976713044045,BULL,DEPLOY_ALTS
2019-07-13,77.19382887520408,62.947860642298906,82.16750395369294,0.18596045882884485,33.981831984561666,58.754691881155026,64.51558692915634,BULL,DEPLOY_ALTS
2019-07-14,67.79560746334599,57.055878827685,71.14996339453896,0.181972883580036,32.285549065248645,52.08849546389471,62.57436289307421,BULL,DEPLOY_ALTS
2019-07-15,73.28555745090262,62.5337965755642,77.08064737937208,0.1835486150424091,30.80683640842807,56.14346178813542,71.38607185721288,BULL,DEPLOY_ALTS
2019-07-16,60.49491753522561,59.82868562229595,63.80059347527918,0.18431414074996352,31.26528781042623,49.01994126335262,69.40889606389315,BULL,DEPLOY_ALTS
2019-07-17,62.118937262221685,48.03746179388458,64.87911406452672,0.18591709754769625,33.67613129160338,47.01637013383549,62.77906056677332,BULL,DEPLOY_ALTS
2019-07-18,70.57700994015453,48.66683784253975,74.20273666346463,0.1872044275993407,33.474105779544814,51.555851017468605,57.630159193973796,NEUTRAL,HOLD
2019-07-19,69.06332596494404,46.61754199447873,73.15622248748575,0.1854138384004341,32.78824904052611,50.31126476541272,64.69000958458665,BULL,DEPLOY_ALTS
2019-07-20,71.77611351799924,75.778080340133,75.3420090193434,0.18305428758939046,34.023224030715596,58.97553649051167,58.754691881155026,NEUTRAL,HOLD
2019-07-21,69.2075558738103,60.34801177286761,73.65081465183445,0.18180826178498527,33.04674342739435,53.91137821773407,52.08849546389471,NEUTRAL,HOLD
2019-07-22,66.77670319292976,63.27928867146711,71.03737075065825,0.18221746589532006,32.86790670139119,53.374430565900774,56.14346178813542,NEUTRAL,HOLD
2019-07-23,62.83847524135234,53.45286184399627,67.0716444641791,0.17975502634007035,34.55389327457719,49.111439507649315,49.01994126335262,NEUTRAL,HOLD
2019-07-24,61.86231921895917,50.700216649404716,65.69596170170597,0.18348994831733306,35.946983808462036,47.995164141473936,47.01637013383549,NEUTRAL,HOLD
2019-07-25,62.71020109421702,56.32434749989385,66.38499622603688,0.1812296647027358,37.96163137983341,49.9944940361347,51.555851017468605,NEUTRAL,HOLD
2019-07-26,62.09989166321923,62.78911441840583,66.01238889470173,0.18116583051584745,39.61169337038617,51.51806809412357,50.31126476541272,NEUTRAL,HOLD
2019-07-27,58.68454767023729,53.30093325271055,62.1552465512074,0.17945255409107375,38.15730989507586,47.20429579711155,58.97553649051167,NEUTRAL,HOLD
2019-07-28,59.37531759389293,63.456266826650264,62.93146886515446,0.17583607801079934,40.85505722589829,50.374836892152786,53.91137821773407,NEUTRAL,HOLD
2019-07-29,57.642880396228,60.67313428937868,62.64694228031564,0.1747112430499372,38.08276059441608,48.825018893175304,53.374430565900774,NEUTRAL,HOLD
2019-07-30,58.30296865127793,50.57875763147064,63.14302709106744,0.17434939263565372,37.673835757276976,46.55772140608757,49.111439507649315,NEUTRAL,HOLD
2019-07-31,62.22808167288968,66.57474856000788,67.78571223386459,0.17342863664279495,35.88204988092008,52.48347337223021,47.995164141473936,NEUTRAL,HOLD
2019-08-01,64.99305586908208,55.11382444754496,70.54762116099718,0.1703701520286351,35.911316444489785,51.00258427206357,49.9944940361347,NEUTRAL,HOLD
2019-08-02,65.94667963913477,68.71711958429194,72.06120330039573,0.16168768978821413,37.9624741043596,55.19602501179675,51.51806809412357,NEUTRAL,HOLD
2019-08-03,68.19880692979966,71.84475590081843,74.46045611621649,0.15814666033556785,37.69875605080249,57.10651988151839,47.20429579711155,NEUTRAL,HOLD
2019-08-04,69.54374854367002,69.716308415024,75.887321577833,0.15318623030865106,36.006847201944915,57.093328637164404,50.374836892152786,NEUTRAL,HOLD
2019-08-05,75.73678450496388,64.40341480942301,83.98626599537418,0.1584153446970021,35.95325579862421,59.23823013448672,48.825018893175304,NEUTRAL,HOLD
2019-08-06,72.20074163140217,71.51593919432608,80.94885407325728,0.15741551099274784,34.37748698248912,59.19033912755145,46.55772140608757,NEUTRAL,HOLD
2019-08-07,76.34782075468092,71.47897801139186,85.17743264250674,0.14988445685689705,34.92780311229889,61.32484023751201,52.48347337223021,NEUTRAL,HOLD
2019-08-08,75.67952952298849,65.80485109587846,85.5524578761268,0.14596736583581696,35.711964071558185,59.85865471812271,51.00258427206357,NEUTRAL,HOLD
2019-08-09,74.78308350945608,66.90130845144249,83.80461557557238,0.14342988909489107,35.619647913802126,59.50465455555637,55.19602501179675,NEUTRAL,HOLD
2019-08-10,70.06821903232549,64.21045928058425,78.74797789870995,0.13953066548375703,36.79428216670318,56.52303392607858,57.10651988151839,NEUTRAL,HOLD
2019-08-11,71.76755323345165,66.18448018098894,80.72896178492415,0.1360643484951977,37.95522603231084,58.03811062777293,57.093328637164404,NEUTRAL,HOLD
2019-08-12,70.39634114354581,55.74304534843236,79.03343475503443,0.1302098596732798,37.21638006081185,54.6025201162109,59.23823013448672,NEUTRAL,HOLD
2019-08-13,65.95624862364913,65.08876718522052,74.45096621708265,0.12875122265602432,40.834850454273685,55.05205735564217,59.19033912755145,NEUTRAL,HOLD
2019-08-14,58.91473312959985,55.867458109108135,66.04783438103286,0.1261983955087118,41.253716241464566,48.99515272583632,61.32484023751201,BULL,DEPLOY_ALTS
2019-08-15,61.22962846053257,59.71472117581364,68.6041067344753,0.12240585535635856,41.06690502825414,51.143441560137106,59.85865471812271,NEUTRAL,HOLD
2019-08-16,61.682935604316704,55.22850599385691,68.8065012813755,0.1191914018134419,39.14252112370084,50.005438258676435,59.50465455555637,NEUTRAL,HOLD
2019-08-17,60.28136917692666,45.505634000428905,67.79379061924988,0.1173906561541381,40.031386485855016,47.04032462404382,56.52303392607858,NEUTRAL,HOLD
2019-08-18,61.2535674485189,44.826439934689674,68.52677236847379,0.11969646767496286,41.97780535117419,47.50376969719151,58.03811062777293,NEUTRAL,HOLD
2019-08-19,65.70943078937613,65.85162672778958,73.9284278735704,0.12003704074541463,41.15594242696259,55.09502129228238,54.6025201162109,NEUTRAL,HOLD
2019-08-20,64.61139779595567,60.14300462650416,72.42237369860561,0.11881884738135622,40.556404845151626,52.97710854675623,55.05205735564217,NEUTRAL,HOLD
2019-08-21,59.04030489996016,48.6343785286172,66.56480237331232,0.12020712221022217,41.29098989087995,47.33077663422434,48.99515272583632,NEUTRAL,HOLD
2019-08-22,59.21181095496508,50.821933752877804,66.53646914051859,0.12046718575916025,41.25772297642312,47.92016292831888,51.143441560137106,NEUTRAL,HOLD
2019-08-23,61.2566803026074,57.22608139453028,68.87254320026635,0.11938856567739665,39.594018361381735,50.43534320045784,50.005438258676435,NEUTRAL,HOLD
2019-08-24,59.022381049861096,58.13293434006874,66.56557607734486,0.11882571684303858,39.94415957637032,49.56530293060798,47.04032462404382,NEUTRAL,HOLD
2019-08-25,58.593025168294055,55.164074393925034,65.99195358812226,0.1189972727971929,39.265777128210864,48.511744170334595,47.50376969719151,NEUTRAL,HOLD
2019-08-26,60.65301055365926,49.20524499382991,68.20561638859178,0.11804980824106426,39.55935340458382,48.11198050396815,55.09502129228238,NEUTRAL,HOLD
2019-08-27,58.973225762280926,47.34766859438796,66.58757795692028,0.11708897379566627,39.33822937883961,46.797786752618634,52.97710854675623,NEUTRAL,HOLD
2019-08-28,55.331176419826654,51.50768716111372,62.680039016411996,0.11524179121626396,38.32723865597004,45.86229265378827,47.33077663422434,NEUTRAL,HOLD
2019-08-29,53.37590388613349,55.30668745608443,60.14001049082513,0.1179448949705051,38.838193352235265,45.76895619749528,47.92016292831888,NEUTRAL,HOLD
2019-08-30,54.150307802659995,53.934992144125594,61.058465942766446,0.11730902635764602,38.764536121722934,45.83458353150863,50.43534320045784,NEUTRAL,HOLD
2019-08-31,54.366846416589375,56.07809924597821,61.18142099417941,0.117500289480401,40.58399568321484,46.64188754705079,49.56530293060798,NEUTRAL,HOLD
2019-09-01,55.61424066377335,47.246280009311796,62.26408455948182,0.11854775620198796,40.33570052686518,45.00001132947313,48.511744170334595,NEUTRAL,HOLD
2019-09-02,60.54698723511665,53.74102085617359,67.7087867571103,0.11869101301011772,40.13990851012228,49.1729032389642,48.11198050396815,NEUTRAL,HOLD
2019-09-03,62.37687743507677,62.62862693447758,70.39078667525057,0.11967832555664078,39.95457561792779,52.46178660981881,46.797786752618634,NEUTRAL,HOLD
2019-09-04,61.9305890519316,49.60642962717992,69.88647881828014,0.11295218438212959,40.22857535021681,48.997880248709485,45.86229265378827,NEUTRAL,HOLD
2019-09-05,61.838360474970976,62.3494765388888,69.78467547784562,0.11580422100815527,40.11268729627185,52.124451735561024,45.76895619749528,NEUTRAL,HOLD
2019-09-06,59.09591727923838,57.62912380995463,67.68845686928142,0.11883400854812042,41.25672397276687,49.817245008675364,45.83458353150863,NEUTRAL,HOLD
2019-09-07,60.34802312579497,54.3665202079511,68.6451954650237,0.11924076508593093,42.98465680745126,49.741427878239016,46.64188754705079,NEUTRAL,HOLD
2019-09-08,59.572343043412815,65.43871149664575,68.05056015500591,0.12096548109030433,44.95617120927161,52.35525476127718,45.00001132947313,NEUTRAL,HOLD
2019-09-09,58.918215845284486,51.690960446824164,67.22624902316664,0.12027818385101108,44.26776507154122,48.48827290465649,49.1729032389642,NEUTRAL,HOLD
2019-09-10,56.893292450084466,65.63986143475938,65.31522965500747,0.12043781625813733,43.91340784307138,50.950405481462546,52.46178660981881,NEUTRAL,HOLD
2019-09-11,57.08650862435507,66.41190360328757,65.53004338851042,0.12127159509291771,43.764111472275694,51.22953905232201,48.997880248709485,NEUTRAL,HOLD
2019-09-12,59.12690087491751,56.80238222231292,67.77516457216848,0.1452573775528498,42.49837564480349,49.76532490360045,52.124451735561024,NEUTRAL,HOLD
2019-09-13,58.583261208088274,52.87609152410997,67.29114587693833,0.14569123373949805,43.665405435184326,48.640624647421,49.817245008675364,NEUTRAL,HOLD
2019-09-14,58.67817442869834,54.62350624449169,67.17251850133782,0.14650341199820466,45.24201549113531,49.24000965091325,49.741427878239016,NEUTRAL,HOLD
2019-09-15,58.167489293445755,50.72299346027877,66.7076658460532,0.14584883394494194,46.057500833346495,48.100155730740454,52.35525476127718,NEUTRAL,HOLD
2019-09-16,57.74197079476917,57.51328940315642,66.30522236593622,0.14506559934957441,46.97918539820651,49.681636442130184,48.48827290465649,NEUTRAL,HOLD
2019-09-17,57.18681848074419,50.81391628039891,65.64685598514511,0.14395797688890682,47.99581327863889,47.81007083574924,50.950405481462546,NEUTRAL,HOLD
2019-09-18,56.79162806454892,61.22530359895979,65.18429300391453,0.14245019868340625,48.65257589800398,50.26729803949044,51.22953905232201,NEUTRAL,HOLD
2019-09-19,57.61351480344595,50.943418231989554,65.99143362094546,0.1431232399727641,50.55545186028252,48.295209395244434,49.76532490360045,NEUTRAL,HOLD
2019-09-20,56.77674924869176,51.48661945082026,65.2490243175047,0.14036902916123034,49.94798423010223,47.97033827819794,48.640624647421,NEUTRAL,HOLD
2019-09-21,55.26834555525979,56.07911586120091,63.536318882242114,0.14020619765779666,49.51849381239739,48.280426719214994,49.24000965091325,NEUTRAL,HOLD
2019-09-22,55.734260253575364,56.171137231853926,63.88760053926135,0.1397051270335268,49.38299160692773,48.49983742163616,48.100155730740454,NEUTRAL,HOLD
2019-09-23,52.87364563404077,33.594303590217585,60.714752318534046,0.14023893096209028,48.41263881281452,41.2659197723992,49.681636442130184,NEUTRAL,HOLD
2019-09-24,44.25445188571805,44.24078314578968,51.572576040843245,0.14155769539374455,46.79747942821054,39.352028157461596,47.81007083574924,NEUTRAL,HOLD
2019-09-25,42.85707957313831,42.306278460449576,49.20930232719748,0.1455567199598523,48.386871337897944,38.136074594277154,50.26729803949044,NEUTRAL,HOLD
2019-09-26,40.37004427203349,44.65378078849282,46.02100672954762,0.14545942799885245,48.85450988473631,37.38592972731623,48.295209395244434,NEUTRAL,HOLD
2019-09-27,41.1552383756648,32.293242571699494,46.7825363063297,0.14606438368276053,50.80619879601295,34.87891895404396,47.97033827819794,NEUTRAL,HOLD
2019-09-28,41.323211864620085,41.21598213774921,47.14975819480131,0.1434944031561948,50.649124910020106,37.21734738425903,48.280426719214994,NEUTRAL,HOLD
2019-09-29,40.21406649092324,32.55830205350605,45.67021058545316,0.14261631561927512,50.841061238028246,34.44333614888983,48.49983742163616,NEUTRAL,HOLD
2019-09-30,42.02948304466753,32.23565863834124,47.54702601781449,0.1439988196899787,51.28462649576103,35.327227249078064,41.2659197723992,NEUTRAL,HOLD
2019-10-01,42.35393731407059,37.344368612852975,48.40127803322833,0.1459362607583922,51.72070940741273,36.916490333935116,39.352028157461596,NEUTRAL,HOLD
2019-10-02,42.76257340637932,38.59368993904198,48.236373572299335,0.1473966770043358,52.23542929305169,37.370121651989976,38.136074594277154,NEUTRAL,HOLD
2019-10-03,41.898341322935664,37.17920683931016,46.636993959456326,0.14701388481770952,52.746464362134226,36.488401417535584,37.38592972731623,NEUTRAL,HOLD
2019-10-04,41.187580464271996,36.762773271825274,46.444007805876566,0.14868269562313616,53.313440437986756,36.189415466555374,34.87891895404396,BEAR,EXIT
2019-10-05,40.9925840001163,40.004295468817155,46.28385465630138,0.14550669248329504,53.41273576041286,36.91871957841323,37.21734738425903,NEUTRAL,HOLD
2019-10-06,38.63834093636716,35.40274600677337,43.994210084841015,0.14340126678781268,53.57423546175599,34.61996453576546,34.44333614888983,BEAR,EXIT
2019-10-07,41.73003152352569,39.332830467562815,46.64751896956773,0.1449043968484891,53.26991796165968,37.0304483235552,35.327227249078064,NEUTRAL,HOLD
2019-10-08,41.428805605161266,41.651463695850026,46.62116126806731,0.14499767030077523,52.66760534618842,37.4542500442883,36.916490333935116,NEUTRAL,HOLD
2019-10-09,44.808599460447944,35.98076380564096,50.182428456476394,0.14551194925827818,53.197675012903694,37.815850774519014,37.370121651989976,NEUTRAL,HOLD
2019-10-10,44.639169985647726,44.21657110878587,50.05836956589014,0.14596663739534116,52.406397382424366,39.72010241992055,36.488401417535584,NEUTRAL,HOLD
2019-10-11,42.265004969024176,40.1418925436776,47.4575172668977,0.1461639489538164,52.06933531323061,37.43533620367232,36.189415466555374,NEUTRAL,HOLD
2019-10-12,42.5401380748687,32.42576075307282,47.72263719839227,0.1237829419862112,52.04652554182209,35.63622904588741,36.91871957841323,NEUTRAL,HOLD
2019-10-13,42.27759129986595,35.16357605592995,47.53590658015916,0.12336594654101754,52.25226556546921,36.22508416850218,34.61996453576546,BEAR,EXIT
2019-10-14,42.42144665175973,33.303689754887934,48.048561488447454,0.12322001570085322,51.878376238332955,35.868389358127814,37.0304483235552,NEUTRAL,HOLD
2019-10-15,40.93473867054388,38.29790852862934,46.473962843469685,0.12366118118765318,51.23717101467465,36.29195758066005,37.4542500442883,NEUTRAL,HOLD
2019-10-16,39.665019129646986,34.10654735377446,44.95637894638644,0.12437313131358746,49.558457986949755,34.39192013500701,37.815850774519014,NEUTRAL,HOLD
2019-10-17,40.26123374587118,36.64317049026445,45.580732910447864,0.1254576465950647,47.6226424788691,35.13639222329321,39.72010241992055,NEUTRAL,HOLD
2019-10-18,39.34193333022213,39.01999602540342,44.45566086439554,0.12658075168262434,46.944262110980006,35.162124502147,37.43533620367232,NEUTRAL,HOLD
2019-10-19,39.2531363093959,33.05159991728024,44.37934372042804,0.12843475962389655,45.41616853577778,33.4755916837458,35.63622904588741,NEUTRAL,HOLD
2019-10-20,41.46773216866434,35.74918856654852,46.7222079368479,0.12995978326166344,45.25051365464442,35.2666037125597,36.22508416850218,NEUTRAL,HOLD
2019-10-21,41.4767623459708,40.16221243767467,46.824296297946944,0.13043291350738612,44.84532421927556,36.35253843175296,35.868389358127814,NEUTRAL,HOLD
2019-10-22,39.97245155065936,42.23677582007067,45.21592186927425,0.1300921237992262,45.780632003438186,36.19169081298403,36.29195758066005,NEUTRAL,HOLD
2019-10-23,35.296891810409,38.18604801107485,39.964567157869624,0.12998293657769797,46.751428923565705,32.82313331030856,34.39192013500701,BEAR,EXIT
2019-10-24,35.3948066561812,27.503990034143765,39.64926865439059,0.1307299581753817,48.89329805036219,30.333232535030945,35.13639222329321,NEUTRAL,HOLD
2019-10-25,45.418872472758345,35.94607467812627,50.71893453638431,0.13003607697195507,46.76203486804229,37.45167621698595,35.162124502147,NEUTRAL,HOLD
2019-10-26,50.201450154154884,40.13925876693174,55.8326156740521,0.1324066656581071,43.49749794866785,40.63138366750532,33.4755916837458,BEAR,EXIT
2019-10-27,52.70720391320697,31.878113788390756,58.38731317147891,0.13227295706647313,42.34805051881894,39.713798250797424,35.2666037125597,NEUTRAL,HOLD
2019-10-28,50.56035233972188,37.69809872368552,55.97277930364981,0.13444262478709007,43.01047605200278,40.10840024248624,36.35253843175296,NEUTRAL,HOLD
2019-10-29,51.37869798605238,38.113046920162496,57.45935226520507,0.15446007618356078,44.06222249202189,40.863132839527076,36.19169081298403,NEUTRAL,HOLD
2019-10-30,49.26834406979273,37.1215026575053,55.292086932849706,0.15264066227032735,42.66166926952996,39.408359298177636,32.82313331030856,BEAR,EXIT
2019-10-31,49.00538039685352,36.316261288117644,55.081341369255846,0.14985904376499357,42.753200913084214,39.094746662809804,30.333232535030945,BEAR,EXIT
2019-11-01,49.68495285336642,36.128388620988986,55.79212708748484,0.14787918781957018,42.50526913414669,39.36871722034174,37.45167621698595,NEUTRAL,HOLD
2019-11-02,50.061399414780894,37.554763035112096,56.39089741389609,0.1465395224160893,42.33610574708292,39.94088156906221,40.63138366750532,NEUTRAL,HOLD
2019-11-03,49.295036217243556,38.398802563722576,55.46730612955757,0.1451336577266552,42.451113096450676,39.748554090319296,39.713798250797424,NEUTRAL,HOLD
2019-11-04,50.995387720733476,37.73698398021565,57.01902014057912,0.1447408978857887,42.50523486564091,40.408900960636736,40.10840024248624,NEUTRAL,HOLD
2019-11-05,50.4623999067742,41.52500043177294,56.27545903702724,0.1457010813516202,43.35240797006911,41.132157846590594,40.863132839527076,NEUTRAL,HOLD
2019-11-06,50.64278228171665,37.13309700970716,56.6033821608308,0.14307304602640666,42.88358550774537,40.10660487678644,39.408359298177636,NEUTRAL,HOLD
2019-11-07,49.394933305699965,37.567413041514676,55.496137570590896,0.1430611324404271,42.4668642143332,39.57770635750622,39.094746662809804,NEUTRAL,HOLD
2019-11-08,45.911233964046026,32.82376840051981,51.62388844563067,0.14204027886955686,42.74785379464645,36.60018139976498,39.36871722034174,NEUTRAL,HOLD
2019-11-09,46.08245452254114,38.05746302697376,51.72840590755784,0.14089973002805825,43.291357266010344,38.0350539811226,39.94088156906221,NEUTRAL,HOLD
2019-11-10,48.02216596258448,46.95015661121316,53.82030908844292,0.1402820378269821,43.95597629337363,41.32489069427862,39.748554090319296,NEUTRAL,HOLD
2019-11-11,45.23560992115586,39.85686664558068,50.96110173883518,0.13961682192535801,44.55085566703594,38.20314807550136,40.408900960636736,NEUTRAL,HOLD
2019-11-12,45.85516602302969,34.74007526764227,51.635336356090036,0.1391469812378791,44.32635137564984,37.22214307978815,41.132157846590594,NEUTRAL,HOLD
2019-11-13,45.53546319790468,34.649652470618335,51.289713145630024,0.13913747948629376,43.948435225035624,36.99670885057851,40.10660487678644,NEUTRAL,HOLD
2019-11-14,44.52225320866531,45.27553202855976,50.19769455479663,0.13804171029182993,44.19545769082117,39.15534990632476,39.57770635750622,NEUTRAL,HOLD
2019-11-15,43.018033224795566,40.40573607568568,48.63123178416732,0.13772963862691884,44.43128435935256,37.19687822492285,36.60018139976498,NEUTRAL,HOLD
2019-11-16,43.12395362534616,36.948954015409264,48.76002525673058,0.13780443408836313,44.68918490365813,36.41601879828135,38.0350539811226,NEUTRAL,HOLD
2019-11-17,43.355144850205676,38.88937426634569,48.854123231300456,0.1376105066674331,45.216236097211926,37.04197685362952,41.32489069427862,NEUTRAL,HOLD
2019-11-18,40.668903371547884,32.69916279628601,46.081755671999645,0.13523608547489174,45.57459986765819,34.16955824452285,38.20314807550136,NEUTRAL,HOLD
2019-11-19,40.12464025329391,34.65030734396101,45.494103526080835,0.13472204443345276,45.81252087581178,34.40025001144079,37.22214307978815,NEUTRAL,HOLD
2019-11-20,39.821373361623145,32.59344359769539,45.09724759318949,0.13428338416351399,45.97990705892013,33.73235564006523,36.99670885057851,NEUTRAL,HOLD
2019-11-21,35.9631593288585,28.697958247789696,40.909941238808045,0.13621551658123343,45.03921548800997,30.669779484654768,39.15534990632476,NEUTRAL,HOLD
2019-11-22,33.26762984420711,25.482573744263306,37.84615352151594,0.13543356336555157,43.7253143375429,28.31300956189027,37.19687822492285,NEUTRAL,HOLD
2019-11-23,33.75817959571202,36.62477724024838,37.998960320688845,0.13355009293161219,44.098109351319216,31.313283701985135,36.41601879828135,NEUTRAL,HOLD
2019-11-24,30.501175505028836,22.763008607294083,34.627793496551426,0.13096364605745262,44.40519973622189,26.22682802317327,37.04197685362952,NEUTRAL,HOLD
2019-11-25,32.257963323787024,22.347594227727583,36.281145068262084,0.1318190805440951,47.15790361746372,27.256079791548405,34.16955824452285,BEAR,EXIT
2019-11-26,32.56776273598494,21.844421786524038,36.64128003157025,0.13096665341154534,47.41735379940037,27.32107065169231,34.40025001144079,BEAR,EXIT
2019-11-27,35.72412278630693,28.101371671988968,39.58718670837528,0.1294038903580615,46.52871533081231,30.33229921219932,33.73235564006523,BEAR,EXIT
2019-11-28,34.96658676331573,34.44054551731525,39.17995151445247,0.11161904617805964,45.43057041893401,31.495902610034136,30.669779484654768,BEAR,EXIT
2019-11-29,37.664780690893814,28.33799544765242,41.72674565329535,0.1125470641550644,45.35368336782799,31.28153259624638,28.31300956189027,BEAR,EXIT
2019-11-30,36.0535050825102,24.401734445191885,40.2398765718366,0.11338193290168042,45.640511476726964,29.545518888026297,31.313283701985135,BEAR,EXIT
2019-12-01,34.87595562699649,27.167291087639857,38.880357068568664,0.11321301318959742,46.245430335175755,29.67220585921866,26.22682802317327,BEAR,EXIT
2019-12-02,34.068707810562465,28.35089520280655,38.0077405905893,0.11501836707243043,46.42027523951297,29.569164541000404,27.256079791548405,BEAR,EXIT
2019-12-03,34.02371403760117,31.733865021714802,37.803256626919534,0.11622446984870985,46.07579536886283,30.32624499945655,27.32107065169231,BEAR,EXIT
2019-12-04,33.28456864116596,33.74765891736891,37.11893935991666,0.11679888961243844,45.92758250924791,30.456351278042007,30.33229921219932,BEAR,EXIT
2019-12-05,34.96310688892571,28.446949340943288,38.6003834860292,0.11572775015463987,44.85596147260473,29.823701408903045,31.495902610034136,BEAR,EXIT
2019-12-06,36.12771615624495,29.295623415646187,40.01957877847289,0.11710622717411327,44.240447135673975,30.607747104123124,31.28153259624638,BEAR,EXIT
2019-12-07,35.94193126290005,31.67715174101514,39.68165907272794,0.11763745752363679,44.328131060577526,31.088657853355688,29.545518888026297,BEAR,EXIT
2019-12-08,36.09581408326542,29.6293264810127,39.81473945283477,0.11855972120145787,44.01625948066149,30.61843364204612,29.67220585921866,BEAR,EXIT
2019-12-09,34.47819973139741,28.819259462398428,38.35915452690612,0.12041395212636118,43.84360611543939,29.62252839476295,29.569164541000404,BEAR,EXIT
2019-12-10,33.57126022745442,28.147045033625552,37.340350335706326,0.13108887557297483,44.10513736855074,29.006386461974998,30.32624499945655,BEAR,EXIT
2019-12-11,33.33583697689716,23.599547238497514,37.013756640043944,0.13221673454415153,43.37672223491026,27.660893964374964,30.456351278042007,BEAR,EXIT
2019-12-12,33.306034852653774,23.792314670825533,37.04679054031265,0.13294017257492358,43.613758783407484,27.730564135792033,29.823701408903045,BEAR,EXIT
2019-12-13,33.778789452196015,29.112368668671902,37.47114155948413,0.1327653368869385,42.99672921400218,29.225545036656865,30.607747104123124,BEAR,EXIT
2019-12-14,32.2767529283769,27.685165274159402,35.97918835579458,0.13338822763936783,43.268633772240484,28.14702647958179,31.088657853355688,BEAR,EXIT
2019-12-15,32.6398739904419,20.747544017321047,36.22604655653868,0.13370089907268579,43.38302662766429,26.582415310397902,30.61843364204612,BEAR,EXIT
2019-12-16,30.679855364237046,28.230523517057875,34.3569722243074,0.13400059425454797,41.70446270757101,27.323528293292345,29.62252839476295,BEAR,EXIT
2019-12-17,28.35838998955057,22.646989370918508,31.890706497548365,0.1342252193570833,40.24167419154474,24.591706841162505,29.006386461974998,BEAR,EXIT
2019-12-18,34.38866469222923,24.245320702574354,37.74828583864087,0.1362873243745798,39.81702621766887,27.92973247146361,27.660893964374964,BEAR,EXIT
2019-12-19,33.17741651149223,29.703534887505654,36.64719339662598,0.13834309803042727,39.36759512521133,28.66605833187498,27.730564135792033,BEAR,EXIT
2019-12-20,33.514398517173014,29.5027737641417,36.947982626260426,0.13967071357130287,39.32384124488174,28.77294425296328,29.225545036656865,BEAR,EXIT
2019-12-21,33.13675864641854,34.26620522168476,36.55513374577047,0.13756575349872094,40.01535350124558,29.840775861650215,28.14702647958179,BEAR,EXIT
2019-12-22,36.1359633974523,34.450760808904406,39.68965383510178,0.13817831971662325,40.75387691156255,31.487524427595893,26.582415310397902,BEAR,EXIT
2019-12-23,34.75280271858401,26.54593405973143,38.30785280043988,0.1383405821018111,39.91315954242501,28.73596193215381,27.323528293292345,BEAR,EXIT
2019-12-24,33.99245340127651,21.30344275330359,37.68998864252773,0.13774133879802786,40.907319962127964,27.172987634246894,24.591706841162505,BEAR,EXIT
2019-12-25,33.71118992338838,21.686952760625243,37.12867911992395,0.13532923190989649,40.198410053369095,27.00097138128101,27.92973247146361,BEAR,EXIT
2019-12-26,33.76330153387289,32.1180889492627,37.170776420862325,0.13487213950877647,40.17808654556087,29.63070745713241,28.66605833187498,BEAR,EXIT
2019-12-27,34.16588027162798,26.417398722732578,37.52743281993631,0.13429327314843806,40.53720196307544,28.433464513438608,28.77294425296328,BEAR,EXIT
2019-12-28,34.792179624760124,27.70056345719113,38.074499436866844,0.13410228228729348,40.95607281810093,29.093417263252373,29.840775861650215,BEAR,EXIT
2019-12-29,35.62945881823856,29.713056256228764,38.85461222726308,0.1335878930409535,42.53171483017192,30.16123382195471,31.487524427595893,BEAR,EXIT
2019-12-30,34.18392814644867,31.76585521540492,37.46801600021484,0.13374683270702864,42.1900398301341,29.929311455748262,28.73596193215381,BEAR,EXIT
2019-12-31,33.65664897162379,25.89266932939426,37.06175610751902,0.13373232272976604,41.49120763475137,28.151693857224103,27.172987634246894,BEAR,EXIT
2020-01-01,33.693490176208144,33.33237925117886,37.05239043549427,0.1316149905655143,41.79557316040028,30.050919517380866,27.00097138128101,BEAR,EXIT
2020-01-02,31.710720605218295,23.52212672200522,34.97838833956975,0.13056820800772323,42.24619200012466,26.633629961194366,29.63070745713241,BEAR,EXIT
2020-01-03,34.99868369408561,32.70245816422791,38.02483301929425,0.1313039966884674,42.368244610100525,30.53670631365483,28.433464513438608,BEAR,EXIT
2020-01-04,35.26430931180002,32.59150470946413,38.48796319147896,0.12873955898945252,42.51535693715221,30.69560823676547,29.093417263252373,BEAR,EXIT
2020-01-05,35.28928349609063,31.17694131021707,38.47668873083052,0.12820582084283283,43.12494248872115,30.408083244546102,30.16123382195471,BEAR,EXIT
2020-01-06,39.01998192853434,25.754842828876214,41.95414097844453,0.12819130962501593,43.676036290241235,30.92236580693614,29.929311455748262,BEAR,EXIT
2020-01-07,42.28850553706876,39.91760035309731,45.67939226719843,0.12658922262615155,41.458714927154794,35.96669007894405,28.151693857224103,BEAR,EXIT
2020-01-08,41.568627067242815,29.44159123866023,44.752417883436244,0.12355830371117354,41.24784916934411,32.92478816901624,30.050919517380866,BEAR,EXIT
2020-01-09,39.358292087542836,32.48815183440743,42.82110821117319,0.11261690710279877,41.26124939187798,32.636764702352565,26.633629961194366,BEAR,EXIT
2020-01-10,42.115749582612025,32.12121278709436,45.95672791473417,0.11097947619416144,41.86363462669954,34.059384038603106,30.53670631365483,BEAR,EXIT
2020-01-11,41.22977474519578,34.82763899772735,44.426423054969966,0.11030624171150365,41.602491665177496,34.13792188675904,30.69560823676547,BEAR,EXIT
2020-01-12,42.39938386708008,32.07478038438262,45.857798484099824,0.11069247470353258,41.87299688123301,34.113973512368474,30.408083244546102,BEAR,EXIT
2020-01-13,41.99301183527383,29.41764104909038,45.300063804603155,0.10999798685509563,41.630097283451484,33.19183600014879,30.92236580693614,BEAR,EXIT
2020-01-14,48.11982178806206,33.76085180102385,51.5302912385771,0.1099088651781382,43.500446404475746,37.5487487046143,35.96669007894405,NEUTRAL,HOLD
2020-01-15,47.81551763815976,35.78362807032329,51.682591098492416,0.1097885311417956,44.706535629127146,38.11420237131122,32.92478816901624,BEAR,EXIT
2020-01-16,46.91012952660877,37.43166778950701,50.76201641454786,0.1100809967435182,45.886464462911455,38.18851768407163,32.636764702352565,BEAR,EXIT
2020-01-17,48.56312605339126,38.36840813561288,52.382643381715766,0.10825594612433159,46.872389149066976,39.3410458330891,34.059384038603106,BEAR,EXIT
2020-01-18,48.666535349675314,29.612687882074418,52.401300872376225,0.10623882590694404,48.21702818310843,37.32103139209333,34.13792188675904,BEAR,EXIT
2020-01-19,46.50831560883948,34.018027863809664,50.42924325899916,0.10509213875316605,47.49730418168143,37.30834453938522,34.113973512368474,BEAR,EXIT
2020-01-20,46.0505567259062,34.258866845458385,49.87954687760451,0.102896266170486,47.82482081298608,37.15370962588154,33.19183600014879,BEAR,EXIT
2020-01-21,46.86829729500101,35.052900899314274,50.70672894733643,0.10262611039454307,48.01840802225321,37.782294921580664,37.5487487046143,NEUTRAL,HOLD
2020-01-22,46.109054979113246,35.57409440249559,50.15451963731431,0.10304792864694384,48.45765242494756,37.61836645361253,38.11420237131122,NEUTRAL,HOLD
2020-01-23,43.579713217193735,34.970934263561496,47.89118667945721,0.10103812826279678,47.929654665406495,36.203006052720006,38.18851768407163,NEUTRAL,HOLD
2020-01-24,44.057088132156224,32.796082689193305,48.02411605963534,0.10086226553562923,48.41443068636144,35.87754273233875,39.3410458330891,NEUTRAL,HOLD
2020-01-25,43.33791889288547,35.65429205270323,47.26023602953913,0.1011491542137573,48.29469525633199,36.21163778571453,37.32103139209333,NEUTRAL,HOLD
2020-01-26,45.37266923186495,30.670809276788198,49.47312965706306,0.10103130905387092,48.54724068576283,36.04400778510351,37.30834453938522,NEUTRAL,HOLD
2020-01-27,48.25770118229879,27.917515577769827,52.01062917777084,0.10114718031981827,47.87879454993232,36.66186661672746,37.15370962588154,NEUTRAL,HOLD
2020-01-28,51.69722795826556,34.15281258018952,55.96303546188609,0.1013795782727222,46.38181320849265,39.89336688249444,37.782294921580664,NEUTRAL,HOLD
2020-01-29,51.660359024003235,39.56496719012925,55.54124252466867,0.10161205827045924,46.506920795792354,41.16353189798682,37.61836645361253,NEUTRAL,HOLD
2020-01-30,53.26307123910172,39.40884544910298,57.60918451853194,0.10175130889156599,47.47340446381712,42.115572780428096,36.203006052720006,NEUTRAL,HOLD
2020-01-31,51.745146770707564,34.41958781404592,55.76599897741546,0.10166828712197745,48.04015054508699,40.10090607778383,35.87754273233875,NEUTRAL,HOLD
2020-02-01,51.9224575006571,36.7377570843905,56.23524180655818,0.10202096851212983,48.19521325762638,40.843049353645846,36.21163778571453,NEUTRAL,HOLD
2020-02-02,51.53742606283692,33.92353149305505,55.98516509383033,0.10086053630246022,49.03288590171853,40.057561381498125,36.04400778510351,NEUTRAL,HOLD
2020-02-03,50.93911151517424,35.399598899598125,55.693511515901804,0.10280652121123852,53.03394242820915,40.589150703634765,36.66186661672746,NEUTRAL,HOLD
2020-02-04,49.84987393425522,29.668818435365708,54.509834012455784,0.10298067612623224,60.00625212418494,39.290205905446584,39.89336688249444,NEUTRAL,HOLD
2020-02-05,53.9251554867611,40.38285492908082,58.18503422500767,0.09783023185930496,65.10680378708744,44.435622136787714,41.16353189798682,NEUTRAL,HOLD
2020-02-06,54.67055987629077,33.173621288371,59.52143996280428,0.10024359384193046,68.08502154348388,43.422399970965515,42.115572780428096,NEUTRAL,HOLD
2020-02-07,54.86238277510017,34.80555080707824,59.97917754031272,0.10176222780022576,70.1273633998566,44.183938716517844,40.10090607778383,NEUTRAL,HOLD
2020-02-08,55.713209029947016,34.88720209346475,60.76238547032351,0.10257800746167826,69.66261984470798,44.56988901200505,40.843049353645846,NEUTRAL,HOLD
2020-02-09,57.726801850466934,40.80315921786423,63.034394402216144,0.1041696787312426,69.18336664155373,47.05967135601442,40.057561381498125,NEUTRAL,HOLD
2020-02-10,55.01142890032455,29.159372154261824,60.68100342864084,0.10459704485527221,69.40610337634628,42.88577228875391,40.589150703634765,NEUTRAL,HOLD
2020-02-11,58.3534050268029,39.69141553603615,63.65946339517055,0.10552635306028976,70.36267825965754,47.21286485000881,39.290205905446584,NEUTRAL,HOLD
2020-02-12,58.991460660351194,38.0703482405589,64.52931533728841,0.10824748171308467,75.30211395524795,47.66733684348452,44.435622136787714,NEUTRAL,HOLD
2020-02-13,57.77051180014476,37.0437453898131,63.522751188078615,0.1096209035215349,74.09619184181527,46.72270244482218,43.422399970965515,NEUTRAL,HOLD
2020-02-14,58.76429554699099,35.24612542981173,64.36468857288965,0.10945283249620816,76.71706285323447,47.00188194632603,44.183938716517844,NEUTRAL,HOLD
2020-02-15,54.78681312368777,35.40552551018424,60.515261193597226,0.10970641924649314,75.21572232490439,44.92850574874925,44.56988901200505,NEUTRAL,HOLD
2020-02-16,55.09169462548874,35.36651978660096,60.92229731254233,0.11028614641299159,73.68670907830105,44.938811626597385,47.05967135601442,NEUTRAL,HOLD
2020-02-17,52.71123317079206,39.1834526411604,58.921624830425934,0.11092975139467615,74.77468579715327,44.88766612003744,42.88577228875391,NEUTRAL,HOLD
2020-02-18,56.97855880165928,39.01741434263087,62.55009323162041,0.1124085778536294,76.72680040619127,47.047481199776755,47.21286485000881,NEUTRAL,HOLD
2020-02-19,52.03731624841416,33.460286885347465,57.91334030071668,0.11615042685255128,75.04304899085876,43.080662119118216,47.66733684348452,NEUTRAL,HOLD
2020-02-20,51.845335074238186,28.45029900117292,57.79213017788594,12.788783034456802,74.40173062295155,43.58309182560555,46.72270244482218,NEUTRAL,HOLD
2020-02-21,52.57782391602389,37.51939317204902,58.34053072739594,12.801256159164653,75.36738851092815,46.27822888826612,47.00188194632603,NEUTRAL,HOLD
2020-02-22,52.312008641811325,35.30370409294662,58.18149672644065,13.07533629050951,74.95748437606241,45.612876842250856,44.92850574874925,NEUTRAL,HOLD
2020-02-23,54.86834338249906,34.622301630381166,60.71751356571987,13.16927400774001,76.00448875073587,46.835421111723576,44.938811626597385,NEUTRAL,HOLD
2020-02-24,51.97564914089955,33.07004537574741,58.226811561079764,13.217013117652792,75.59121537182389,45.04724190325298,44.88766612003744,NEUTRAL,HOLD
2020-02-25,49.198454147392894,32.42093800416453,55.2979337747876,13.246556514806402,73.71218876879264,43.282559854316744,47.047481199776755,NEUTRAL,HOLD
2020-02-26,44.4597826174284,27.54116614069092,50.434253229688345,13.259967917897017,72.56074807712034,39.55514696173551,43.080662119118216,NEUTRAL,HOLD
2020-02-27,44.32903563702454,30.50325292125767,50.23593885005876,13.349138288163978,73.42732947995671,40.3168153826538,43.58309182560555,NEUTRAL,HOLD
2020-02-28,44.087738436053115,33.24625090574454,49.65218397827243,13.399429923900922,74.2679730555669,40.90503284704838,46.27822888826612,NEUTRAL,HOLD
2020-02-29,42.61768662978027,26.826012493430763,48.175418950879425,13.357463462116295,72.20879174718802,38.3513915965039,45.612876842250856,NEUTRAL,HOLD
2020-03-01,42.28057266716817,37.36497129653989,48.29488783496513,13.358134612649838,71.9604228077687,40.8841546639528,46.835421111723576,NEUTRAL,HOLD
2020-03-02,45.464533461278414,31.303223397451113,51.289010621646355,13.439042149313712,69.1997627421814,40.658800608690775,45.04724190325298,NEUTRAL,HOLD
2020-03-03,44.222279778031876,31.672898071079864,49.94546147075932,13.597050984701154,67.32701518916336,39.9462599119529,43.282559854316744,NEUTRAL,HOLD
2020-03-04,44.30069664479903,35.57570879056496,49.94749701405916,13.684051562402622,66.53487783603225,40.8797311118564,39.55514696173551,NEUTRAL,HOLD
2020-03-05,46.998502661456,35.83993076561214,52.42288881136571,14.672379236188629,65.37788404917733,42.282756542459005,40.3168153826538,NEUTRAL,HOLD
2020-03-06,47.71174696467468,33.95334394601492,53.265241297100964,15.482228350909091,66.94514715021768,42.471757302984464,40.90503284704838,NEUTRAL,HOLD
2020-03-07,45.502027986441426,33.072384837327576,51.16913831533163,15.391737388218532,65.8648853094449,41.04778140750793,38.3513915965039,NEUTRAL,HOLD
2020-03-08,38.530381143444274,28.805948747951078,43.50569444533525,15.41025048495148,60.00335821282633,35.77361381311346,40.8841546639528,NEUTRAL,HOLD
2020-03-09,36.754991999318584,26.28097678666597,42.43415701694236,15.61566382602588,60.886637363722215,34.51458651012664,40.658800608690775,NEUTRAL,HOLD
2020-03-10,36.954875605384544,21.631041198540302,42.30069852829263,15.602642834140868,61.65086151972014,33.45984526400211,39.9462599119529,NEUTRAL,HOLD
2020-03-11,37.401002695612775,18.439428580530283,42.55285596486617,15.951697945665858,58.99638359192586,32.6331221978321,40.8797311118564,NEUTRAL,HOLD
2020-03-12,11.634046018720428,13.20591693410092,17.73412904786033,16.143682368485194,50.695688690527355,17.829640073038938,42.282756542459005,NEUTRAL,HOLD
2020-03-13,18.136846791764583,10.926063176696672,21.30829562086605,16.584922143649635,51.00144653826991,20.02211193125119,42.471757302984464,NEUTRAL,HOLD
2020-03-14,13.886621251057523,9.6112751442915,18.401335489529632,16.569376528124273,49.007177680593685,17.63519650657407,41.04778140750793,NEUTRAL,HOLD
2020-03-15,15.956440456685675,8.711591004638583,20.054673399170284,16.68430570468111,45.0645446269556,17.984864886397133,35.77361381311346,NEUTRAL,HOLD
2020-03-16,12.996429086195935,7.493588633077374,16.81836172863417,17.351617085639912,44.27630125296253,16.1663709179972,34.51458651012664,BEAR,EXIT
2020-03-17,16.867858739344804,9.616232104155772,20.016085135846502,18.32544729701057,44.948045451485974,18.71125431471187,33.45984526400211,BEAR,EXIT
2020-03-18,16.71358562027916,5.54447976294144,19.91624867814626,18.70231385261423,42.19725028178666,17.40851746851916,32.6331221978321,BEAR,EXIT
2020-03-19,24.24247462015302,9.758474630533856,27.00867072391394,19.29218482136526,41.909268279302424,22.198849739597193,17.829640073038938,BEAR,EXIT
2020-03-20,24.085796348704662,10.426038569537427,27.24768713620883,19.44289348615726,41.303838344073704,22.328603831568483,20.02211193125119,BEAR,EXIT
2020-03-21,24.12544549727431,12.677211525751057,26.81585630529929,19.491272984692525,42.76070660346524,22.969869399730317,17.63519650657407,BEAR,EXIT
2020-03-22,20.940270320815085,11.851428462131981,24.277164603107767,19.360452151911094,40.09545934855786,21.013984890041524,17.984864886397133,BEAR,EXIT
2020-03-23,27.058415671055453,11.51848889802683,29.61381665948094,19.682347635874557,41.098895049504115,23.98215190805113,16.1663709179972,BEAR,EXIT
2020-03-24,29.65490608222408,16.72671592253184,32.066648595829534,20.334082614863238,39.17055422393361,26.45864833908894,18.71125431471187,BEAR,EXIT
2020-03-25,28.889676674096364,7.98908031615234,31.769079973999855,20.840931586540332,38.78083672240869,24.022212486288883,17.40851746851916,BEAR,EXIT
2020-03-26,29.48695254453511,23.09417851241503,32.39901455661917,21.111934001571477,39.05192152893314,28.17141555591716,22.198849739597193,BEAR,EXIT
2020-03-27,27.079452535724208,19.881932362557237,29.125428336235032,21.376906916204845,42.998538653661164,26.425794421400422,22.328603831568483,BEAR,EXIT
2020-03-28,24.70928272504007,14.933486612401618,27.86138276012252,21.328907858364147,42.19318737648319,24.13708793903987,22.969869399730317,BEAR,EXIT
2020-03-29,21.728639756862613,16.33339856487687,24.840569121084933,21.18400035450567,41.36424030563415,22.884079476234252,21.013984890041524,BEAR,EXIT
2020-03-30,26.737369459579817,17.95760312783022,29.210925608044803,21.588538858697376,41.743223653693995,25.765399935614465,23.98215190805113,BEAR,EXIT
2020-03-31,26.737156780433885,20.523834019922248,29.38739660633725,21.854239012403944,41.87492309564554,26.495213021803323,26.45864833908894,BEAR,EXIT
2020-04-01,28.901381307645195,20.32542468266306,31.354989902774623,22.325071826301954,40.415579660528564,27.413087283512397,24.022212486288883,BEAR,EXIT
2020-04-02,30.312640599031788,21.10184138599504,32.85651931917584,22.508987543797616,41.57220833686054,28.47412535529916,28.17141555591716,BEAR,EXIT
2020-04-03,29.945121373373933,16.225437873058613,32.19335145339211,22.501687562059942,42.62496057888998,27.116315363153248,26.425794421400422,BEAR,EXIT
2020-04-04,30.965376315966363,22.056288088656604,33.33229614676329,21.181714036998645,43.510160030466864,28.9984172549032,24.13708793903987,BEAR,EXIT
2020-04-05,30.31966310471467,25.500850771000415,32.7012733414594,20.95556915340201,40.02751846083966,29.157453511550656,22.884079476234252,BEAR,EXIT
2020-04-06,34.99539394723833,17.562605756733745,37.2628764272401,21.020077867543833,45.19334886276183,30.014191475210712,25.765399935614465,BEAR,EXIT
2020-04-07,33.98459969576012,26.355876341617584,36.36424114360181,20.97662757933213,48.49598577470342,32.05328993722296,26.495213021803323,BEAR,EXIT
2020-04-08,35.68736978890464,21.464896736052065,37.668348772687004,20.780271298837974,49.49784345241836,31.672929915289345,27.413087283512397,BEAR,EXIT
2020-04-09,34.99470313629055,23.550170734421165,37.243319013772684,20.735126926351636,48.416816936556096,31.78656815985535,28.47412535529916,BEAR,EXIT
2020-04-10,31.11591309301904,23.3191448409028,33.40430351212703,20.384588267818714,49.83217145690173,29.8863262264198,27.116315363153248,BEAR,EXIT
2020-04-11,31.350365404323256,22.37519246785039,33.53695462888602,20.089885892178874,57.48342813179546,30.46812436104316,28.9984172549032,BEAR,EXIT
2020-04-12,32.258069200940135,21.193584929145505,33.850896448623814,19.452983382864815,52.12774345146759,29.87671813486966,29.157453511550656,BEAR,EXIT
2020-04-13,31.192622622927423,24.860364680003073,33.359803372826185,19.56511630583878,51.87594270924897,30.367200348244946,30.014191475210712,BEAR,EXIT
2020-04-14,31.318832640342915,24.29171052726845,33.39014557621044,20.02551741080807,53.527249170773686,30.503159067860658,32.05328993722296,BEAR,EXIT
2020-04-15,28.988809444834924,23.304426731607837,31.332986372247568,19.36105999057755,56.14233653211202,29.307739442599782,31.672929915289345,BEAR,EXIT
2020-04-16,33.74241348439643,22.29748635368383,35.19249633753674,18.4816812596456,58.96259842837165,31.404106933031237,31.78656815985535,BEAR,EXIT
2020-04-17,33.30520047368784,16.115006003650905,34.976723466412054,18.245868295251437,59.174984141966945,29.6700349947859,29.8863262264198,BEAR,EXIT
2020-04-18,35.01467319424874,23.911114351877327,36.835828690328206,17.491871490191908,61.947149419128486,32.66784194975123,30.46812436104316,BEAR,EXIT
2020-04-19,33.95100348322536,21.889194757986857,35.810127114290225,17.248128658793103,62.813443229634785,31.688188779104813,29.87671813486966,BEAR,EXIT
2020-04-20,31.17888231945137,22.618969711059343,33.389104970132344,17.368769742202005,61.35675124042655,30.42721870299967,30.367200348244946,BEAR,EXIT
2020-04-21,31.365216757495944,19.96214129945848,33.26673395296666,17.654747248237822,62.86618758281703,29.988277988224112,30.503159067860658,BEAR,EXIT
2020-04-22,33.76478361013396,17.223801917920476,35.671528172219,17.645583971089316,64.19827284169801,30.63635607679731,29.307739442599782,BEAR,EXIT
2020-04-23,37.17819976755391,21.207364945601732,38.1171795882409,17.25201155989539,63.22807123433877,32.98934594173297,31.404106933031237,BEAR,EXIT
2020-04-24,37.30660398809208,22.094616905930582,39.12648603841143,16.822449472559484,64.32870182985909,33.49717023446239,29.6700349947859,BEAR,EXIT
2020-04-25,37.59049219596282,20.20779829995238,39.513245755066286,16.594677870186423,65.56832668988804,33.277780734306965,32.66784194975123,BEAR,EXIT
2020-04-26,38.9641629754787,20.922029763014052,40.81359143396676,16.427388477643092,63.71864391988095,33.91844728382503,31.688188779104813,BEAR,EXIT
2020-04-27,39.707305041522645,22.419191184739024,41.621095715167684,16.92614898286825,63.24532493022145,34.70466329212747,30.42721870299967,BEAR,EXIT
2020-04-28,39.615777812819715,25.482623272688105,41.4749586040031,17.146529829725825,63.42055270432388,35.464415627709826,29.988277988224112,BEAR,EXIT
2020-04-29,48.413537111909434,28.3288304109013,50.295109163518134,17.494651516680566,62.51614976245626,40.541103272749496,30.63635607679731,BEAR,EXIT
2020-04-30,47.17594557388708,26.16704376537184,49.083937934675916,17.05070885744803,61.18728608158838,39.18766713722031,32.98934594173297,BEAR,EXIT
2020-05-01,48.946267955755054,28.84221992984234,50.98628499118709,16.506004206323464,61.99971956961664,40.767564955334706,33.49717023446239,BEAR,EXIT
2020-05-02,50.013548273433386,30.48737789923093,52.23541245714595,16.268442705751436,61.00033482241275,41.613291336370935,33.277780734306965,BEAR,EXIT
2020-05-03,49.1937097007122,35.358902689852286,51.52392761486121,16.2491614332585,59.669347446327976,42.30693306527054,33.91844728382503,BEAR,EXIT
2020-05-04,48.97824279488934,32.71443151088402,51.46933951359568,16.39685358914884,59.161202928840964,41.54159695016336,34.70466329212747,BEAR,EXIT
2020-05-05,49.880701243753315,33.37419744922774,52.51455393444109,16.678876509696405,59.22332496966323,42.234834495741936,35.464415627709826,NEUTRAL,HOLD
2020-05-06,52.313184316778816,32.81680621385179,53.75980844092435,16.861420644474347,52.93804652725308,42.47313628607792,40.541103272749496,NEUTRAL,HOLD
2020-05-07,58.47119715321815,35.12310648076139,61.011188393237816,17.23954540351954,54.697781180558394,46.58008337338713,39.18766713722031,NEUTRAL,HOLD
2020-05-08,57.00701581260253,31.75798513544966,59.7525917934007,17.680186036549042,53.72684076580227,45.0168313683859,40.767564955334706,NEUTRAL,HOLD
2020-05-09,54.36291821342123,29.86120637347146,57.44693943193461,17.900277764281547,55.41602213511966,43.490208821935354,41.613291336370935,NEUTRAL,HOLD
2020-05-10,46.37429070487552,34.91396302411388,50.158603936889,17.909647029189532,55.15703942704306,40.87464975195166,42.30693306527054,NEUTRAL,HOLD
2020-05-11,45.30375341225283,27.97505022763253,48.82549417741557,18.056172288130902,55.17360230391326,38.575773489678056,41.54159695016336,NEUTRAL,HOLD
2020-05-12,47.40474966358881,9.734373341011135,50.451629906509545,18.164660225792968,54.682426698529284,34.938285919353206,42.234834495741936,NEUTRAL,HOLD
2020-05-13,51.972925033307725,7.1072670710370085,54.846686503025246,18.46296521592845,55.806692834673534,36.68814564421324,42.47313628607792,NEUTRAL,HOLD
2020-05-14,56.26968230871243,8.357075451203288,59.40033154628356,17.978918896031523,53.15397352977983,38.86247505205397,46.58008337338713,NEUTRAL,HOLD
2020-05-15,51.81564735608336,9.310680641100824,55.0304018900089,17.864685598299666,54.99117346842372,37.05726493168932,45.0168313683859,NEUTRAL,HOLD
2020-05-16,52.42016216561449,8.387729240946468,55.59632769157052,17.76061991255395,52.83782103158202,36.890121588276365,43.490208821935354,NEUTRAL,HOLD
2020-05-17,55.0288993097816,5.260109931168578,58.164777404138036,17.646186506279403,55.64957125263235,37.668537857759375,40.87464975195166,NEUTRAL,HOLD
2020-05-18,55.25906159782195,10.842638432867222,58.51229335536927,17.635092746611637,53.00103327378044,38.93620399800704,38.575773489678056,NEUTRAL,HOLD
2020-05-19,55.37339818190592,9.466279280538926,58.944925346128564,17.56632349054511,54.05449326213693,38.80797219372768,34.938285919353206,BEAR,EXIT
2020-05-20,53.127576771343385,9.205347599686972,56.83757065957828,17.34893883427826,55.39572889655222,37.749037778037376,36.68814564421324,NEUTRAL,HOLD
2020-05-21,49.01267726006227,10.651774868494316,52.66349372509339,17.027742629743262,55.11999087325798,35.96560612194823,38.86247505205397,NEUTRAL,HOLD
2020-05-22,49.86951439720299,7.016314450530067,53.28404563939835,16.662542207854187,54.98925910528951,35.37004930138016,37.05726493168932,NEUTRAL,HOLD
2020-05-23,50.043392369625394,7.114342441836125,53.6082296242467,16.545077358745132,56.77077738252371,35.67208858826013,36.890121588276365,NEUTRAL,HOLD
2020-05-24,46.54573940448769,5.024386242259282,49.69121943984332,16.54801935605563,57.84566617511219,33.42483179079935,37.668537857759375,NEUTRAL,HOLD
2020-05-25,47.55177860846096,7.049980762998041,51.02735205959915,16.555471675591733,55.80567135057219,34.29738707160361,38.93620399800704,NEUTRAL,HOLD
2020-05-26,46.86692082532263,6.586224615134189,50.616104695028675,16.481272123578787,55.43619502089442,33.84566366101233,38.80797219372768,NEUTRAL,HOLD
2020-05-27,49.92111454653033,9.324069654321141,53.577212113148796,15.98563377332952,56.33741586425954,36.05438085259453,37.749037778037376,NEUTRAL,HOLD
2020-05-28,53.57635684335911,9.448114008003053,56.86073369044641,15.886252049874733,56.63212227344469,37.853232327923465,35.96560612194823,NEUTRAL,HOLD
2020-05-29,52.259292819707106,8.74830113474972,55.7802902487788,15.308682647036717,60.22654420015952,37.339877996426786,35.37004930138016,NEUTRAL,HOLD
2020-05-30,54.62384099925687,13.125276974278894,57.84820844368822,15.52551780242254,66.57067395067625,40.22400829751544,35.67208858826013,NEUTRAL,HOLD
2020-05-31,52.205555062289065,11.554803982196159,56.085208264277995,15.555967699747727,64.38983213581335,38.53978753563486,33.42483179079935,BEAR,EXIT
2020-06-01,59.00750474171661,11.25585929549683,62.27871643807872,15.681200607948123,64.99401745515625,41.82354137071278,34.29738707160361,BEAR,EXIT
2020-06-02,52.635009848115,9.429386929856209,56.45799165813433,15.762288926475817,67.02598421358374,38.506389778855166,33.84566366101233,BEAR,EXIT
2020-06-03,53.77290745489608,10.910579047061434,57.586244499209116,15.656586857477754,69.06325677458774,39.63157960415644,36.05438085259453,NEUTRAL,HOLD
2020-06-04,55.260355862164054,12.640240088633266,58.720985979180796,15.451546613483538,69.43605907783794,40.74370187645002,37.853232327923465,NEUTRAL,HOLD
2020-06-05,53.64095171463433,16.468441442238614,57.459898593749884,15.198412081683236,70.95648142116048,41.076785548068464,37.339877996426786,NEUTRAL,HOLD
2020-06-06,53.84860912167429,18.60650873786739,57.663682400632176,14.856689169174441,73.4072602084889,41.908175797320624,40.22400829751544,NEUTRAL,HOLD
2020-06-07,54.54303634494402,12.945374553434291,58.30838707733837,14.448159704700261,73.13599564788072,40.74175547780256,38.53978753563486,NEUTRAL,HOLD
2020-06-08,54.57762022030372,13.911268795457596,58.586125894341556,14.257490870566425,72.47606836303913,40.954558910712706,41.82354137071278,NEUTRAL,HOLD
2020-06-09,54.601809220023256,13.4452776622545,58.50545167642177,14.30027219076972,73.26315335163989,40.914308680634406,38.506389778855166,NEUTRAL,HOLD
2020-06-10,55.540756811628235,14.46954233508043,59.43245496079355,14.191013632181674,72.93004697702428,41.58776036194697,39.63157960415644,NEUTRAL,HOLD
2020-06-11,49.91368314594001,16.137577098109617,54.55042603496489,14.023526387479142,72.31876790241687,39.25399017366594,40.74370187645002,NEUTRAL,HOLD
2020-06-12,51.54084499634436,13.043103013170072,55.79879114962423,13.569950505036315,73.28072479842562,39.246352537718685,41.076785548068464,NEUTRAL,HOLD
2020-06-13,51.56657681250516,12.10547397990651,55.77574411835147,13.562596589821386,75.4151559030005,39.22739544117173,41.908175797320624,NEUTRAL,HOLD
2020-06-14,50.449160746236565,13.508058085316621,54.662018646434355,13.501323897747799,74.18221078909517,38.88758613805868,40.74175547780256,NEUTRAL,HOLD
2020-06-15,51.32396036085589,9.332238533132895,55.39892285674829,13.526639011587957,72.16898765424315,38.05592693005216,40.954558910712706,NEUTRAL,HOLD
2020-06-16,52.002925934547704,11.831953677182206,56.200217245351816,13.531940408526438,72.67188171384812,39.095888881394,40.914308680634406,NEUTRAL,HOLD
2020-06-17,51.320910524457844,9.808302651975835,55.63362574660529,13.626145499124002,70.885946412644,38.10759043578537,41.58776036194697,NEUTRAL,HOLD
2020-06-18,50.552283323237134,7.3269299332006765,55.0502187770738,13.761445882118913,71.33011482370692,37.2046896003746,39.25399017366594,NEUTRAL,HOLD
2020-06-19,49.589271505489826,10.359672883063254,54.26149645832017,13.922174140798049,70.84224160025896,37.491549245222394,39.246352537718685,NEUTRAL,HOLD
2020-06-20,50.22593198953825,9.103618817058761,54.66039584303732,14.022116916705981,70.45158468177016,37.42423947541655,39.22739544117173,NEUTRAL,HOLD
2020-06-21,49.52829505755091,10.24896553694019,54.09409033175876,14.149171386573075,68.83553467413905,37.24547714325194,38.88758613805868,NEUTRAL,HOLD
2020-06-22,53.1529242413022,11.057013359210854,57.42795770105107,14.076054617513597,70.70054488536758,39.377184833567384,38.05592693005216,NEUTRAL,HOLD
2020-06-23,52.42181588614968,13.607075164398582,56.92701611119065,14.017181934433118,69.81403830834849,39.597697900182496,39.095888881394,NEUTRAL,HOLD
2020-06-24,49.49686100413416,9.762273290711324,53.936475517780856,14.009361904785417,70.16369231464084,37.194695244656145,38.10759043578537,NEUTRAL,HOLD
2020-06-25,49.08169006001256,10.022555572042695,53.658249449435246,14.042223684229494,70.22519964111618,37.09064931764753,37.2046896003746,NEUTRAL,HOLD
2020-06-26,48.0437325535189,13.194622361409596,52.82745765910566,13.946203630153647,70.25723643975513,37.39492107672776,37.491549245222394,NEUTRAL,HOLD
2020-06-27,46.58653038424226,8.69842363605253,51.46615414271891,13.921368760168631,67.94472269969393,35.32647343682429,37.42423947541655,NEUTRAL,HOLD
2020-06-28,47.56040461984978,10.80626996634305,52.560242771968355,13.880684450419741,66.85382851547018,36.249222951044345,37.24547714325194,NEUTRAL,HOLD
2020-06-29,48.24139297198429,10.545122071402274,52.941691633366936,13.84327901155999,62.84554777904537,36.058083365757774,39.377184833567384,NEUTRAL,HOLD
2020-06-30,47.824921804987916,11.044895048385204,52.61212648218672,13.87726641990932,64.27191460864827,36.13990702388125,39.597697900182496,NEUTRAL,HOLD
2020-07-01,48.70275839230868,14.12637578352413,53.30740545531578,13.834735314568025,65.2148117010567,37.40059402192767,37.194695244656145,NEUTRAL,HOLD
2020-07-02,47.338004592526,13.951459413328958,52.089652176240776,13.832933896516728,63.56259856896098,36.5383966077118,37.09064931764753,NEUTRAL,HOLD
2020-07-03,47.07077255228923,13.745830130511768,51.87167790138876,13.939383037188621,62.24106088478184,36.24703842264894,37.39492107672776,NEUTRAL,HOLD
2020-07-04,47.61030368733562,12.535758104925499,52.39684339905891,13.903804283148316,63.98932367493268,36.38090232220936,35.32647343682429,NEUTRAL,HOLD
2020-07-05,47.16975644372543,13.242985593715414,51.98009232108179,13.886992139678181,64.00934399040129,36.341675015754696,36.249222951044345,NEUTRAL,HOLD
2020-07-06,49.53688770855375,12.89703993285414,54.20542224010059,13.928595459072849,65.83354827388405,37.59905489004911,36.058083365757774,NEUTRAL,HOLD
2020-07-07,48.709032476151265,13.943105231416972,53.40608239034448,13.930808260882493,65.67912148415891,37.43723591631678,36.13990702388125,NEUTRAL,HOLD
2020-07-08,50.27616368749926,13.094084283254096,54.956669869378594,14.051996163027185,66.0607356277961,38.06157713817271,37.40059402192767,NEUTRAL,HOLD
2020-07-09,48.363292078702855,14.8585205856619,53.21040781810509,13.978528002951988,66.79542146393453,37.6420206804836,36.5383966077118,NEUTRAL,HOLD
2020-07-10,48.84295921093603,14.39657433010679,53.60710920502954,13.944801572472057,66.17467683634288,37.68264110631851,36.24703842264894,NEUTRAL,HOLD
2020-07-11,48.383631978145125,13.134646762874311,53.16198554635171,13.907731093588618,66.80527360443817,37.19783541791457,36.38090232220936,NEUTRAL,HOLD
2020-07-12,48.850420584323764,12.513211743971587,53.69879007962645,13.91467539935857,65.8404121395534,37.194429651074444,36.341675015754696,NEUTRAL,HOLD
2020-07-13,48.34967435144995,12.024649657361513,53.182504812857744,13.855529741264071,65.6779208296048,36.793687226497,37.59905489004911,NEUTRAL,HOLD
2020-07-14,48.52210144291299,12.178594795405866,53.220078856760644,13.912640797975184,66.78160218515066,37.01035124128884,37.43723591631678,NEUTRAL,HOLD
2020-07-15,47.89246903188018,11.187492236446642,52.81906458181411,13.863377259500234,67.4604885295559,36.55398212691916,38.06157713817271,NEUTRAL,HOLD
2020-07-16,47.28717014985586,11.084567416811254,52.215265072989034,13.740531447628564,65.9032264377259,36.05174827467425,37.6420206804836,NEUTRAL,HOLD
2020-07-17,47.5052576430325,8.27832979475464,52.372654698454326,13.67888896348514,65.45162178448237,35.39268620426028,37.68264110631851,NEUTRAL,HOLD
2020-07-18,47.675065397433016,10.235002229580259,52.46256991718919,13.699055662526712,66.38268180410692,36.04691068985251,37.19783541791457,NEUTRAL,HOLD
2020-07-19,48.04872120012121,9.76754715861504,52.7459595795075,13.631071420463348,67.13780718955448,36.16413649761657,37.194429651074444,NEUTRAL,HOLD
2020-07-20,47.559700512962586,12.168984183992569,52.383237969481776,13.512827971149278,67.1850712135722,36.53223511081289,36.793687226497,NEUTRAL,HOLD
2020-07-21,49.58331790017444,10.807857534787344,54.30522697576238,13.688656459121805,68.0036126405671,37.29166488182663,37.01035124128884,NEUTRAL,HOLD
2020-07-22,50.838842875528,15.457545538694728,55.42408075561769,13.784351453571041,70.7612009690273,39.344628213394,36.55398212691916,NEUTRAL,HOLD
2020-07-23,51.49360378210219,14.142981640113328,56.06439819821806,14.073364130458849,72.71417214202378,39.5791280180738,36.05174827467425,NEUTRAL,HOLD
2020-07-24,50.88121210639881,17.9652696323293,55.570739207022314,14.219551115813719,74.21139762735196,40.42390131151368,35.39268620426028,NEUTRAL,HOLD
2020-07-25,52.265041732659576,14.29406632816346,56.914000155404224,14.30992284705957,80.48968201718449,40.83128576169697,36.04691068985251,NEUTRAL,HOLD
2020-07-26,54.347398814328464,17.447571946698407,58.937529616574125,14.542633993231865,80.16874190698768,42.65188784397151,36.16413649761657,NEUTRAL,HOLD
2020-07-27,64.24554361921658,20.277984635003897,67.97579260126686,14.655740439144942,76.32448503263251,47.76912733390431,36.53223511081289,NEUTRAL,HOLD
2020-07-28,62.97668896343529,21.44643821499575,67.43165026185525,14.886592139921131,75.58224951742318,47.532160067881065,37.29166488182663,NEUTRAL,HOLD
2020-07-29,64.34100282628737,22.253942645494956,69.03835140960629,15.139530229393564,73.68202701101686,48.31258902669193,39.344628213394,NEUTRAL,HOLD
2020-07-30,64.3103496219066,19.981900582132884,69.19158071340578,15.269200112843565,78.39970940115731,48.25724713182862,39.5791280180738,NEUTRAL,HOLD
2020-07-31,65.94874427287132,24.01043651598589,70.97264283981659,15.385947263205987,78.61898538946583,50.15155160724867,40.42390131151368,NEUTRAL,HOLD
2020-08-01,69.95922021229252,20.802308064449733,75.1679156938507,15.578019399362264,84.66735530827229,52.0253646593019,40.83128576169697,NEUTRAL,HOLD
2020-08-02,63.409671608859796,18.879436309346442,68.60840034548073,15.52887385314506,86.46064856829979,48.439836563892435,42.65188784397151,NEUTRAL,HOLD
2020-08-03,64.35600619345864,24.41723085635675,69.99899642029966,15.604786222699115,88.12164366091514,50.56379115568309,47.76912733390431,NEUTRAL,HOLD
2020-08-04,63.929501629914895,20.292573070415205,69.52563039804302,15.67376005511642,89.42774739257756,49.450958583712094,47.532160067881065,NEUTRAL,HOLD
2020-08-05,68.32524888396841,19.403036187429326,74.15820592732054,15.797544931835455,85.48524589420829,51.09813122670811,48.31258902669193,NEUTRAL,HOLD
2020-08-06,68.30510666220427,27.403654386502925,74.5282418030628,16.03835617368285,84.04004580456011,53.05785196240801,48.25724713182862,NEUTRAL,HOLD
2020-08-07,66.41801036178713,23.984672814036607,72.76236703669228,16.093551791129013,81.26581405848349,51.01465889390144,50.15155160724867,NEUTRAL,HOLD
2020-08-08,67.46780189110818,20.467326976526177,74.16741806926835,16.27932458463562,82.48518244194369,50.881072857207386,52.0253646593019,NEUTRAL,HOLD
2020-08-09,66.740219459478,22.796992026406272,73.62355166012716,16.325392395974042,83.19541330445062,51.214374366311574,48.439836563892435,NEUTRAL,HOLD
2020-08-10,68.26443444785045,21.76057621742694,75.13335528327764,16.532518790341676,83.25271833261237,51.75129509717989,50.56379115568309,NEUTRAL,HOLD
2020-08-11,63.79458119635289,24.60560608228195,71.0476043342953,16.585904270977824,83.2280628395598,50.30998867093807,49.450958583712094,NEUTRAL,HOLD
2020-08-12,65.29253014602092,24.996830457371956,72.5709638562417,16.86793477268014,83.56089634731276,51.2374392800309,51.09813122670811,NEUTRAL,HOLD
2020-08-13,66.87016437228746,23.099669864266513,74.57670170892042,16.99969581985556,90.10587243564308,52.3118487360796,53.05785196240801,NEUTRAL,HOLD
2020-08-14,66.69262024384398,27.270305359899943,74.17655763839286,17.492965085688038,92.77935300169918,53.562554003829874,51.01465889390144,NEUTRAL,HOLD
2020-08-15,67.38903884069872,23.856954300537232,74.87974799124402,17.721653746514917,91.71323986746557,52.98647187431652,50.881072857207386,NEUTRAL,HOLD
2020-08-16,67.56162083390882,22.8793982189068,75.14277577610409,17.790821681736496,92.18304933636448,52.903819146017085,51.214374366311574,NEUTRAL,HOLD
2020-08-17,70.83707952462638,18.685295120080607,78.29246139173554,17.926162183115064,87.96462346563577,53.066326589786016,51.75129509717989,NEUTRAL,HOLD
2020-08-18,67.83956415810741,23.93520976250441,75.43822058146037,18.09296319044073,87.90797054993368,52.928057337909884,50.30998867093807,NEUTRAL,HOLD
2020-08-19,65.48361799635238,22.538288050896828,73.51198873553628,18.28798855175635,86.8033165369714,51.405585095197765,51.2374392800309,NEUTRAL,HOLD
2020-08-20,66.49945923133849,24.12268237790426,74.56921306766844,18.294548536585587,87.051035451696,52.34363680306874,52.3118487360796,NEUTRAL,HOLD
2020-08-21,63.36359611465644,25.198957198642454,71.52147583474968,18.250232010775658,78.62091935614282,50.21274003823811,53.562554003829874,NEUTRAL,HOLD
2020-08-22,64.68541832645495,20.196237955360974,72.8639512871709,18.007990159387223,77.17969064425809,49.446642832544796,52.98647187431652,NEUTRAL,HOLD
2020-08-23,64.47580734078923,23.530242316103244,72.56710247843556,17.973642210062906,74.69818715058105,49.90458832351723,52.903819146017085,NEUTRAL,HOLD
2020-08-24,65.27183241590129,22.855251006012185,73.47208133693034,17.734498892797493,71.72032424070247,49.82198600164937,53.066326589786016,NEUTRAL,HOLD
2020-08-25,61.56791220808112,17.621537162382346,69.9041814630154,12.824090559752449,69.77260031573698,45.75746786115957,52.928057337909884,NEUTRAL,HOLD
2020-08-26,62.48266467171234,21.59524548559478,70.84256481698152,12.839955731275863,74.87702561949814,47.7258196579499,51.405585095197765,NEUTRAL,HOLD
2020-08-27,61.04095227647208,18.89764698399017,69.37869209878106,9.845329412115115,75.84661223663069,45.97389648417572,52.34363680306874,NEUTRAL,HOLD
2020-08-28,62.781060518112874,26.217567900918322,71.21601104727246,9.992814861833438,78.3676797004059,48.96760253943354,50.21274003823811,NEUTRAL,HOLD
2020-08-29,62.41996509848051,21.195661884765663,70.84457199462587,9.919856415220439,75.3936977172437,47.22116763366817,49.446642832544796,NEUTRAL,HOLD
2020-08-30,64.14257157163281,17.66517462157439,72.68412628870767,9.633723222766037,78.8831294196507,47.52926181000495,49.90458832351723,NEUTRAL,HOLD
2020-08-31,63.80520028576164,23.64706289715927,72.38710004637119,9.417408115659937,75.00330788709937,48.443687825351475,49.82198600164937,NEUTRAL,HOLD
2020-09-01,66.11527004973406,26.519170327596857,74.25070450022893,9.731874513824264,80.61881835192872,50.83617750913172,45.75746786115957,NEUTRAL,HOLD
2020-09-02,61.18746280543219,22.92712900949413,70.10408564874068,9.793399960096114,73.88202815802478,46.96605103356822,47.7258196579499,NEUTRAL,HOLD
2020-09-03,51.20851176142573,16.50237413356592,59.585693172089535,10.109749929997822,70.17891569449965,39.93963975518675,45.97389648417572,NEUTRAL,HOLD
2020-09-04,53.029726329097485,19.25766570176005,62.02090996872273,10.257786525809044,70.42461873532372,41.708646170317536,48.96760253943354,NEUTRAL,HOLD
2020-09-05,50.057994411287666,18.452724647879823,59.3607237744927,10.010105333354323,61.27576574854564,39.131816615112506,47.22116763366817,NEUTRAL,HOLD
2020-09-06,51.15011886002962,18.985362327850744,60.03945454633091,9.828833514702175,67.3309186628866,40.30668404273174,47.52926181000495,NEUTRAL,HOLD
2020-09-07,52.16354646436449,25.129963512935916,60.86426201201232,9.805356020477127,63.82293181500515,41.95750380451787,48.443687825351475,NEUTRAL,HOLD
2020-09-08,49.90940167271376,20.074020881910325,58.82742451577244,9.87214890457274,60.114419660837406,39.249074927215844,50.83617750913172,NEUTRAL,HOLD
2020-09-09,50.92368092204937,19.483203701519237,59.702678100001435,9.915963965095628,63.619029885675566,39.93773840532681,46.96605103356822,NEUTRAL,HOLD
2020-09-10,51.888202938246955,22.379522185665987,60.63502754363517,10.204592107744453,61.632166416275545,40.98225239440684,39.93963975518675,NEUTRAL,HOLD
2020-09-11,52.34711702023821,18.091647285681788,60.915604867522,10.211293107596287,60.053426537724455,39.9472045209082,41.708646170317536,NEUTRAL,HOLD
2020-09-12,52.78303590574962,23.57667667763834,61.41037980626237,10.184053580864195,53.70671871147591,40.90943581066417,39.131816615112506,NEUTRAL,HOLD
2020-09-13,51.76347859427801,21.37514172730217,60.435794089867414,9.748217531467127,44.6424088777304,38.88646134557553,40.30668404273174,NEUTRAL,HOLD
2020-09-14,54.712355478510176,26.276255317903306,63.24876434284127,9.987682207388705,47.02669383195064,41.83334505590051,41.95750380451787,NEUTRAL,HOLD
2020-09-15,55.66056306767345,22.68517668290227,64.29742580891529,10.246553251403121,41.72638818002311,40.93857005852344,39.249074927215844,NEUTRAL,HOLD
2020-09-16,57.1901937825392,23.08566492241859,65.67009444760801,10.087984269750704,41.83748654133896,41.75943954948451,39.93773840532681,NEUTRAL,HOLD
2020-09-17,56.835820569858456,27.77910955132764,65.51183738298695,9.995485259520931,44.23911286918791,43.02112511123377,40.98225239440684,NEUTRAL,HOLD
2020-09-18,56.60593729028193,24.976631286831193,65.38303390738703,10.166270364723104,42.944145820731904,42.121900927051435,39.9472045209082,NEUTRAL,HOLD
2020-09-19,57.85836777360822,21.360960752214815,66.68547767570712,10.080101795671666,40.431128825632136,41.58997420719155,40.90943581066417,NEUTRAL,HOLD
2020-09-20,56.46990941221647,18.94965531072917,65.27675614456372,9.99119803580051,43.90227468654258,40.62264505428432,38.88646134557553,NEUTRAL,HOLD
2020-09-21,52.411046151891895,19.16497477004872,61.11562450078597,10.001959254883735,36.994217352100065,37.93739806167952,41.83334505590051,NEUTRAL,HOLD
2020-09-22,52.88626694766659,16.581097644326874,61.837807429162616,9.829171966976283,37.38627493984642,37.59171927024531,40.93857005852344,NEUTRAL,HOLD
2020-09-23,50.40367620426706,19.105221521819452,59.21900022402428,10.098495353747388,27.63852583362653,36.019835172964605,41.75943954948451,NEUTRAL,HOLD
2020-09-24,54.78978967220938,19.191701111121606,63.476726184998356,10.011720709704099,36.17306828822503,39.049272351721,43.02112511123377,NEUTRAL,HOLD
2020-09-25,54.23823538674064,25.659169329468345,63.06503008235968,9.844375803342711,38.4661319423548,40.6225385295981,42.121900927051435,NEUTRAL,HOLD
2020-09-26,54.707540078538386,20.66702050744833,63.554331884035385,9.871452942282719,38.31675932488224,39.6022774010613,41.58997420719155,NEUTRAL,HOLD
2020-09-27,54.82607148223914,21.066245228704478,63.709976619132725,9.594824209234448,36.888215250173594,39.58442323207694,40.62264505428432,NEUTRAL,HOLD
2020-09-28,54.51681932118399,16.597835581793664,62.88378315696998,9.45603759610181,34.2133864309676,37.92100560570964,37.93739806167952,NEUTRAL,HOLD
2020-09-29,55.343631567141706,20.546410372343374,64.25981257399108,9.496023943191636,27.366027848128894,38.7526609543182,37.59171927024531,NEUTRAL,HOLD
2020-09-30,54.70358825812674,23.981750240551715,63.659752626724774,9.396050394534994,24.85115705709154,39.03298782781032,36.019835172964605,NEUTRAL,HOLD
2020-10-01,53.241591560602565,17.03435272720845,62.412789288415716,8.964000352060072,11.848490433821297,35.24307260385717,39.049272351721,NEUTRAL,HOLD
2020-10-02,52.8990204111672,20.119680508194243,61.912571009041805,8.974994870799977,16.8681226891821,36.31520195174529,40.6225385295981,NEUTRAL,HOLD
2020-10-03,52.75828790010547,21.517501578048208,61.66205105942163,8.61959212991962,21.41268516847235,36.973479312763196,39.6022774010613,NEUTRAL,HOLD
2020-10-04,53.69436711211088,22.895617017686632,62.68607101170396,8.300943330568298,24.983966568971567,38.112966746878115,39.58442323207694,NEUTRAL,HOLD
2020-10-05,54.57887276014281,20.89989064230739,63.62490315128171,8.215147022178508,41.25347766652523,39.681234938855326,37.92100560570964,NEUTRAL,HOLD
2020-10-06,53.01277810359844,18.781004619589353,62.074035546012674,8.157628583368657,31.804240903829893,37.4179600730677,38.7526609543182,NEUTRAL,HOLD
2020-10-07,53.57265410779536,23.402132875644767,62.57062488754265,7.968179248141018,33.112534246976324,38.94293474067711,39.03298782781032,NEUTRAL,HOLD
2020-10-08,55.551182739428064,26.28206647499361,64.41087456359482,8.010417799320814,37.012449346625765,41.02085395785649,35.24307260385717,NEUTRAL,HOLD
2020-10-09,56.94468450430039,22.802885007401972,65.85686144668941,7.9564881537797,35.69214818597533,40.71818693414297,36.31520195174529,NEUTRAL,HOLD
2020-10-10,58.87695832355531,22.520274087025914,67.71230690088397,7.672887149158009,30.439867741658162,41.030537245539385,36.973479312763196,NEUTRAL,HOLD
2020-10-11,59.45394584759492,21.24691849318027,68.44583382042904,7.386727576205263,28.285145899500876,40.77360386804023,38.112966746878115,NEUTRAL,HOLD
2020-10-12,60.82766157564937,24.72091481578573,69.80482173051288,7.291992805829499,27.517960941942462,42.2350865378125,39.681234938855326,NEUTRAL,HOLD
2020-10-13,59.74121151726097,28.224962920322998,68.77133232853365,7.112417140048125,33.0076139086417,43.10049461283716,37.4179600730677,NEUTRAL,HOLD
2020-10-14,59.467332238627144,24.353903909404874,68.8102817471748,6.689387415501827,32.54530603318817,41.94867071401841,38.94293474067711,NEUTRAL,HOLD
2020-10-15,60.09904070350738,25.225062926573273,69.27640276890489,6.366939018187991,37.351846197262915,42.88148396893099,41.02085395785649,NEUTRAL,HOLD
2020-10-16,58.62293904777479,25.06980780681431,67.74331417485071,6.233307169673937,37.339340711890536,42.0719266476463,40.71818693414297,NEUTRAL,HOLD
2020-10-17,58.78903719734936,24.668188931354887,68.09874371576122,6.061175170612798,28.371819927109712,41.16986540349867,41.030537245539385,NEUTRAL,HOLD
2020-10-18,59.84375018643075,16.600357681607516,69.15720941600546,5.84709477864815,33.063000645291595,40.11802064085858,40.77360386804023,NEUTRAL,HOLD
2020-10-19,61.76344761710225,19.00555421498373,71.27782183687324,5.666790443074898,31.22779341124756,41.50878511383725,42.2350865378125,NEUTRAL,HOLD
2020-10-20,63.1450641347188,25.037239908180897,72.55271359228549,5.661735780478962,28.227189709495264,43.38535127393933,43.10049461283716,NEUTRAL,HOLD
2020-10-21,70.65828313514753,25.94438146236424,80.07146044805489,5.86267769474675,31.996274519799897,47.776901501938305,41.94867071401841,NEUTRAL,HOLD
2020-10-22,70.99208078194151,30.346153368391953,81.22630838440207,5.872380851461329,38.67488030047275,49.87776941132733,42.88148396893099,NEUTRAL,HOLD
2020-10-23,70.30663639973413,27.740638478690972,80.96736852410893,6.712061368894538,42.39839963812885,49.46727341356183,42.0719266476463,NEUTRAL,HOLD
2020-10-24,71.39972331931772,31.75023007028318,82.3996044151789,6.676554061517352,37.21492215891906,50.560370721521394,41.16986540349867,NEUTRAL,HOLD
2020-10-25,70.62262271713473,21.078448117961905,81.6200542898916,6.9767965767184785,34.50808621156931,47.27773781027392,40.11802064085858,NEUTRAL,HOLD
2020-10-26,70.79533393704189,21.30229397973571,81.88470329555858,6.763330861318235,29.287920123942712,46.884405976750216,41.50878511383725,NEUTRAL,HOLD
2020-10-27,75.38714944314371,23.420237153246916,86.80871713029686,6.770754518108007,26.090618574402754,49.4576225824707,43.38535127393933,NEUTRAL,HOLD
2020-10-28,71.85478680770991,24.231726563725076,83.60811339196832,6.859621970306503,25.47683816312818,47.91261747349671,47.776901501938305,NEUTRAL,HOLD
2020-10-29,73.08019943197546,28.308379024748582,84.86996878333542,6.896826701360557,22.26495019432454,49.236167367083404,49.87776941132733,NEUTRAL,HOLD
2020-10-30,73.94484318088088,29.58375269777932,85.59534477558512,7.068723381447188,19.325939389646948,49.69136253000789,49.46727341356183,NEUTRAL,HOLD
2020-10-31,75.39287892917669,30.990811896668735,87.54259054222402,7.7377032108063695,19.03741848283076,50.93848209126903,50.560370721521394,NEUTRAL,HOLD
2020-11-01,74.55182353112183,30.331019710190954,86.97575554848265,7.575753673454852,24.5713824601157,50.93695439361061,47.27773781027392,NEUTRAL,HOLD
2020-11-02,73.00172256181159,22.9766876965961,85.54322689991103,7.820292803196868,21.77563043197486,48.10394103635172,46.884405976750216,NEUTRAL,HOLD
2020-11-03,74.55012951699773,40.58638247901832,89.07576969874975,7.776434669902513,18.44943352463588,53.33819696755282,49.4576225824707,NEUTRAL,HOLD
2020-11-04,75.22337216330654,42.599727395899826,89.92630382573236,7.836604636495998,22.68204083958625,54.64589904254641,47.91261747349671,NEUTRAL,HOLD
2020-11-05,86.05643404947206,47.250353369684554,100.0,7.971795287447764,18.09488872180799,60.63477672256072,49.236167367083404,NEUTRAL,HOLD
2020-11-06,85.49262427079397,48.05762921819666,99.84596808768444,8.281280471222487,29.665703390023978,61.84015061301001,49.69136253000789,NEUTRAL,HOLD
2020-11-07,79.28162626835092,38.031171190838656,93.77198555933785,8.168425903872945,29.9481289678711,56.266754572450566,50.93848209126903,NEUTRAL,HOLD
2020-11-08,83.70606083586664,35.83725386965642,99.20807379554776,8.011306520754353,26.155554619035797,57.72999791730039,50.93695439361061,NEUTRAL,HOLD
2020-11-09,81.85763224162554,52.32589798749841,97.78495025983133,8.837908429250353,24.938853021864787,61.01532578790256,48.10394103635172,NEUTRAL,HOLD
2020-11-10,81.48776838062987,40.89712942788905,97.2169311985553,8.758843753860384,26.857240022260513,58.11354967617739,53.33819696755282,NEUTRAL,HOLD
2020-11-11,84.29501239004308,39.89825431732152,100.0,8.922039887976347,24.097640022823484,59.01113728182211,54.64589904254641,NEUTRAL,HOLD
2020-11-12,88.02358259150583,45.85130628192336,100.0,13.68221844590096,20.476946901072807,61.969928804925004,60.63477672256072,BULL,DEPLOY_ALTS
2020-11-13,87.79824481569992,39.003890586926424,100.0,16.527749650655426,24.348857548399778,61.004494293879866,61.84015061301001,BULL,DEPLOY_ALTS
2020-11-14,85.69916861677686,37.104089670787914,98.09856826955013,18.512288979797326,24.065541099529824,59.788884113562645,56.266754572450566,NEUTRAL,HOLD
2020-11-15,84.56632029788548,38.49838924758065,97.1302660943011,18.548874888289927,23.36669845151218,59.53954769851574,57.72999791730039,NEUTRAL,HOLD
2020-11-16,89.88887695052739,46.449342374158725,100.0,21.726034162121078,20.59557128603079,63.89746093161914,61.01532578790256,BULL,DEPLOY_ALTS
2020-11-17,96.04568301864711,49.030238954681934,100.0,21.538493230083798,17.133074749716613,66.01534610374884,58.11354967617739,NEUTRAL,HOLD
2020-11-18,95.47493709348527,54.33999646098455,100.0,21.929021689143816,17.716639129566175,67.2884974096199,59.01113728182211,NEUTRAL,HOLD
2020-11-19,94.9824951703262,42.50491545355033,99.79177288337931,23.235362716755077,21.800121632918817,64.74464856196646,61.969928804925004,BULL,DEPLOY_ALTS
2020-11-20,99.66831103253554,55.5234323265903,100.0,31.43394243270209,27.784643937931847,71.27490715010674,61.004494293879866,BULL,DEPLOY_ALTS
2020-11-21,99.11886542128825,54.220301804908345,100.0,32.12328181050664,30.29229868138154,71.13845721732771,59.788884113562645,NEUTRAL,HOLD
2020-11-22,96.99053096530967,54.0614210103465,97.90321617658988,32.23753470629331,37.742338028496924,70.8030217862912,59.53954769851574,NEUTRAL,HOLD
2020-11-23,95.42404937650201,45.3051364000438,97.5680218033031,32.40970996112812,48.203086538685284,69.14886842165991,63.89746093161914,BULL,DEPLOY_ALTS
2020-11-24,99.96329687415151,45.121323042797705,100.0,33.004150332000165,43.37024974306311,70.55696734705123,66.01534610374884,BULL,DEPLOY_ALTS
2020-11-25,96.47918226636459,51.910972860545144,97.69812315211345,33.759824028969014,42.125933137927554,70.73768944360646,67.2884974096199,BULL,DEPLOY_ALTS
2020-11-26,84.33116301404225,44.86498826601266,87.29358416845291,33.36870753150956,44.84720291769041,63.4643392259019,64.74464856196646,BULL,DEPLOY_ALTS
2020-11-27,83.84906428812565,45.13756631230342,87.19756305346725,33.13110737900832,45.64492305769892,63.412781887828146,71.27490715010674,BULL,DEPLOY_ALTS
2020-11-28,88.11894974480761,45.46684210442328,90.7570553961666,33.8668645501127,49.16411306278668,65.950247517577,71.13845721732771,BULL,DEPLOY_ALTS
2020-11-29,90.88163066703072,44.42640135280423,93.49272056698521,33.28989260267509,56.06557523703262,67.66967506581184,70.8030217862912,BULL,DEPLOY_ALTS
2020-11-30,100.0,36.40912072754301,100.0,33.93972350820923,55.60797950046105,69.75403665816324,69.14886842165991,BULL,DEPLOY_ALTS
2020-12-01,93.34565063998953,53.58646634050099,95.20904791634366,34.42675321829508,52.56870765042233,70.86300510817735,70.55696734705123,BULL,DEPLOY_ALTS
2020-12-02,95.20025063948395,45.84675500337448,97.2316160433761,34.76694897091889,54.36091798080243,70.1192212950821,70.73768944360646,BULL,DEPLOY_ALTS
2020-12-03,96.2046849549913,57.43534716574078,98.48120156401393,35.113088723903594,59.09169665950986,74.0926155652719,63.4643392259019,BULL,DEPLOY_ALTS
2020-12-04,90.74092466364576,47.68931054915934,93.8853800655068,35.71954260349115,50.64319723816185,68.34393216382477,63.412781887828146,BULL,DEPLOY_ALTS
2020-12-05,93.00106482674589,46.61803442579976,96.37672642025838,35.17696801810551,60.76770304788226,70.18348884602943,65.950247517577,BULL,DEPLOY_ALTS
2020-12-06,94.25985362787091,42.77297303197747,97.37728235269851,34.888079977976,50.10241047497269,68.69010886108902,67.66967506581184,BULL,DEPLOY_ALTS
2020-12-07,92.56463070683758,48.92180165194443,96.45657655047974,34.00680541480725,47.91901314803749,69.18407706215818,69.75403665816324,BULL,DEPLOY_ALTS
2020-12-08,86.5670642918508,44.14092506744006,91.04351664359275,33.656132038435,45.66793547813324,64.82926723671237,70.86300510817735,BULL,DEPLOY_ALTS
2020-12-09,87.42436968154117,42.97222567575172,92.31456651761786,33.71882237789091,50.05529349045161,65.49663333265266,70.1192212950821,BULL,DEPLOY_ALTS
2020-12-10,85.26275815011302,38.77919964825669,90.33865094645137,34.611287869008976,46.84592032453022,63.217642759192714,74.0926155652719,BULL,DEPLOY_ALTS
2020-12-11,83.40739106196673,40.8857369600198,88.97361349204579,34.188312469715335,44.82154086511686,62.64877521397311,68.34393216382477,BULL,DEPLOY_ALTS
2020-12-12,87.91631956178911,39.65014405801418,93.41563745460705,34.224276508203886,49.15429996405562,65.01963084659783,70.18348884602943,BULL,DEPLOY_ALTS
2020-12-13,89.08946309501111,48.947006339131725,95.37258109391684,33.52459248516635,48.86143036805417,67.95293864165001,68.69010886108902,BULL,DEPLOY_ALTS
2020-12-14,89.43048379436345,46.2319029644014,95.8961837409686,32.39987534477384,48.78986154673082,67.30532508399226,69.18407706215818,BULL,DEPLOY_ALTS
2020-12-15,89.41086100436343,43.48117943356352,96.73939920594236,32.50777444264879,51.291070953830506,67.04670626266875,64.82926723671237,BULL,DEPLOY_ALTS
2020-12-16,100.0,51.180327174817855,100.0,33.73655223987521,51.066188114931975,72.96218344117894,65.49663333265266,BULL,DEPLOY_ALTS
2020-12-17,100.0,54.71183429992907,100.0,34.37503482760951,45.1302253831416,73.34723633743786,63.217642759192714,BULL,DEPLOY_ALTS
2020-12-18,98.85645720558864,71.37172357155698,100.0,34.34118801961963,47.2303281308058,77.37407907058936,62.64877521397311,BULL,DEPLOY_ALTS
2020-12-19,100.0,68.58073984120095,100.0,35.76590826607164,46.98120564433563,77.20819176464455,65.01963084659783,BULL,DEPLOY_ALTS
2020-12-20,96.97179238037089,60.197260516286924,98.0694626792405,34.33006194207265,40.5316241247,72.957417082812,67.95293864165001,BULL,DEPLOY_ALTS
2020-12-21,92.65555395355412,55.671721059364856,94.49032139013694,33.930784695451024,30.4998024142522,68.75225867467772,67.30532508399226,BULL,DEPLOY_ALTS
2020-12-22,95.4982963544949,61.57245584355173,99.07678129746868,33.6708810569067,24.104137287321905,71.31900501399835,67.04670626266875,BULL,DEPLOY_ALTS
2020-12-23,91.4267381794922,65.70522398755357,96.45530660662412,33.53390811247644,8.054175664431583,68.98089255537549,72.96218344117894,BULL,DEPLOY_ALTS
2020-12-24,92.21411769552753,50.76970521474894,98.52172147978281,33.703158060492946,15.985600888981352,66.71503970627413,73.34723633743786,BULL,DEPLOY_ALTS
2020-12-25,96.90536531813981,61.2048885916733,100.0,33.35867976953557,20.289104752215152,71.40554418401211,77.37407907058936,BULL,DEPLOY_ALTS
2020-12-26,100.0,61.11440628948097,100.0,33.478024116427896,13.426343172993398,71.64293950713376,77.20819176464455,BULL,DEPLOY_ALTS
2020-12-27,98.08919197680741,68.54090055485871,99.54125379359908,33.890310040383724,23.30451548800535,73.88423154533481,72.957417082812,BULL,DEPLOY_ALTS
2020-12-28,97.69299836853527,77.80643806921259,100.0,33.005574580586,26.676457591920226,76.37799097414366,68.75225867467772,BULL,DEPLOY_ALTS
2020-12-29,96.14478621584604,74.73880264686986,100.0,33.28528419763563,20.54925655781625,74.57585481189825,71.31900501399835,BULL,DEPLOY_ALTS
2020-12-30,100.0,90.624946657205,100.0,33.24134564903399,18.893956803255676,79.53183419198191,68.98089255537549,BULL,DEPLOY_ALTS
2020-12-31,99.24587395420812,88.240262199625,100.0,35.04871933788488,15.455986284579623,78.63673426530939,66.71503970627413,BULL,DEPLOY_ALTS
2021-01-01,99.04174477439307,73.12458272129211,100.0,37.094733771242915,13.36360575783793,74.89423975411117,71.40554418401211,BULL,DEPLOY_ALTS
2021-01-02,100.0,85.9714231300964,100.0,37.45213023817288,7.604507417353588,77.87112605998539,71.64293950713376,BULL,DEPLOY_ALTS
2021-01-03,100.0,93.55810969303742,100.0,38.80754961810938,39.0883544155022,83.11949530752598,73.88423154533481,BULL,DEPLOY_ALTS
2021-01-04,92.00223539771332,99.52676675751852,94.57901472736971,40.03260518979074,53.46969819554694,82.75002585219087,76.37799097414366,BULL,DEPLOY_ALTS
2021-01-05,97.99823632735642,98.3568935422154,100.0,41.391286730059775,51.96145559818229,85.39353285308798,74.57585481189825,BULL,DEPLOY_ALTS
2021-01-06,100.0,100.0,100.0,45.70467499143869,56.15559000868326,87.47126024958413,79.53183419198191,BULL,DEPLOY_ALTS
2021-01-07,100.0,100.0,100.0,49.434092869472764,49.30878298094248,87.34599222851516,78.63673426530939,BULL,DEPLOY_ALTS
2021-01-08,100.0,91.84319725894564,100.0,50.8875584782962,41.92147659838508,84.78608074631934,74.89423975411117,BULL,DEPLOY_ALTS
2021-01-09,95.92574042494418,81.97960070261281,98.23180196994905,54.203430953919664,53.91382570354459,82.44087991056867,77.87112605998539,BULL,DEPLOY_ALTS
2021-01-10,88.28771340476213,86.94579059695178,92.75682861104484,54.922159749777244,60.54589249690171,81.0670406050323,83.11949530752598,BULL,DEPLOY_ALTS
2021-01-11,77.9744099094075,80.2650529242613,85.09960319115532,52.85733818693996,49.070221381609144,73.31412970832055,82.75002585219087,BULL,DEPLOY_ALTS
2021-01-12,72.45103540226015,74.69131758915894,80.18698328427571,52.39486048313654,47.33771033482779,69.03853678077618,85.39353285308798,BULL,DEPLOY_ALTS
2021-01-13,81.96760918535453,83.20950201335245,89.38651757057198,53.525852078453596,45.39140293693428,75.83797987852033,87.47126024958413,BULL,DEPLOY_ALTS
2021-01-14,85.5741433149152,84.89900930950674,93.84674320340804,54.221253915935975,49.54761960442653,78.75429401036591,87.34599222851516,BULL,DEPLOY_ALTS
2021-01-15,77.89642715736481,83.1693660778933,87.01801550762957,52.6990701314065,57.292220038925294,75.1989552918122,84.78608074631934,BULL,DEPLOY_ALTS
2021-01-16,75.76036968055023,72.04414856185299,85.33211125784226,53.34922537088275,76.02898964390772,73.41085306621996,82.44087991056867,BULL,DEPLOY_ALTS
2021-01-17,74.92475186126522,61.37960669238199,83.87900176627802,53.396990116041145,77.09337276149556,70.3170133782864,81.0670406050323,BULL,DEPLOY_ALTS
2021-01-18,75.51677335930191,70.8472695887891,85.72019353744437,51.79211381303285,78.62454194930915,73.14215937936257,73.31412970832055,BULL,DEPLOY_ALTS
2021-01-19,73.97569067394898,72.5960853739902,84.16566474061642,54.10650972245331,99.682948866652,75.25913283883872,69.03853678077618,BULL,DEPLOY_ALTS
2021-01-20,71.45357317879002,66.54907997083728,82.55387872703615,54.63364069422866,100.0,72.77916379588785,75.83797987852033,BULL,DEPLOY_ALTS
2021-01-21,58.909638096026306,52.22012384084347,70.04856227384016,53.75539480365013,93.76264850193037,62.17720891452735,78.75429401036591,BULL,DEPLOY_ALTS
2021-01-22,64.07964632317497,61.78516084793111,75.23102922983128,54.85422085571358,100.0,67.94452308325856,75.1989552918122,BULL,DEPLOY_ALTS
2021-01-23,61.235332791171494,63.64772479896828,72.70717969908554,54.01609953001601,100.0,66.92638190641303,73.41085306621996,BULL,DEPLOY_ALTS
2021-01-24,61.547259636627,54.571522111707935,73.05768448372206,54.62749742038555,100.0,64.91271992871732,70.3170133782864,BULL,DEPLOY_ALTS
2021-01-25,61.87068064610387,58.286157078261915,73.13571712871068,54.177111793168045,99.07103940566097,65.79355759868008,73.14215937936257,BULL,DEPLOY_ALTS
2021-01-26,62.22260297289143,66.91144864518628,73.48542083756192,54.44389514761681,93.81720091483413,67.64003158430232,75.25913283883872,BULL,DEPLOY_ALTS
2021-01-27,55.51072899043072,53.15487503060067,67.76207299832208,56.16240966962731,86.8168530123472,60.60039880612262,72.77916379588785,BULL,DEPLOY_ALTS
2021-01-28,63.29948064928662,60.59407934697484,74.52025935563731,56.50853816958538,86.35298488826649,66.1539951169216,62.17720891452735,BULL,DEPLOY_ALTS
2021-01-29,64.32071308076756,72.43135440415313,76.96419787124252,61.02850982107865,89.69993255325356,70.92116182800422,67.94452308325856,BULL,DEPLOY_ALTS
2021-01-30,64.31769104311333,62.2406400875942,76.88213011234049,58.690415737289094,91.2281799819822,68.15827371609222,66.92638190641303,BULL,DEPLOY_ALTS
2021-01-31,60.76039456760734,60.38956159996075,73.76121796662247,56.750325801210685,91.52226848553829,65.74252808233231,64.91271992871732,BULL,DEPLOY_ALTS
2021-02-01,61.55754880299516,51.22008336959234,74.44598575470327,56.23237006946028,97.63417983463385,64.35975612811971,65.79355759868008,BULL,DEPLOY_ALTS
2021-02-02,66.31611126968147,73.77320448588759,79.56998840922748,55.086803141451476,84.2371477203316,70.93886742747272,67.64003158430232,BULL,DEPLOY_ALTS
2021-02-03,70.86039136832075,75.58509346001695,84.46912851317782,55.730508309561564,79.04650620496139,73.3124433450664,60.60039880612262,BULL,DEPLOY_ALTS
2021-02-04,68.93241979440859,81.42860330955722,82.49480993123173,56.14036696896424,78.07316346675645,73.7642101439785,66.1539951169216,BULL,DEPLOY_ALTS
2021-02-05,70.25145338963988,86.8541267444635,85.27753664062878,54.2562696475973,81.47997454727283,76.13091293300047,70.92116182800422,BULL,DEPLOY_ALTS
2021-02-06,72.80982190399719,82.10209380553086,88.14772073003493,52.73044631398036,79.81582234551485,75.8891633502374,68.15827371609222,BULL,DEPLOY_ALTS
2021-02-07,71.25432974396803,76.11481060988882,86.73936635404141,51.87019957340673,78.868071736609,73.4202119561428,65.74252808233231,BULL,DEPLOY_ALTS
2021-02-08,86.99194174180282,100.0,100.0,52.8062892518713,57.05750879498957,84.7242767898205,64.35975612811971,BULL,DEPLOY_ALTS
2021-02-09,85.36609301738278,94.3061495977092,100.0,54.67400989765466,55.6391275103674,82.95137954032707,70.93886742747272,BULL,DEPLOY_ALTS
2021-02-10,80.3399633249476,87.07653499684905,95.53091182343125,58.39177241123116,66.7746850086107,80.41353947392854,73.3124433450664,BULL,DEPLOY_ALTS
2021-02-11,85.44468151295122,86.13423828117823,100.0,60.88308495868855,60.468687185388035,82.34629548652201,73.7642101439785,BULL,DEPLOY_ALTS
2021-02-12,83.0473349108787,94.56925170561375,98.68866864447214,62.609217795457496,69.27198005968587,84.61282780384869,76.13091293300047,BULL,DEPLOY_ALTS
2021-02-13,81.72348235990044,96.36622247243788,97.22555875419393,63.69969644853707,65.7065865472657,84.17932519892551,75.8891633502374,BULL,DEPLOY_ALTS
2021-02-14,84.57295635121777,89.90313348624707,100.0,65.07901112785193,56.58883102501815,83.2684050486067,73.4202119561428,BULL,DEPLOY_ALTS
2021-02-15,81.41670284058009,92.20116982150569,97.9982867792817,63.550694518495355,48.19838907977185,81.42740374915827,84.7242767898205,BULL,DEPLOY_ALTS
2021-02-16,82.58773253669092,74.68439197279511,100.0,63.5936550720475,43.732435576377426,77.35970957265093,82.95137954032707,BULL,DEPLOY_ALTS
2021-02-17,87.56352845170893,93.14857784784046,100.0,65.33541525201503,41.48795882986875,83.50531116826193,80.41353947392854,BULL,DEPLOY_ALTS
2021-02-18,84.65291362062204,91.68311989135341,98.71901546757218,65.0684871668702,33.68393855566006,81.18912408313595,82.34629548652201,BULL,DEPLOY_ALTS
2021-02-19,90.05574983319164,100.0,100.0,67.64807462789882,24.61422835207449,84.62535897934976,84.61282780384869,BULL,DEPLOY_ALTS
2021-02-20,88.64403100761336,94.2028229176995,100.0,69.89388559862857,26.533026321613235,83.2813005036645,84.17932519892551,BULL,DEPLOY_ALTS
2021-02-21,90.46396922789476,89.39748327160541,100.0,69.40694021446869,23.51139759889996,82.25074237833007,83.2684050486067,BULL,DEPLOY_ALTS
2021-02-22,82.26164625313169,79.87520537789669,93.3761095166341,70.5520939605775,15.868287343585408,75.49215995218566,81.42740374915827,BULL,DEPLOY_ALTS
2021-02-23,70.62028286413849,70.92570097308395,82.18125888515209,67.3416699323502,0.0,65.45501236939549,77.35970957265093,BULL,DEPLOY_ALTS
2021-02-24,71.58521500516116,90.35325238647934,84.05679129768994,69.70863650048666,7.509725117253282,72.0825038445045,83.50531116826193,BULL,DEPLOY_ALTS
2021-02-25,67.05074080309213,79.29988814711702,78.37629576329,68.90240326717468,0.3380652877943362,65.98462044922053,81.18912408313595,BULL,DEPLOY_ALTS
2021-02-26,63.75620232260749,69.13194791642921,77.2743883758421,67.34853389681022,3.862069720779033,62.3532124076574,84.62535897934976,BULL,DEPLOY_ALTS
2021-02-27,63.042491847830874,74.35101487857251,77.19670452894734,66.26067543565841,5.6435743300162216,63.44330092813225,83.2813005036645,BULL,DEPLOY_ALTS
2021-02-28,61.912782141695324,56.682092630379145,73.79704391174569,59.67191073705339,6.063291738412545,57.06088236685179,82.25074237833007,BULL,DEPLOY_ALTS
2021-03-01,69.14495285902726,66.58742088111357,82.48843806260514,61.45787659586226,6.563255509524396,63.76303573083937,75.49215995218566,BULL,DEPLOY_ALTS
2021-03-02,66.19164112998482,71.80032623196904,79.86373864470885,62.804548930646874,5.8636676285851195,63.787370728385014,65.45501236939549,BULL,DEPLOY_ALTS
2021-03-03,70.0410395549123,79.66922167263375,83.28012710943386,63.19528876881382,4.088665730527424,67.47380259489373,72.0825038445045,BULL,DEPLOY_ALTS
2021-03-04,65.63730487997363,62.00121408973504,79.55080903757944,61.25784523893556,0.0,60.29033357978208,65.98462044922053,BULL,DEPLOY_ALTS
2021-03-05,65.75457740066413,73.1048286072744,79.93089736334744,59.56048852127511,0.0,62.9228331228786,62.3532124076574,BULL,DEPLOY_ALTS
2021-03-06,65.75095833069723,71.112686388852,79.5108888503406,57.235970441205986,11.092569451874795,63.10028937785867,63.44330092813225,BULL,DEPLOY_ALTS
2021-03-07,69.19662303634482,70.85271185677018,83.41312662595664,54.421274388053284,5.0382394784347895,63.821805306338796,57.06088236685179,NEUTRAL,HOLD
2021-03-08,70.25246075894381,78.53642492980512,84.95001759743194,51.866584158180274,18.626944329913456,67.3425300363392,63.76303573083937,BULL,DEPLOY_ALTS
2021-03-09,74.1465901062999,75.03493101174615,88.92982879281836,52.70292572261,19.350621472014936,68.62917654898318,63.787370728385014,BULL,DEPLOY_ALTS
2021-03-10,75.6780641473919,82.16778618822886,90.95848104799836,49.435013438870136,26.12289559317273,71.46460357602224,67.47380259489373,BULL,DEPLOY_ALTS
2021-03-11,77.30331982971268,74.6999500257871,93.77321349479024,48.074067452495605,21.652465543634605,69.99698282655643,60.29033357978208,BULL,DEPLOY_ALTS
2021-03-12,75.37928733631603,84.34882646294275,92.59629987234985,45.96754659642892,16.957178470482532,70.81110262761305,62.9228331228786,BULL,DEPLOY_ALTS
2021-03-13,81.03818083725844,85.96751517758963,99.29428535987063,43.93227607307711,24.29248485584874,74.68128001409552,63.10028937785867,BULL,DEPLOY_ALTS
2021-03-14,77.90895575535566,87.73140405900814,95.48501230586,42.65556285234552,18.427478835939354,72.64362251397648,63.821805306338796,BULL,DEPLOY_ALTS
2021-03-15,71.01266707262066,78.15099582499488,88.63025383889757,41.09416119320545,21.238152861803314,66.85553931097557,67.3425300363392,BULL,DEPLOY_ALTS
2021-03-16,70.95604052015493,79.4777840226038,90.09601653534367,39.419521772706325,24.990859182101147,67.58747565288222,68.62917654898318,BULL,DEPLOY_ALTS
2021-03-17,73.73586993223297,74.5435880557132,93.59210746322164,40.266689415323086,22.49910060518711,67.7649929590597,71.46460357602224,BULL,DEPLOY_ALTS
2021-03-18,71.730781212401,83.969601614982,91.27843620524267,41.06110995767092,24.933422585873558,69.41983076075233,69.99698282655643,BULL,DEPLOY_ALTS
2021-03-19,71.98122284104194,79.72894535462267,91.46919123265917,40.46787708249593,29.362633298079416,68.82688632968241,70.81110262761305,BULL,DEPLOY_ALTS
2021-03-20,71.62134081527813,79.70813186758504,91.32826232955135,39.15731599115267,22.35480461504777,67.78816553756765,74.68128001409552,BULL,DEPLOY_ALTS
2021-03-21,69.9242043628596,76.92945393637623,89.55939041697482,36.090492203199446,29.750135766091915,66.51009028343601,72.64362251397648,BULL,DEPLOY_ALTS
2021-03-22,64.78130799484603,70.81975341586839,83.64357000569076,34.718247572218424,32.782076774146816,62.35398956680651,66.85553931097557,BULL,DEPLOY_ALTS
2021-03-23,64.26563989086965,75.36334587275452,83.70352103484514,34.1825922832942,33.29006331300931,63.317627816213616,67.58747565288222,BULL,DEPLOY_ALTS
2021-03-24,60.85073497773027,67.26952521274659,79.83425532779218,33.64155091451026,34.519393028706304,59.537624802111324,67.7649929590597,BULL,DEPLOY_ALTS
2021-03-25,58.80937831539704,66.17926554764283,77.57944086983511,35.963353595503776,38.97055817077197,58.995076911899595,69.41983076075233,BULL,DEPLOY_ALTS
2021-03-26,63.23337644580743,62.032089861547135,83.52885609078083,34.87518001170035,38.10738177920594,60.22582179696083,68.82688632968241,BULL,DEPLOY_ALTS
2021-03-27,64.68314546740982,73.14062840202095,84.55285071699113,35.7354783831813,42.0479142353274,64.16578406513635,67.78816553756765,BULL,DEPLOY_ALTS
2021-03-28,63.9269071524447,71.75172877705532,84.05312440454775,34.90270088578445,40.68913823024174,63.230948176798634,66.51009028343601,BULL,DEPLOY_ALTS
2021-03-29,66.22097205666823,71.85517175371668,86.98930463734396,34.66327906076676,44.257422914966725,64.85317963351012,62.35398956680651,BULL,DEPLOY_ALTS
2021-03-30,67.25204684886343,71.56382238574383,88.39376876377219,34.56590232383279,42.86998761870543,65.21720751429488,63.317627816213616,BULL,DEPLOY_ALTS
2021-03-31,66.90306677393903,77.45262618488755,88.17119783554634,31.887369047566537,47.72805662739032,66.62422716538687,59.537624802111324,NEUTRAL,HOLD
2021-04-01,66.25504949218866,69.65526055682926,87.79244919269026,32.55691827726801,52.756687235436395,65.00802629053581,58.995076911899595,NEUTRAL,HOLD
2021-04-02,66.06780024238326,66.92574785066724,87.88524970872732,28.065589676711824,59.923418029772,64.33100723161124,60.22582179696083,BULL,DEPLOY_ALTS
2021-04-03,63.31316193925248,58.92131577561506,84.1436715882652,28.27827586911185,56.197216609253346,60.41447488462467,64.16578406513635,BULL,DEPLOY_ALTS
2021-04-04,64.38395389686652,66.21642478026052,85.80028605505123,28.004268668502846,58.22299896591194,63.052289772001956,63.230948176798634,BULL,DEPLOY_ALTS
2021-04-05,64.81930486508593,73.66086146948014,86.27422003836664,29.381695398424025,49.990528396214074,64.52215798395414,64.85317963351012,BULL,DEPLOY_ALTS
2021-04-06,62.37527248117313,67.19976588028558,84.85607674500221,23.9838397581358,52.856382920912615,61.36695281923541,65.21720751429488,BULL,DEPLOY_ALTS
2021-04-07,59.54836965670054,69.91705895118034,81.30323378791392,26.14955748371177,44.34097238972139,59.960953253916934,66.62422716538687,BULL,DEPLOY_ALTS
2021-04-08,61.58237845869502,60.27228296017169,84.22944292586688,26.460286948110713,49.60766416963078,59.318482322004485,65.00802629053581,BULL,DEPLOY_ALTS
2021-04-09,61.42463240494471,70.72947247881426,84.05574218823489,27.230513601692962,54.91000292703101,62.496483611791,64.33100723161124,BULL,DEPLOY_ALTS
2021-04-10,63.14506898022236,73.22644627785685,86.76683858475907,25.548506459090763,57.55683505741355,64.19145945508771,60.41447488462467,BULL,DEPLOY_ALTS
2021-04-11,63.23063466942024,64.62029372108539,86.44363463525805,25.54793824741267,59.99326729591494,62.24450822485243,63.052289772001956,BULL,DEPLOY_ALTS
2021-04-12,62.71582485282442,65.8864887067207,85.9820826267683,26.86448285893533,58.117048768235705,62.32416346354503,64.52215798395414,BULL,DEPLOY_ALTS
2021-04-13,66.79515594130507,70.02731336767577,91.66657815498571,28.19191101225827,59.59311743180595,66.06678915032695,61.36695281923541,BULL,DEPLOY_ALTS
2021-04-14,65.1930893318379,67.79606525970792,90.03380388551702,30.423333901944222,66.00994897475266,65.67819887434865,59.960953253916934,NEUTRAL,HOLD
2021-04-15,65.0133461044876,88.26304957930464,90.27947482199751,32.51386779065094,70.69565701980314,71.57230706114989,59.318482322004485,NEUTRAL,HOLD
2021-04-16,62.45373840363385,49.59389296904992,87.18460689726686,31.867305487928498,71.90437413994694,60.54204937998997,62.496483611791,BULL,DEPLOY_ALTS
2021-04-17,60.4280700079563,44.08850456523395,84.86549306714083,32.18366522861015,70.87516072712631,58.03871161412769,64.19145945508771,BULL,DEPLOY_ALTS
2021-04-18,54.3653398542148,58.691502152250116,78.11317166479442,32.81635347611822,72.07547550509072,58.73511239921265,62.24450822485243,BULL,DEPLOY_ALTS
2021-04-19,53.458023648670114,45.74172225274617,76.92610760675662,32.353618706323864,69.4766794787894,54.65876993296642,62.32416346354503,BULL,DEPLOY_ALTS
2021-04-20,54.13913291646073,66.07975043488425,77.58159146332267,34.038707677243494,77.13951652276549,61.09775358018689,66.06678915032695,BULL,DEPLOY_ALTS
2021-04-21,50.88049852469454,48.05405409363404,73.94449425642577,34.80508643788185,84.95676890058348,55.78300178784265,65.67819887434865,BULL,DEPLOY_ALTS
2021-04-22,47.93064732932095,65.29121184647263,70.14875905147,34.38004567509278,94.98406664307764,59.387162486280126,71.57230706114989,BULL,DEPLOY_ALTS
2021-04-23,46.64357056241483,58.61954599333696,68.6946895299318,33.3150979973963,94.85148165774099,56.8693084384286,60.54204937998997,BULL,DEPLOY_ALTS
2021-04-24,45.6192309494925,54.39595795134989,66.8022072274667,34.28980701615734,87.78282996770749,54.56695426737291,58.03871161412769,NEUTRAL,HOLD
2021-04-25,43.872678626566355,47.8852439528568,64.77664154993803,34.72624240481124,95.43847973431367,52.84122722032477,58.73511239921265,NEUTRAL,HOLD
2021-04-26,50.048361797759256,45.98515765966528,72.48593565771952,34.63440269914112,95.17262382096881,55.72040787275605,54.65876993296642,NEUTRAL,HOLD
2021-04-27,51.07629105682226,58.30389377364496,73.84725801573435,36.64139097006831,100.0,60.16452100911503,61.09775358018689,BULL,DEPLOY_ALTS
2021-04-28,50.60222971420883,55.97356087155774,73.31946216001384,36.2880541543474,100.0,59.28115968730696,55.78300178784265,NEUTRAL,HOLD
2021-04-29,48.76940952933142,46.59238958667406,71.17790164597702,36.40387950424234,100.0,55.975082510299686,59.387162486280126,NEUTRAL,HOLD
2021-04-30,53.63293945892384,60.982369278109196,77.56351626197223,39.17940426273762,86.76677607411035,61.40176565642058,56.8693084384286,NEUTRAL,HOLD
2021-05-01,53.612859825705016,55.135402552670456,77.2724766749701,37.25930756232994,92.4094511811529,60.15204517333792,54.56695426737291,NEUTRAL,HOLD
2021-05-02,51.83412691945251,71.7737556398508,75.12530444962405,42.78737181056553,88.04878897963607,63.7417225452717,52.84122722032477,NEUTRAL,HOLD
2021-05-03,52.44602004826828,70.55713988187124,75.80343239838588,42.34366549721453,100.0,64.88532728920765,55.72040787275605,NEUTRAL,HOLD
2021-05-04,47.89850313647773,65.56624035391722,69.7787146553877,44.19831975726714,100.0,61.34660192409023,60.16452100911503,BULL,DEPLOY_ALTS
2021-05-05,52.15209259109428,60.80475708774227,75.67436331981988,45.11732818061024,100.0,62.74928894031936,59.28115968730696,NEUTRAL,HOLD
2021-05-06,50.74916677408916,65.3142973075429,74.00147030254325,56.30473870659674,98.7645215207766,64.6757813776883,55.975082510299686,NEUTRAL,HOLD
2021-05-07,51.2840599929235,66.58570648971806,75.06679953087765,57.26373111412516,99.20189856204026,65.5547540498049,61.40176565642058,BULL,DEPLOY_ALTS
2021-05-08,52.83149577872999,66.50469148612882,76.97143075831693,67.36376589925979,100.0,67.97447264170356,60.15204517333792,BULL,DEPLOY_ALTS
2021-05-09,52.06451868517343,70.48278630651971,75.8607509979092,65.61892937322126,100.0,68.25504178774699,63.7417225452717,BULL,DEPLOY_ALTS
2021-05-10,49.00698408229226,66.33824034820847,72.0959291787771,67.96103795336458,100.0,65.89999684049991,64.88532728920765,BULL,DEPLOY_ALTS
2021-05-11,49.72449908140963,62.8478912300341,73.42223746191769,69.50085282012392,100.0,65.73889794733354,61.34660192409023,BULL,DEPLOY_ALTS
2021-05-12,42.7149858654852,53.02384375046392,62.7224011456914,68.54855402972969,100.0,58.89722003085927,62.74928894031936,BULL,DEPLOY_ALTS
2021-05-13,40.73738170737078,48.46593485524628,62.49934305496767,64.07543587995424,91.20125104791234,55.56900732380071,64.6757813776883,BULL,DEPLOY_ALTS
2021-05-14,41.468390833001365,38.67781288973868,62.23626404895566,63.527386382044725,96.91001953801513,53.777333193234426,65.5547540498049,BULL,DEPLOY_ALTS
2021-05-15,37.87791839713414,31.08053118597562,57.360830560725105,61.415979469707985,90.7102046657711,48.889091814812474,67.97447264170356,BULL,DEPLOY_ALTS
2021-05-16,36.63979291348334,33.16349672365382,56.92068747262351,60.989430513731016,88.7976915754586,48.69513328408867,68.25504178774699,BULL,DEPLOY_ALTS
2021-05-17,33.69189040278941,28.062254973380124,52.581282723084385,58.384391956932916,87.3966048770803,45.1367066900467,65.89999684049991,BULL,DEPLOY_ALTS
2021-05-18,32.886918010356005,20.54932421054765,51.42747118648465,56.95090069696725,91.01781128757641,42.93331692634337,65.73889794733354,BULL,DEPLOY_ALTS
2021-05-19,26.906623775826365,24.810101252311455,42.653834592406376,54.23319159615904,77.4061175942376,38.68086986315467,58.89722003085927,NEUTRAL,HOLD
2021-05-20,30.920002288094334,24.6671334729886,47.26382329870783,55.24950011667489,73.52963030107679,40.53593676202593,55.56900732380071,NEUTRAL,HOLD
2021-05-21,26.544448566170413,21.131934757316806,42.55689003618035,58.94336469561941,63.09756263452046,36.90895723421135,53.777333193234426,NEUTRAL,HOLD
2021-05-22,27.211503396850826,21.587306834935806,42.74354307562579,60.26010445331875,53.18133309125481,36.46613532003765,48.889091814812474,NEUTRAL,HOLD
2021-05-23,23.692741125790242,19.09458452648746,38.890120907911694,61.190372397506565,51.574866577844816,33.995535168351736,48.69513328408867,NEUTRAL,HOLD
2021-05-24,28.37063368570917,24.882787712114908,44.24953333015079,61.32153454762722,67.60886657708065,39.54091053962378,45.1367066900467,NEUTRAL,HOLD
2021-05-25,27.9887977601954,23.114316925930346,43.52347310888097,62.58811311669903,66.68433703295624,38.93656385211788,42.93331692634337,NEUTRAL,HOLD
2021-05-26,29.110785892280383,23.53165705146589,45.20413971443606,63.42731815233058,71.00090049615696,40.271165745903076,38.68086986315467,NEUTRAL,HOLD
2021-05-27,28.306025112437034,20.922072606328317,43.986588858990686,61.557334156286046,66.0454476641458,38.35778834696882,40.53593676202593,NEUTRAL,HOLD
2021-05-28,24.759475592995013,18.913862076443042,39.583196256901935,63.09058614387036,57.7875830325082,35.31529367322103,36.90895723421135,NEUTRAL,HOLD
2021-05-29,23.65738508132977,16.46854259763524,38.13772749939987,62.67465035767196,52.34657372380925,33.47775159971943,36.46613532003765,NEUTRAL,HOLD
2021-05-30,24.831826312598572,23.596294040143956,39.452060955353105,59.66896978530708,59.924162614137416,36.18179532409599,33.995535168351736,BEAR,EXIT
2021-05-31,26.898644740412546,24.763361060869272,41.766162638267865,58.73664485067852,63.2804432524159,37.752207267838024,39.54091053962378,NEUTRAL,HOLD
2021-06-01,26.04441687266726,24.326856476488253,40.72085049302753,57.02316938327285,59.86318682235505,36.57900336925418,38.93656385211788,NEUTRAL,HOLD
2021-06-02,27.284649922531962,31.507236024896457,42.11688991795581,60.44422456573362,46.95404503471008,38.24762015490592,40.271165745903076,NEUTRAL,HOLD
2021-06-03,29.114816765608996,28.032365794599666,44.17704299443975,58.199718945386245,46.750051473357814,37.98290806636428,38.35778834696882,NEUTRAL,HOLD
2021-06-04,26.33278533360282,21.354450538495364,40.86501396779078,55.84612737704637,45.561017078595725,34.344471842679376,35.31529367322103,NEUTRAL,HOLD
2021-06-05,24.521986878850875,19.517228840454003,38.76414881602352,51.86857783197611,46.253341829615756,32.39435389473146,33.47775159971943,BEAR,EXIT
2021-06-06,24.932765850878397,24.005744100967934,39.11493108359182,50.88000362014801,51.37267132394361,34.07351967264043,36.18179532409599,NEUTRAL,HOLD
2021-06-07,22.507376400542793,18.10763629467288,35.58530643105867,49.330113142010354,44.732545820223066,30.26895483336665,37.752207267838024,NEUTRAL,HOLD
2021-06-08,22.300702832504122,21.75241444026643,35.68195667640976,48.33650415343505,39.60494614223832,30.47567603233889,36.57900336925418,NEUTRAL,HOLD
2021-06-09,27.09902335711148,19.968362776652427,41.41530718885127,46.95184297641482,23.74981880835678,30.822617466364708,38.24762015490592,NEUTRAL,HOLD
2021-06-10,26.440993334665652,17.888586097721763,40.39826144335127,43.64936437969922,16.752281886015126,28.706729659056784,37.98290806636428,NEUTRAL,HOLD
2021-06-11,26.871445523873135,14.719434761190154,40.88345792001864,43.2589357131142,0.0,26.406824288430336,34.344471842679376,BEAR,EXIT
2021-06-12,24.981105460790225,19.655592356684746,38.46718285138106,44.68039523272094,17.416797870247294,28.545405369617338,32.39435389473146,BEAR,EXIT
2021-06-13,29.046099463485074,22.246409767444657,43.417400640982315,41.70244124244952,0.27590069690120345,29.2418686651607,34.07351967264043,BEAR,EXIT
2021-06-14,30.87245838510168,24.909263908527286,45.458029567081816,40.82838897955665,4.368068865155095,31.141724639527695,30.26895483336665,BEAR,EXIT
2021-06-15,30.57398563420626,23.568812904391898,45.013260266065984,41.00245974779185,7.3063512513299855,30.948055056874825,30.47567603233889,BEAR,EXIT
2021-06-16,28.081905604290597,19.63750971858833,41.97480373316311,40.73054107140467,6.616182410996714,28.500109259377254,30.822617466364708,BEAR,EXIT
2021-06-17,27.820984320517212,20.901371751984456,41.71386337918746,38.75562228001888,1.1701337316727916,27.84476762515888,28.706729659056784,BEAR,EXIT
2021-06-18,24.95682632164181,17.368974296029698,38.329516840737504,41.75488454927931,19.228015688597793,27.681229089899144,26.406824288430336,BEAR,EXIT
2021-06-19,24.77135281357004,11.94975420272148,37.83655295809681,38.242455205635935,17.255549087696338,25.448078175985767,28.545405369617338,BEAR,EXIT
2021-06-20,24.83095746872682,12.451575949212659,38.066241098952,33.90772839717145,26.641025521674393,25.925691259454762,29.2418686651607,BEAR,EXIT
2021-06-21,20.048088332024037,10.114093934852548,32.193262019594265,32.935421613312165,26.858461662205883,22.607761795456614,31.141724639527695,BEAR,EXIT
2021-06-22,20.94649852756312,7.959001208909459,33.280534077453794,32.50260136589201,25.148985736931607,22.32009545456402,30.948055056874825,BEAR,EXIT
2021-06-23,22.49802485106846,11.181342076370363,34.93111877111659,31.538062743837976,12.70170723532702,22.531846863744843,28.500109259377254,BEAR,EXIT
2021-06-24,23.819479594965053,12.451810284334627,36.259234666583694,29.242964691199454,6.708382030643378,22.567926289634165,27.84476762515888,BEAR,EXIT
2021-06-25,20.43195110272617,11.327407749296023,32.32316446608344,26.912816030534415,2.4131584046779437,19.7043084064065,27.681229089899144,BEAR,EXIT
2021-06-26,20.735436026591465,6.52117596753883,32.39142513487082,25.917468746631073,3.480172969466537,18.564847435777626,25.448078175985767,BEAR,EXIT
2021-06-27,24.062943394868416,1.0138441581197772,36.003891079363136,25.469119037886234,10.016835904967877,19.49517372004282,25.925691259454762,BEAR,EXIT
2021-06-28,23.900674288345595,8.668553673486661,35.875311327410465,23.475864645374216,19.619106752941846,21.995693342457752,22.607761795456614,BEAR,EXIT
2021-06-29,25.89699926102081,9.968907810315297,37.81363250670371,23.692372270109036,18.359303203632706,23.213839393105435,22.32009545456402,BEAR,EXIT
2021-06-30,24.79365707739114,9.270087257183386,36.62546152928273,23.04636341971701,16.682516676817826,22.20591742400907,22.531846863744843,BEAR,EXIT
2021-07-01,22.836796861339444,10.47893627451782,34.46071668423413,23.216942963931185,15.059116285459538,21.351369537013746,22.567926289634165,BEAR,EXIT
2021-07-02,23.30655985194447,8.918978774878141,34.79308869756845,21.656153489869574,15.279475850331409,20.956700997330145,19.7043084064065,BEAR,EXIT
2021-07-03,24.340412439634843,17.540408447853725,35.835549700180394,20.633321575517733,13.8510781424431,23.334441834461938,18.564847435777626,BEAR,EXIT
2021-07-04,25.318712231917644,14.773642148558908,36.71229872106723,19.786057555661465,17.713869688902818,23.37077955316797,19.49517372004282,BEAR,EXIT
2021-07-05,23.46294498811538,17.414778852962126,34.596123770364585,19.456543959808098,15.908768099769361,22.821161367696217,21.995693342457752,BEAR,EXIT
2021-07-06,23.745771953778785,19.716343447428887,34.85450654850592,19.76746235364505,16.92160665555801,23.680998776294597,23.213839393105435,BEAR,EXIT
2021-07-07,23.4950920796953,15.021562794673313,34.49633984879986,19.74008037028225,14.973142585584327,22.16151260643766,22.20591742400907,BEAR,EXIT
2021-07-08,22.09541633747666,17.217788063495092,33.04731772345099,19.38979379850989,11.50401502954442,21.60140603453789,21.351369537013746,BEAR,EXIT
2021-07-09,23.50215943984163,16.30313740421826,34.44928940686051,18.58552463820682,19.304065966787235,22.7345253567889,20.956700997330145,BEAR,EXIT
2021-07-10,23.112172569308385,22.160731792133202,34.02500645872666,19.465421665096315,22.22282771793725,24.420932032129322,23.334441834461938,BEAR,EXIT
2021-07-11,23.94652317978386,14.877222661823355,34.80436520320893,18.548281745920463,28.962735547896358,23.54265147671049,23.37077955316797,BEAR,EXIT
2021-07-12,22.473496874899134,14.545238555695231,33.30687418674074,18.36142150106448,19.94028483388861,21.787975247290227,22.821161367696217,BEAR,EXIT
2021-07-13,21.863023660435534,16.174312934795815,32.44266571801969,17.691420355993216,21.477885163482625,21.892520045180795,23.680998776294597,BEAR,EXIT
2021-07-14,22.092808269118315,23.096686878421423,32.67753316037421,18.8253938458482,24.75917283820563,24.237247193113486,22.16151260643766,BEAR,EXIT
2021-07-15,20.728137145455023,13.331363111609672,31.03057810494253,18.687402316679016,24.225950973092765,20.98310298733856,21.60140603453789,BEAR,EXIT
2021-07-16,20.441413497728828,17.17435327378298,30.535638808123274,18.325728615153807,26.32002144448164,21.914001566110283,22.7345253567889,BEAR,EXIT
2021-07-17,20.396790511102385,15.764944165592915,30.756856085049183,18.97658498216069,26.549778211785906,21.713109980241477,24.420932032129322,BEAR,EXIT
2021-07-18,20.620819097427745,16.192783690360184,31.173489152007427,18.37407999232899,25.531550693231026,21.778406550392308,23.54265147671049,BEAR,EXIT
2021-07-19,19.575863484634485,20.45354396304349,29.759814491833602,17.749027606436506,26.40233282327118,22.24069535781053,21.787975247290227,BEAR,EXIT
2021-07-20,18.139399507237588,10.383069602649995,28.399184582293497,17.24685358953914,24.69493912310479,18.773946120033823,21.892520045180795,BEAR,EXIT
2021-07-21,21.192583113152068,16.73251380830947,31.694991547311574,17.020009388830655,32.735311861086814,22.70643428991858,24.237247193113486,BEAR,EXIT
2021-07-22,21.414436431689047,18.299829356605517,31.68675181610489,16.6641269288727,38.19591756801811,23.65584942801179,20.98310298733856,BEAR,EXIT
2021-07-23,22.976611995267223,15.691253405245833,33.0846954182164,16.21695803103867,37.74049589143459,23.639329327334163,21.914001566110283,BEAR,EXIT
2021-07-24,23.91521889172035,20.079391874100633,34.08072094067881,16.147900808374388,40.678170941398264,25.500560039573013,21.713109980241477,BEAR,EXIT
2021-07-25,25.14859825666587,20.876325679681056,35.73886125999048,16.466826252327653,37.99925105249391,26.181382192016663,21.778406550392308,BEAR,EXIT
2021-07-26,27.966171016041784,22.16358061673534,38.1908788735054,16.540773443938473,35.79675922873294,27.629714173161517,22.24069535781053,BEAR,EXIT
2021-07-27,29.77447683746428,28.46574320139217,40.589082733629425,16.686639527298713,32.766689704363316,29.946260297844354,18.773946120033823,BEAR,EXIT
2021-07-28,30.580916317798483,26.165658184869443,41.825543293000614,18.07685193083758,24.56548918474971,29.24887480825764,22.70643428991858,BEAR,EXIT
2021-07-29,30.16237298194634,26.727166063833636,41.67762002812801,17.485328399669868,28.173851119621347,29.506211788080527,23.65584942801179,BEAR,EXIT
2021-07-30,32.22558101448498,30.065744262122184,44.27740507411637,17.92968485799046,18.973863829791,30.626430496376983,23.639329327334163,BEAR,EXIT
2021-07-31,32.195496365498514,27.60602730071356,43.94565913122231,17.581891626169927,25.856164789250144,30.572187783922914,25.500560039573013,BEAR,EXIT
2021-08-01,29.881629446966883,24.698946532254375,41.35928700591604,16.666126289807853,30.024711517801975,28.91347296358824,26.181382192016663,BEAR,EXIT
2021-08-02,29.020780763973157,21.554131836452655,40.42136055193935,16.535431388644135,34.11783194407715,28.071137201397317,27.629714173161517,BEAR,EXIT
2021-08-03,27.75097824934723,26.66531493825353,39.11512896488981,16.391956209637094,29.410701934121732,28.21451162720325,29.946260297844354,BEAR,EXIT
2021-08-04,29.593057071991108,20.200318780559904,40.92597736928531,16.286186125545566,35.09572918275508,28.065693127701714,29.24887480825764,BEAR,EXIT
2021-08-05,31.022955221528775,26.882435170767778,42.30902155460353,15.920753973445786,31.345631535510137,30.011975919639163,29.506211788080527,BEAR,EXIT
2021-08-06,33.26216196968947,28.42104120868098,44.90627124193594,16.222748993378172,28.355532801300924,31.334128770601094,30.626430496376983,BEAR,EXIT
2021-08-07,35.33547449834894,32.04538614024599,47.312483233222665,16.52827542431018,39.43845006296159,34.497571851153396,30.572187783922914,BEAR,EXIT
2021-08-08,34.64253542115756,28.654702986109694,46.012497771846775,17.12663392237405,38.66490546534321,33.19442156213447,28.91347296358824,BEAR,EXIT
2021-08-09,37.368748177722004,29.476003426706647,49.365420961772664,17.329409225415286,37.359044912018945,34.78802537736198,28.071137201397317,BEAR,EXIT
2021-08-10,36.290245869854054,32.26453149341707,48.36089082158521,17.496613078586037,40.743272546477584,35.32420401506319,28.21451162720325,BEAR,EXIT
2021-08-11,36.451444866879825,27.27959837489513,48.279408666704164,17.850325426446304,42.99377216992496,34.388140818088004,28.065693127701714,BEAR,EXIT
2021-08-12,34.80229217072,27.192999700084375,46.632084142372626,18.19601921207423,44.473403010599476,33.7420975875827,30.011975919639163,BEAR,EXIT
2021-08-13,38.82974641483237,27.942781578411868,50.84900442678055,17.475856326584907,44.215346433890225,35.84733329678555,31.334128770601094,BEAR,EXIT
2021-08-14,37.93695460055126,32.793767389903024,49.902108810439024,17.66136285062618,44.63097936140842,36.67225235346371,34.497571851153396,BEAR,EXIT
2021-08-15,37.829917951374284,37.46253378267495,49.71284676279775,18.81695404204778,47.29521455277006,38.20924274522475,33.19442156213447,BEAR,EXIT
2021-08-16,36.40550653732769,30.91047968421268,48.288046533568405,18.69257829553426,43.48537374182884,35.45930530747818,34.78802537736198,BEAR,EXIT
2021-08-17,34.7873127009531,32.16451365223429,46.20127790345521,18.60352447675815,43.329122387136444,34.84101871426291,35.32420401506319,NEUTRAL,HOLD
2021-08-18,35.00826674858881,22.8992656732674,46.74989955848311,19.503415224823232,43.70893163572808,32.873681801886406,34.388140818088004,BEAR,EXIT
2021-08-19,37.01687949800816,29.19097649898083,48.949079162836675,19.28685617578144,41.047625002591914,35.1904147333414,33.7420975875827,BEAR,EXIT
2021-08-20,40.08623769793501,33.0887326645242,52.089151516744124,19.53422038456457,37.70818298844686,37.41683613538976,35.84733329678555,NEUTRAL,HOLD
2021-08-21,39.78816110782042,35.30599341895456,51.630446128294494,19.64794586562764,35.35331817945617,37.57155961053343,36.67225235346371,NEUTRAL,HOLD
2021-08-22,40.073107246595114,33.77848053713623,51.93713117761318,19.436050595399465,34.25959421041367,37.19534555413652,38.20924274522475,NEUTRAL,HOLD
2021-08-23,40.18793256288172,43.26965434822599,52.177686558319614,19.872341368172037,35.20979427957475,39.81116130076822,35.45930530747818,NEUTRAL,HOLD
2021-08-24,38.09281298200727,29.647870512257825,49.99319556754349,20.342865431385178,36.363354422031804,35.526215893086295,34.84101871426291,BEAR,EXIT
2021-08-25,39.124330852565414,32.0200315871931,51.28156212131969,20.233264872339475,39.942330134147355,37.027842321097495,32.873681801886406,BEAR,EXIT
2021-08-26,36.79848198286294,26.492951632827875,48.851685185949684,19.787091156321086,42.76662943532372,34.677846157236324,35.1904147333414,NEUTRAL,HOLD
2021-08-27,39.00611306384261,27.939921989209743,51.17489212372271,20.090842835594287,45.07189372863271,36.442608639402174,37.41683613538976,NEUTRAL,HOLD
2021-08-28,38.7109172731219,26.289690686495813,50.87540226837618,20.283403566238327,40.89811779521993,35.4931006216935,37.57155961053343,NEUTRAL,HOLD
2021-08-29,38.78401611768187,30.171094642601233,50.73026427145611,20.29073414947922,42.06907059991255,36.57454853265922,37.19534555413652,NEUTRAL,HOLD
2021-08-30,36.506649082589114,23.132098731409933,48.30603170599536,20.21232997120093,42.41165927117526,33.669241171625956,39.81116130076822,NEUTRAL,HOLD
2021-08-31,36.55290759097885,25.62720999043095,48.483500776293766,20.40908404071452,44.116159911324395,34.54235352739976,35.526215893086295,NEUTRAL,HOLD
2021-09-01,38.22662293730708,25.018813333269176,50.314051778590766,21.296440543388336,47.03665972546697,35.68363262428252,37.027842321097495,NEUTRAL,HOLD
2021-09-02,38.94337881627911,28.69100997138189,50.87677743871342,22.638778298994193,47.756938392234474,37.20263220954447,34.677846157236324,BEAR,EXIT
2021-09-03,39.44863928336992,28.724336403998468,51.53948726019411,23.693116217197215,46.11835996676943,37.48937676730594,36.442608639402174,NEUTRAL,HOLD
2021-09-04,39.44631742990585,30.30721081413076,51.53141638900838,23.632679297484945,43.87370616353282,37.64925372128214,35.4931006216935,NEUTRAL,HOLD
2021-09-05,41.59549216536519,34.09503291433563,53.58835787079595,23.857581460327943,44.26103410051609,39.724818081453456,36.57454853265922,NEUTRAL,HOLD
2021-09-06,42.55327139053346,37.48414079349296,54.81113419883027,24.21658216127772,36.53513773849253,40.38524455334024,33.669241171625956,BEAR,EXIT
2021-09-07,35.59494373982968,27.055941956597085,47.32101224833803,25.77503752874778,37.114066686521156,34.48433335873006,34.54235352739976,BEAR,EXIT
2021-09-08,34.77091667313134,23.27772839138035,46.06291860669702,26.97050432104818,43.925664185819066,33.901432887863024,35.68363262428252,NEUTRAL,HOLD
2021-09-09,34.980809856429865,22.24644790699092,46.5304075797856,26.843365053053112,37.33275747790241,33.12171695538201,37.20263220954447,NEUTRAL,HOLD
2021-09-10,32.95123877107235,20.63366176582951,44.249075225066385,26.67250754635698,33.33147573557898,31.227625823303804,37.48937676730594,NEUTRAL,HOLD
2021-09-11,33.336390628640935,23.646583148273105,44.6706681755151,27.04173020617712,35.89741812114701,32.49269795380484,37.64925372128214,NEUTRAL,HOLD
2021-09-12,34.612131660896,24.025094755420344,45.86041790266911,26.920459575364713,37.397187600277924,33.339784463990206,39.724818081453456,NEUTRAL,HOLD
2021-09-13,33.173436953163886,26.2572283565669,44.43171302853408,26.601500353520706,35.902494552603045,32.98315528908611,40.38524455334024,NEUTRAL,HOLD
2021-09-14,35.54050683985289,30.127460650256623,46.88467280473913,26.56052474863561,33.57732936762757,34.91276342452595,34.48433335873006,BEAR,EXIT
2021-09-15,36.76845119338532,24.370329981857513,48.1271170925999,25.284378847721463,39.3908192929062,34.480280028448796,33.901432887863024,BEAR,EXIT
2021-09-16,36.25708650054686,22.503465688969616,47.643626985316516,25.404936383475267,40.43024263663515,33.88548249065457,33.12171695538201,BEAR,EXIT
2021-09-17,35.510886378740054,24.631326042397525,46.72813109372153,25.232910031784954,36.7208418677709,33.613744334510535,31.227625823303804,BEAR,EXIT
2021-09-18,36.66034096532949,27.26436743145883,47.94871115652876,25.397107297588033,36.995686083269874,34.91307108173449,32.49269795380484,BEAR,EXIT
2021-09-19,35.44415239655449,27.52755033816906,46.72625862475661,24.985831716431015,36.03475360477777,34.21173514640236,33.339784463990206,BEAR,EXIT
2021-09-20,30.287638610224327,24.752776928581223,41.051451311270334,24.695350241906887,35.31918997616734,30.720997611369437,32.98315528908611,BEAR,EXIT
2021-09-21,27.551102339667903,13.762461479279528,37.78050555718321,24.756868755801303,32.7554861386931,26.251126110396402,34.91276342452595,BEAR,EXIT
2021-09-22,31.184121863804027,18.310985938905894,41.74113226654402,24.566756930675695,34.77486541044854,29.44370957782269,34.480280028448796,BEAR,EXIT
2021-09-23,32.6926031244369,26.5253394845686,43.417257086308155,24.635035453775338,36.15420626558511,32.43324317035966,33.88548249065457,BEAR,EXIT
2021-09-24,30.232401869746102,20.76608948171544,40.549064290387385,25.636479356521736,34.90883844086319,29.707411536994744,33.613744334510535,BEAR,EXIT
2021-09-25,30.145842963292136,19.61369761770966,40.61254356743063,25.88389830071255,33.466324437794626,29.298903195787524,34.91307108173449,BEAR,EXIT
2021-09-26,30.266761619927664,18.77794313182653,41.14456864222165,25.77235041669626,34.817660328835416,29.351046592767243,34.21173514640236,BEAR,EXIT
2021-09-27,29.49581083167918,21.57247737561661,39.715876907804784,25.847862325036157,35.16959415318337,29.579176739042623,30.720997611369437,BEAR,EXIT
2021-09-28,27.994453642427896,19.882277203634132,38.10956122697154,25.210104183552986,33.31999217518985,28.104332484083145,26.251126110396402,BEAR,EXIT
2021-09-29,28.27264227852205,15.465205725845621,38.768636898943434,24.94963816850172,29.672836740491263,26.81155089413109,29.44370957782269,BEAR,EXIT
2021-09-30,31.00738501689436,26.350687118634568,41.53133529630805,23.19709902788995,22.864112519505483,29.9621304501226,32.43324317035966,BEAR,EXIT
2021-10-01,36.002563326199045,22.476735800531113,46.82651492289152,23.09890900935585,14.756625076692359,30.72575479164341,29.707411536994744,BEAR,EXIT
2021-10-02,35.56238091157611,33.62681887505142,46.2368809781116,22.056267733542143,19.872726523755375,33.61850800026487,29.298903195787524,BEAR,EXIT
2021-10-03,36.00685362437052,24.56397244005623,46.775427672363165,21.281074896235435,16.45937039769892,31.13623300600305,29.351046592767243,BEAR,EXIT
2021-10-04,37.18525867975649,26.87690512227936,47.894333253551814,21.01940321851201,15.154127374580952,32.12199375544204,29.579176739042623,BEAR,EXIT
2021-10-05,39.704181693333794,30.861957151861834,50.77283055270625,20.822584331445764,15.900232866364064,34.49472084286012,28.104332484083145,BEAR,EXIT
2021-10-06,43.803498193021646,24.748172527093473,55.28095715730851,20.431256882744492,12.919004673748802,34.74087302092812,26.81155089413109,BEAR,EXIT
2021-10-07,41.66885933923413,26.733052440818472,53.290452324115954,18.75740161770385,18.304184501674342,34.48604006962106,29.9621304501226,BEAR,EXIT
2021-10-08,41.704034423865004,20.728153049242753,53.31944870307939,18.38454250773322,12.066166007292253,32.32143630697528,30.72575479164341,BEAR,EXIT
2021-10-09,42.86829524794719,29.385466005104888,54.570552470967414,18.736366997978067,14.573054499163888,35.38872606946696,33.61850800026487,BEAR,EXIT
2021-10-10,42.38894926176901,31.32137450652353,53.94603691266626,18.95137163893494,14.465068705536794,35.62544840408875,31.13623300600305,BEAR,EXIT
2021-10-11,45.2137085221589,30.111157236322732,57.320366339707554,19.419932615740386,10.59302860921602,36.52826788695253,32.12199375544204,BEAR,EXIT
2021-10-12,43.7352094854331,25.626872208068217,55.68265052656016,19.35029706276198,8.85411706503632,34.45176726887695,34.49472084286012,BEAR,EXIT
2021-10-13,44.880234099127065,36.18636264972992,56.96085549258774,19.162221268618065,11.755346712590082,37.95269985223987,34.74087302092812,BEAR,EXIT
2021-10-14,44.701495358721715,26.87367180944218,56.78883252394853,19.36462359904544,18.314208927951043,36.22274749741868,34.48604006962106,BEAR,EXIT
2021-10-15,49.004878446792645,31.176343222584084,61.93637752098814,20.64449901445967,9.780754299954907,38.95757512604588,32.32143630697528,BEAR,EXIT
2021-10-16,48.24217655372417,27.957786741507096,61.00752962968195,20.894889752515283,9.459393239729849,37.74377836428069,35.38872606946696,NEUTRAL,HOLD
2021-10-17,48.720293813621105,36.0515747886958,61.364827694267355,20.506486458930453,13.225281586076392,40.30044850756096,35.62544840408875,NEUTRAL,HOLD
2021-10-18,48.77139225135289,32.79889260319815,61.73886232948226,20.25059050827825,11.020706037796685,39.318572472123265,36.52826788695253,NEUTRAL,HOLD
2021-10-19,51.02956496868608,36.625075593710136,64.59062352873809,19.624267152954687,11.593947359553567,41.486297903679535,34.45176726887695,BEAR,EXIT
2021-10-20,52.51005606748288,36.02414446808491,66.48751407871941,20.784144324475932,18.52632233620065,43.026809635301426,37.95269985223987,NEUTRAL,HOLD
2021-10-21,48.11241410502322,32.91182232504534,61.89453486092521,21.02842214197848,25.359890625339148,40.73083916878403,36.22274749741868,NEUTRAL,HOLD
2021-10-22,46.21739104335945,34.408601269896025,59.93948825343105,20.54659208857195,21.60776401933927,39.69803049638777,38.95757512604588,NEUTRAL,HOLD
2021-10-23,46.686582216760605,30.591866917515233,60.444838349596786,19.99674094813716,25.619735336802137,39.30439374022714,37.74377836428069,NEUTRAL,HOLD
2021-10-24,46.06777333651425,32.42207291210212,59.826857318453065,18.680414703675652,25.776237019723027,39.270907600194064,40.30044850756096,NEUTRAL,HOLD
2021-10-25,48.143049459885745,42.75202557656095,62.12476340401631,18.558774530019594,26.683193763016817,43.00800946871385,39.318572472123265,NEUTRAL,HOLD
2021-10-26,45.11165106258417,31.01625568705017,58.86594928107557,18.445880132442394,27.38617965754439,38.56624908237371,41.486297903679535,NEUTRAL,HOLD
2021-10-27,43.07199541428166,31.352657849206402,56.408803683112595,19.65560582899882,25.905155788044055,37.58038027636285,43.026809635301426,NEUTRAL,HOLD
2021-10-28,45.09932211431133,31.679500248957826,58.79325177597907,20.731904300029893,33.48874581017513,39.66698227775067,40.73083916878403,NEUTRAL,HOLD
2021-10-29,46.71663314896975,38.034179849059065,60.44270261155468,21.77623214168501,33.23081652733538,42.20159190325291,39.69803049638777,NEUTRAL,HOLD
2021-10-30,46.08946170700099,32.61244013646362,59.77555970024443,23.704347520920248,31.932589498057226,40.683971564208846,39.30439374022714,NEUTRAL,HOLD
2021-10-31,45.42264511889145,27.543318412201316,59.2070555899583,23.07212031762487,31.8613862478322,39.00099092913637,39.270907600194064,NEUTRAL,HOLD
2021-11-01,44.87636300165265,30.05298500242538,58.655442214794675,23.568633674374457,29.486154923408677,39.191154137558115,43.00800946871385,NEUTRAL,HOLD
2021-11-02,46.53215315558735,34.43965517526826,61.00064215654659,25.1661380022354,32.373121363953345,41.781921008533224,38.56624908237371,NEUTRAL,HOLD
2021-11-03,46.17923944790409,35.00622547125914,60.71686830047381,26.42077810510682,36.15585093455197,42.32740367150199,37.58038027636285,NEUTRAL,HOLD
2021-11-04,44.431312752329234,28.609935692001446,58.79717533573464,26.33087690044874,38.61273917460688,40.052218268374055,39.66698227775067,NEUTRAL,HOLD
2021-11-05,43.838584963063,31.700640584673152,58.25430380140878,26.806138875635156,43.73866344152331,41.12238357086655,42.20159190325291,NEUTRAL,HOLD
2021-11-06,44.216803919404526,31.288561144086806,58.601744285509064,27.149756921733548,40.51236304658317,40.93123016186322,40.683971564208846,NEUTRAL,HOLD
2021-11-07,45.83366612502603,31.88007999344936,60.19088917598167,26.743474453517287,41.387882729697765,41.90860711206385,39.00099092913637,NEUTRAL,HOLD
2021-11-08,50.15843302568803,29.65911568679609,65.20038377379326,28.045677899365007,40.242036638308754,43.733440932899704,39.191154137558115,NEUTRAL,HOLD
2021-11-09,49.38489513577877,34.79736688466769,64.48635591384368,29.06287479412688,42.61704113921404,45.03321677770972,41.781921008533224,NEUTRAL,HOLD
2021-11-10,46.7240735760274,32.060822258888805,61.9178713737015,27.849910658939432,46.96187767085566,43.289676278197206,42.32740367150199,NEUTRAL,HOLD
2021-11-11,46.7537586863296,34.39764523199529,61.697191333739276,27.269603461991238,47.14786807603198,43.77020450754744,40.052218268374055,NEUTRAL,HOLD
2021-11-12,44.889538649794076,29.162246036352137,60.885515057104456,27.290249271303203,45.8368710858549,41.61175061472812,41.12238357086655,NEUTRAL,HOLD
2021-11-13,45.14068932680411,32.196157239735655,60.99318060755405,27.172276660896756,39.690178863398884,41.83474161496036,40.93123016186322,NEUTRAL,HOLD
2021-11-14,45.719335867801114,33.82404298145175,61.96662438541427,27.155250148237016,42.28925332028537,42.86734923705021,41.90860711206385,NEUTRAL,HOLD
2021-11-15,44.21592747730065,30.93263451991044,59.84780839594814,26.48979283449289,44.282359193371356,41.3692033968685,43.733440932899704,NEUTRAL,HOLD
2021-11-16,40.54796993910655,28.180528323273883,55.73169296256402,28.15088367377304,42.36404297355748,38.81489850348494,45.03321677770972,NEUTRAL,HOLD
2021-11-17,40.270141133940214,27.935448903874,55.76917396233259,29.12427375089619,47.4625597061375,39.33363639186526,43.289676278197206,NEUTRAL,HOLD
2021-11-18,36.9067163221508,24.082682347238723,51.53927678181678,28.813353054965376,46.26443541912691,36.34898733997577,43.77020450754744,NEUTRAL,HOLD
2021-11-19,38.12244860744015,23.19849067749126,53.086141376582674,28.848610580428403,47.27742520726114,36.90861963471177,41.61175061472812,NEUTRAL,HOLD
2021-11-20,39.846202535892274,26.241245652145444,54.789925819668206,29.418377644712724,43.559482419044095,38.240862226349,41.83474161496036,NEUTRAL,HOLD
2021-11-21,39.07502963029963,21.998352658507713,53.59292836903278,29.976992282910853,42.40230045237545,36.67746161519755,42.86734923705021,NEUTRAL,HOLD
2021-11-22,36.396624508962404,22.673324112735312,50.37048724103074,29.056336092173574,37.6591316937662,34.78577941228135,41.3692033968685,NEUTRAL,HOLD
2021-11-23,37.642745182816434,21.171436367571896,51.78077769957673,29.509483932330316,43.72508734167684,35.74076951067048,38.81489850348494,NEUTRAL,HOLD
2021-11-24,37.08112452870944,27.119418100782568,51.04227690039716,30.675135970770302,42.246947600217325,36.938612419525185,39.33363639186526,NEUTRAL,HOLD
2021-11-25,38.53670646303924,21.29068272917011,52.82036524891095,31.13553681644848,43.14858068466898,36.43294426192066,36.34898733997577,NEUTRAL,HOLD
2021-11-26,33.320542123327506,18.752385191691154,47.04240044735019,31.4205069296141,42.33050269892684,33.03886533372588,36.90861963471177,NEUTRAL,HOLD
2021-11-27,34.18056510264194,21.493656410339284,47.72540907083977,31.039525026636756,36.73891447727985,33.502485649268856,38.240862226349,NEUTRAL,HOLD
2021-11-28,36.79778477313162,22.085467801039925,50.62329570771277,30.245490050142532,36.5817981980758,34.88036485107098,36.67746161519755,NEUTRAL,HOLD
2021-11-29,37.36294416689168,23.542323440720185,51.18261552638603,30.566301773045364,40.92473560951944,36.008406042433506,34.78577941228135,BEAR,EXIT
2021-11-30,36.47486928791547,20.77012590833438,50.13240128631878,31.604236777694812,47.82914562853685,35.6850226002299,35.74076951067048,NEUTRAL,HOLD
2021-12-01,36.45975375339251,21.85967326142901,50.18824321275973,32.02854750759692,44.7461181891571,35.7193870289822,36.938612419525185,NEUTRAL,HOLD
2021-12-02,35.84416358658309,25.712569131876872,49.33771753318977,30.729766778648283,41.905964937429964,35.84899637612234,36.43294426192066,NEUTRAL,HOLD
2021-12-03,32.92910299538875,26.581671742103648,46.223032778322995,29.693569204580893,38.9716016127016,34.11995093176443,33.03886533372588,BEAR,EXIT
2021-12-04,28.48418758064208,20.506184748759388,41.03605777949406,31.514229148804375,44.486293558315836,31.054777745433523,33.502485649268856,BEAR,EXIT
2021-12-05,28.675397862968616,22.988641685340415,41.06493540379405,32.64144104201145,47.71265079989241,32.23024809727546,34.88036485107098,BEAR,EXIT
2021-12-06,29.954968396927313,24.765507567812296,42.28060548119654,31.68466892857125,49.661747856034324,33.352863632159696,36.008406042433506,NEUTRAL,HOLD
2021-12-07,29.872263301519304,20.87465438329544,42.390231747402716,32.18520651338045,48.33203899339858,32.319373812107116,35.6850226002299,NEUTRAL,HOLD
2021-12-08,29.802266526784333,23.709646341519456,42.167784076607376,30.8814822232287,55.001128424405046,33.43398353466145,35.7193870289822,NEUTRAL,HOLD
2021-12-09,27.24044103330458,20.758613582445932,39.19303049460305,29.492109877422273,55.26005505591038,31.150213791727847,35.84899637612234,NEUTRAL,HOLD
2021-12-10,26.753737314940633,18.862762975203545,38.47832838507526,30.733333527554763,47.91563508530688,29.839041152962032,34.11995093176443,BEAR,EXIT
2021-12-11,28.66436592552255,18.93632510271325,40.50635692216111,31.374159900218096,45.63958273283162,30.70474469608318,31.054777745433523,BEAR,EXIT
2021-12-12,29.493661716739073,17.02227205268253,41.297109896201974,32.16997723063742,45.45768542012547,30.734353634040907,32.23024809727546,BEAR,EXIT
2021-12-13,26.08584170858007,15.377319345000709,37.57558197823004,31.1966653388668,43.93412174816873,28.2581107201171,33.352863632159696,BEAR,EXIT
2021-12-14,27.594232099126575,17.76178869152703,39.35384705686049,31.388705850026806,44.409192578523246,29.738711349348172,32.319373812107116,BEAR,EXIT
2021-12-15,28.126010540241914,16.59815054199796,39.84212472197849,31.955818917323214,46.19361301601177,29.968499881167425,33.43398353466145,BEAR,EXIT
2021-12-16,26.92729402624472,10.554801392442776,38.42226027139933,29.97877180697638,50.46474885363572,27.944631266674005,31.150213791727847,BEAR,EXIT
2021-12-17,25.60220849575698,16.56905543485805,36.87608412352992,29.668071692650123,49.96494574579749,28.644848560624858,29.839041152962032,BEAR,EXIT
2021-12-18,26.18478479081932,12.670892090888952,37.496948484989204,30.92528722893847,52.28161785343488,28.389503026650132,30.70474469608318,BEAR,EXIT
2021-12-19,26.151261898464256,16.63325696338869,37.25013998905515,29.64676989287453,46.17037900888399,28.517774193017058,30.734353634040907,BEAR,EXIT
2021-12-20,26.25012894761686,15.932130469348763,37.512633885562494,28.98862641459225,46.11002484274892,28.319894525198478,28.2581107201171,BEAR,EXIT
2021-12-21,28.407959001711514,20.658925498974384,39.614293476266134,29.051962449243312,44.101495326235764,30.37792167052035,29.738711349348172,BEAR,EXIT
2021-12-22,27.990985539416506,17.660751253970243,39.118084505862946,30.01707214365641,44.49964832273755,29.58862603031232,29.968499881167425,BEAR,EXIT
2021-12-23,30.003531404651596,19.81796140517605,41.32900629046171,30.23077218695568,38.35559786923564,30.591526645748747,27.944631266674005,BEAR,EXIT
2021-12-24,30.03843796676997,19.58100685732597,41.23097093267635,29.149365096009245,37.921277403179644,30.317509795617106,28.644848560624858,BEAR,EXIT
2021-12-25,29.84299125010218,18.421578783957116,40.90512259332036,28.883992124928504,36.81095499736984,29.753010908160263,28.389503026650132,BEAR,EXIT
2021-12-26,30.030594471633936,15.730178705914039,41.021092841611164,27.35697865513254,37.702052527714336,29.01969363733224,28.517774193017058,BEAR,EXIT
2021-12-27,30.006816795331737,18.79115644882958,40.85325950855838,26.669620974873805,37.44747307662837,29.615676506412502,28.319894525198478,BEAR,EXIT
2021-12-28,26.826045904829993,14.237677389714671,37.54122195283289,26.436877924882694,37.754618784281554,26.856471076604805,30.37792167052035,BEAR,EXIT
2021-12-29,25.618993638672187,15.60317932022863,36.180162108844236,25.455141169748064,32.41381226071263,25.882177744961133,29.58862603031232,BEAR,EXIT
2021-12-30,26.258496039628493,10.961175724649099,36.83634855862309,24.3551027406672,25.432406942382798,24.181618560113797,30.591526645748747,BEAR,EXIT
2021-12-31,25.503878366691495,16.287627718078085,35.84735752617121,22.62040001424764,28.98199689340541,25.1838016362389,30.317509795617106,BEAR,EXIT
2022-01-01,26.763512835179213,21.47226546543238,37.35841025671996,22.578444101579983,27.78392278675736,27.03396116216858,29.753010908160263,BEAR,EXIT
2022-01-02,26.569089478043118,18.384448508341368,36.83699239699751,22.677627017109923,33.02697186371441,26.638578688835707,29.01969363733224,BEAR,EXIT
2022-01-03,25.670460571442288,14.411322873231573,35.869456364930414,20.349828447370914,26.34684251946385,24.165018681778687,29.615676506412502,BEAR,EXIT
2022-01-04,25.17109080751821,15.4372787243844,35.180497462325754,17.385894235871007,25.809974186749557,23.635627969872317,26.856471076604805,BEAR,EXIT
2022-01-05,22.77220102970856,14.631835222660847,32.71406732799514,17.557931246430726,22.233234559694054,21.889445723110825,25.882177744961133,BEAR,EXIT
2022-01-06,22.428873453489384,13.635773342840219,32.20382492568687,16.835091634402946,20.03207848285193,21.106841950339877,24.181618560113797,BEAR,EXIT
2022-01-07,20.814800041364943,11.553961183976295,30.37969212264772,16.196956531243238,12.295303023578214,18.86794251497741,25.1838016362389,BEAR,EXIT
2022-01-08,21.150197739543554,12.261563448449527,30.565591660851183,16.166505433416102,8.48647165476143,18.797191496634245,27.03396116216858,BEAR,EXIT
2022-01-09,21.2652791058031,11.757405278417016,30.622610986500643,15.345464286988525,16.835128811499118,19.428789772843505,26.638578688835707,BEAR,EXIT
2022-01-10,21.221402352955977,12.0410728218938,30.57657292699567,15.699867709114134,14.746618619461657,19.321645515072664,24.165018681778687,BEAR,EXIT
2022-01-11,22.250304803718315,15.420675780483878,31.4666750857733,15.694584217516649,19.206330505324175,21.098416086551037,23.635627969872317,BEAR,EXIT
2022-01-12,23.491046060526337,12.751224621559802,32.66026257933792,16.850990605932687,23.010391869695866,21.595860267274926,21.889445723110825,BEAR,EXIT
2022-01-13,22.12298818301698,18.964164114174412,31.174103003027394,17.00391038725532,24.556894540014966,22.619034096143974,21.106841950339877,BEAR,EXIT
2022-01-14,22.642457350994313,15.750282169469958,31.648395679985025,17.442752410291043,21.305979489941052,21.80699769420055,18.86794251497741,BEAR,EXIT
2022-01-15,22.753781165695784,17.002466202532222,31.699041171331938,18.060932061619926,19.976545481826875,22.123353492033853,18.797191496634245,BEAR,EXIT
2022-01-16,22.714217227539493,18.484825775510462,31.52987944902855,18.127374192038737,19.842030085324026,22.44475663928339,19.428789772843505,BEAR,EXIT
2022-01-17,21.746839640081006,15.49376986773484,30.624502204905795,17.585693079856192,16.070153977456584,20.76726415966326,19.321645515072664,BEAR,EXIT
2022-01-18,22.00153587237371,11.186177325575432,30.670107517865556,17.770576150895696,14.366680736403652,19.633281092953805,21.098416086551037,BEAR,EXIT
2022-01-19,21.39460016924928,17.169931610017684,29.950506013819776,18.356945893153124,14.030178406721333,20.857523880688262,21.595860267274926,BEAR,EXIT
2022-01-20,20.358503265141188,15.765526419608166,28.826101113047002,17.96012690695362,16.056299821141877,20.113801825211027,22.619034096143974,BEAR,EXIT
2022-01-21,16.05879087688832,7.577111166017778,24.462548449205315,17.814971362155436,10.131913853190582,15.289861834054378,21.80699769420055,BEAR,EXIT
2022-01-22,14.529023448184365,6.81130722918374,23.060005721805037,17.40464085888675,8.716306426616626,14.155861757606926,22.123353492033853,BEAR,EXIT
2022-01-23,15.91387641372327,8.411837086556822,24.178824828281613,17.250918055277097,13.219736418609074,15.622498511564983,22.44475663928339,BEAR,EXIT
2022-01-24,16.387599376320214,10.143453106119171,24.618914939552,17.082888685245354,5.0126656128958444,15.439625941412645,20.76726415966326,BEAR,EXIT
2022-01-25,16.72057221094328,10.559159894165541,24.798369089387148,17.733511304969433,6.631277026507902,15.938789853098005,19.633281092953805,BEAR,EXIT
2022-01-26,16.62147161173954,7.1677345160816,24.636473305867252,19.03578517216015,8.37088955989664,15.3981265055294,20.857523880688262,BEAR,EXIT
2022-01-27,16.867045226737144,7.533146775473126,25.009892562748483,19.717183849400143,4.245933176755372,15.327549669524679,20.113801825211027,BEAR,EXIT
2022-01-28,17.72328694093783,11.461630578114551,25.554271724123694,19.00442350799519,10.75157715562527,17.21906931339653,15.289861834054378,BEAR,EXIT
2022-01-29,18.139103045563992,10.91457911018592,25.896895854324725,19.14113046960661,11.875242395902134,17.408448672111827,14.155861757606926,BEAR,EXIT
2022-01-30,18.066848596781757,10.242252038068148,25.598387577572808,19.83536542422789,11.10521722603238,17.186121640303547,15.622498511564983,BEAR,EXIT
2022-01-31,18.5904289620848,10.174090868428626,26.136057651812166,19.900395260843453,14.30566391466823,17.76348861668837,15.439625941412645,BEAR,EXIT
2022-02-01,18.716286228503655,12.13604820319117,26.375579838855405,19.070427068092737,14.958419686078756,18.280419915941756,15.938789853098005,BEAR,EXIT
2022-02-02,16.773381091309638,10.744757336946648,24.468859039333466,19.88184552889524,16.105827177807356,17.20483501661127,15.3981265055294,BEAR,EXIT
2022-02-03,16.918183732804728,9.857027024638509,24.528961720257826,21.912557670625308,11.802260763863544,16.912613947032764,15.327549669524679,BEAR,EXIT
2022-02-04,21.15457581069973,9.84266483723896,29.11247351299527,20.419470950676317,14.712415048980418,19.163695802618204,17.21906931339653,BEAR,EXIT
2022-02-05,21.592119937965467,7.8806208242889255,28.876740194018453,19.3673599559604,19.641810717775783,19.0924242914372,17.408448672111827,BEAR,EXIT
2022-02-06,22.483815689484096,14.766185200030327,29.81432862864858,18.96688679737949,21.775827071869244,21.422172459376373,17.186121640303547,BEAR,EXIT
2022-02-07,24.04906753449261,12.199114764021497,31.204481906720854,18.32971015450693,25.590466062196043,21.813898462092972,17.76348861668837,BEAR,EXIT
2022-02-08,24.302501148069325,15.660936280283085,31.419752760311482,19.123335781439987,22.25631619612507,22.58406695338237,18.280419915941756,BEAR,EXIT
2022-02-09,24.520350072248426,13.238013894145892,31.55972802363681,18.633528706369685,28.5193648766938,22.624519893563196,17.20483501661127,BEAR,EXIT
2022-02-10,23.652159084145467,14.212732824057426,30.742112598452053,17.002040012289036,20.70403640239445,21.417963093031208,16.912613947032764,BEAR,EXIT
2022-02-11,22.296433055969768,12.531562884120909,29.499904858434235,15.594822040245646,16.64946185606452,19.725971101151305,19.163695802618204,BEAR,EXIT
2022-02-12,22.080436246068693,20.18073853362184,29.25570412613358,14.892886537363564,17.088576585214867,21.46324697157881,19.0924242914372,BEAR,EXIT
2022-02-13,22.101212041487226,15.0109062634043,29.19664234794696,13.920562498736935,15.281984276396969,19.838701450336874,21.422172459376373,BEAR,EXIT
2022-02-14,22.58043984456764,14.466044771910006,29.530410977907422,12.973925832221012,15.833731702009374,19.826187386963365,21.813898462092972,BEAR,EXIT
2022-02-15,24.510776913956782,19.825730665291733,31.410972832469426,12.569058786816411,18.868886209274578,22.36410774595377,22.58406695338237,BEAR,EXIT
2022-02-16,24.025333918931775,15.90436846837226,30.84352942464526,11.24280587871322,21.80225243502622,21.219044303011255,22.624519893563196,BEAR,EXIT
2022-02-17,20.41186140932262,13.797382177338491,27.305488975671725,9.40964456444806,23.729655833514443,18.818414030284405,21.417963093031208,BEAR,EXIT
2022-02-18,19.841811917320374,9.656877997501171,26.772494461530844,8.876961952671923,21.46423829622198,17.19923008940056,19.725971101151305,BEAR,EXIT
2022-02-19,19.907703690088546,12.200691063674924,26.846133004471373,8.624021785908068,21.139105610140447,17.799224302739823,21.46324697157881,BEAR,EXIT
2022-02-20,18.286747184393132,10.354497570916251,25.136685352531945,8.217263831218942,26.454312358114777,16.98000642904771,19.838701450336874,BEAR,EXIT
2022-02-21,16.78492959761406,6.357179200257168,23.65583160274789,8.495631856360825,31.80379184199934,15.810663962552145,19.826187386963365,BEAR,EXIT
2022-02-22,17.977013315373465,11.679698121419992,24.88364163317394,8.662143492721027,28.360398500816373,17.425118225591618,22.36410774595377,BEAR,EXIT
2022-02-23,17.03326822942778,10.738070933252668,23.8897150513392,8.500091111251859,34.627092414316024,17.31016412052872,21.219044303011255,BEAR,EXIT
2022-02-24,18.08256628530447,8.56639103507083,24.83109790449137,7.928128099654394,31.842735995421705,16.906080039747653,18.818414030284405,BEAR,EXIT
2022-02-25,19.202205808456522,9.48926771605078,25.731038760110543,6.2291224627182915,36.058665270985244,17.81942132007803,17.19923008940056,BEAR,EXIT
2022-02-26,18.936118100016248,7.779511116649039,25.466725779193506,5.439971844266289,39.75032653127156,17.510086794772935,17.799224302739823,BEAR,EXIT
2022-02-27,17.473063577569977,8.874251350775806,24.15938759596292,6.571936438141096,33.166132819987496,16.594763177877443,16.98000642904771,BEAR,EXIT
2022-02-28,23.193842053837955,15.340391534934536,29.4518510621336,6.782051515112328,28.722852205644926,20.573213660143082,15.810663962552145,BEAR,EXIT
2022-03-01,24.366085483215457,17.94623151559763,30.61170171433851,6.615346362201047,26.77046778859375,21.588072599921276,17.425118225591618,BEAR,EXIT
2022-03-02,23.977692629172168,13.11327565922632,30.08729382501733,6.010623754669637,25.146329390093896,19.905311970771535,17.31016412052872,BEAR,EXIT
2022-03-03,22.37162012393313,14.144812805301221,28.57656455656517,5.950613449076973,20.8727966244862,18.942873829628446,16.906080039747653,BEAR,EXIT
2022-03-04,18.855403121537986,10.444404762793607,25.307572478066636,4.604846672364423,19.808150992205327,16.00077872284832,17.81942132007803,BEAR,EXIT
2022-03-05,19.157899328390098,7.857730766417085,25.524455903132058,3.52915677122564,22.816786934242614,15.62774587985582,17.510086794772935,BEAR,EXIT
2022-03-06,18.119039531753103,8.595639587032451,24.487505878876302,3.397080081568735,19.860583314133407,14.977743275707956,16.594763177877443,BEAR,EXIT
2022-03-07,17.875358418800378,11.193687476041223,24.09128937907964,2.6410177680940685,17.23923837476437,15.099363773156895,20.573213660143082,BEAR,EXIT
2022-03-08,18.526189849041355,11.619855428539475,24.69299759086568,2.218753607445234,20.271495664984187,15.761382937635615,21.588072599921276,BEAR,EXIT
2022-03-09,21.93267013403987,11.948798156740882,27.820052811439172,1.7034754156729428,18.352362451333647,17.22176869916932,19.905311970771535,BEAR,EXIT
2022-03-10,19.21964894528657,11.671510392340894,25.324828003101292,0.7504304149872078,21.673663226915522,16.028668767231085,18.942873829628446,BEAR,EXIT
2022-03-11,18.566498874646083,10.099867241077733,24.60959268444285,0.0,17.82825495431591,14.799660504983418,16.00077872284832,BEAR,EXIT
2022-03-12,17.840072789742166,13.103462055231505,24.694125722301877,0.0,22.386780306706143,15.805390525861517,15.62774587985582,BEAR,EXIT
2022-03-13,16.613966437332603,11.605256814156723,23.635209253395384,0.0,25.37312059437312,15.149858044855351,14.977743275707956,BEAR,EXIT
2022-03-14,18.580851126341404,13.25694574549888,25.356763641750756,0.1029941877034142,23.671799701622817,16.342473600945084,15.099363773156895,BEAR,EXIT
2022-03-15,18.278420508919975,10.704645965197669,24.988258060652136,0.0,26.984427586841335,15.855782014789972,15.761382937635615,BEAR,EXIT
2022-03-16,17.72111095645629,14.664869116239117,26.049047165903904,0.0,27.48466573984348,16.940826573161797,17.22176869916932,BEAR,EXIT
2022-03-17,17.60329024288151,15.291143941685933,25.842934118052597,0.0,25.27072751847156,16.799432633743614,16.028668767231085,BEAR,EXIT
2022-03-18,15.669098325677608,13.041924412749681,25.65396099175079,0.1727137855045409,28.23225647431768,15.941135514498308,14.799660504983418,BEAR,EXIT
2022-03-19,16.07249911913295,15.400550501230443,25.964196790894672,0.39298399649200294,27.71471418035179,16.69514573673541,15.805390525861517,BEAR,EXIT
2022-03-20,15.042435419579483,14.597383927272386,25.01238258198084,0.12228525682477061,28.971334349228982,16.080029347534722,15.149858044855351,BEAR,EXIT
2022-03-21,14.770500526302541,14.392529523577732,24.748425339811174,0.0,32.55939725847725,16.234907332595157,16.342473600945084,BEAR,EXIT
2022-03-22,15.686671367404667,14.619525308583128,25.891406679026108,0.0,32.77684697555232,16.816848770727635,15.855782014789972,BEAR,EXIT
2022-03-23,16.05740023259031,14.17597302305977,26.233610908101607,0.0,31.895433324555455,16.797478839617902,16.940826573161797,BEAR,EXIT
2022-03-24,17.433476243840936,14.556056215238607,27.293212218125497,0.0,32.45291793640456,17.57299116422749,16.799432633743614,BEAR,EXIT
2022-03-25,17.60242800364575,17.358468235765425,27.62594367165675,0.0,30.605475847529462,18.206081779119376,15.941135514498308,BEAR,EXIT
2022-03-26,17.78038540011574,18.309055980654744,27.745340260990652,0.0,34.44405094242228,18.904852761638764,16.69514573673541,BEAR,EXIT
2022-03-27,20.282448833533312,13.808149079924359,29.840452382172412,0.5148864342450196,28.733656037779426,18.455460965390262,16.080029347534722,BEAR,EXIT
2022-03-28,20.64049067456013,19.796325899797,30.050709242087486,0.5412944435411435,29.24345670753668,20.156910363019627,16.234907332595157,BEAR,EXIT
2022-03-29,17.332590882318808,18.473699727267213,29.5185717340432,0.27900261291223716,33.258265349368116,19.089593470194732,16.816848770727635,BEAR,EXIT
2022-03-30,16.8704702689006,15.01955054457357,29.026197762098604,0.0,37.04589497094859,18.325857766328152,16.797478839617902,BEAR,EXIT
2022-03-31,13.402564315878724,14.913771185055491,27.022173776146307,0.0,38.170880468653344,16.970734893122085,17.57299116422749,BEAR,EXIT
2022-04-01,14.100568470054167,16.09892174714151,27.696515099922948,0.7162552084698189,41.88453404997349,18.09009568405404,18.206081779119376,BEAR,EXIT
2022-04-02,13.717688163275648,14.450432461343897,27.213239012786904,1.382668903904927,43.19173295905977,17.697135998367767,18.904852761638764,BEAR,EXIT
2022-04-03,14.283505799033646,15.551135480962005,27.738039056971015,2.2672989014481426,44.239868825024395,18.48452513906446,18.455460965390262,BEAR,EXIT
2022-04-04,14.499278362639151,19.618334092912793,27.862157392710827,2.3622472473534923,42.70646994122388,19.45178259178752,20.156910363019627,BEAR,EXIT
2022-04-05,13.310772141299745,16.32637486612983,26.83028299252453,1.768068656166128,43.888998370621856,18.094992092914392,19.089593470194732,BEAR,EXIT
2022-04-06,10.48174287599549,15.721597803088127,24.379065563362158,1.0683227597648135,42.92345508631572,16.403329348839403,18.325857766328152,BEAR,EXIT
2022-04-07,10.79918194060271,13.678346917952105,24.63795225114603,1.2993637286923907,42.35913534227536,16.017749855429443,16.970734893122085,BEAR,EXIT
2022-04-08,9.201081610412613,12.274821413026649,23.410514132261774,0.9119731909720992,46.344147480343565,15.28234338951297,18.09009568405404,BEAR,EXIT
2022-04-09,9.742956229760583,16.0641641929332,23.831733521957997,1.1953555070116428,46.26506189830507,16.51108413743533,17.697135998367767,BEAR,EXIT
2022-04-10,9.237750914356493,13.303718008294055,23.2707542867349,1.3663802253468018,46.67251647433396,15.623614314962857,18.48452513906446,BEAR,EXIT
2022-04-11,6.004406042744328,11.262949017429808,20.613261399385753,0.6722747124756958,44.783698995995444,13.318922453528799,19.45178259178752,BEAR,EXIT
2022-04-12,6.615482417590027,14.505017853655033,21.156883240195636,0.12885635844565646,44.43958364947067,14.305562655443808,18.094992092914392,BEAR,EXIT
2022-04-13,7.882218700612563,12.901251483120562,22.085634322779196,0.0,46.588486586685285,14.665954004188276,16.403329348839403,BEAR,EXIT
2022-04-14,6.34480501634811,11.786577328305208,20.82656874576782,0.0,44.39902275904826,13.455301862039127,16.017749855429443,BEAR,EXIT
2022-04-15,5.816819474906112,15.770837650792094,20.92555152313415,0.11654051135212053,41.85783461947409,14.076130098446914,15.28234338951297,BEAR,EXIT
2022-04-16,5.710330133131934,11.320704744805102,20.74686742368134,0.0,41.24489965319766,12.81713867619689,16.51108413743533,BEAR,EXIT
2022-04-17,4.810146417979415,16.337801972190558,20.00771557420075,0.0,37.828534357949806,13.311890969076593,15.623614314962857,BEAR,EXIT
2022-04-18,6.174607716613399,11.648740430530522,21.031031291895157,0.0,38.05827684313836,12.776601365309517,13.318922453528799,BEAR,EXIT
2022-04-19,6.980927569112161,10.248530446355382,21.63221294091013,0.03281184698708321,38.78399401880127,12.86617464943271,14.305562655443808,BEAR,EXIT
2022-04-20,6.856682388231329,16.84813817098128,21.486959109679347,0.11988536860558327,35.914872450381424,14.175901131479566,14.665954004188276,BEAR,EXIT
2022-04-21,5.617631661569601,17.915138282013938,20.006202507755038,0.6693321201495507,35.48046578209882,13.813760966757687,13.455301862039127,BEAR,EXIT
2022-04-22,4.778724034580094,11.349743370924338,18.590777898458587,1.3498072435532635,35.820564249179526,11.773736144247772,14.076130098446914,BEAR,EXIT
2022-04-23,4.594871501573241,16.128805700519802,18.097380817040733,1.8463908641803737,35.600524393645216,12.867150108001649,12.81713867619689,BEAR,EXIT
2022-04-24,4.513139133386241,17.452437395224347,17.863130917488142,2.551119373829343,36.204391704712044,13.292784348865194,13.311890969076593,BEAR,EXIT
2022-04-25,5.7016022298378255,16.798166497386482,18.49345032006318,2.3745870843361248,35.647753050621844,13.529675725023209,12.776601365309517,BEAR,EXIT
2022-04-26,2.8236540461871904,11.295417086988081,15.945060008330742,1.7142542269499845,35.053333435077235,10.622433964819548,12.86617464943271,BEAR,EXIT
2022-04-27,4.237211722592018,17.295005279588178,16.997036605029237,1.3629165579254385,34.31575781018887,12.6303354223882,14.175901131479566,BEAR,EXIT
2022-04-28,4.8903007937190255,10.950537402513737,15.496261967667785,1.1784925856836768,33.263457945759896,10.80709666470624,13.813760966757687,BEAR,EXIT
2022-04-29,3.532889407560369,13.504220739564616,14.348434670565267,1.3367195784678776,31.389552452222887,10.64507212326479,11.773736144247772,BEAR,EXIT
2022-04-30,2.464865380025929,12.892056440448169,13.468522267346325,1.5430924532661017,30.159944997636586,9.90363654534266,12.867150108001649,BEAR,EXIT
2022-05-01,3.381382632124978,16.286089193166912,14.151903210606184,0.5174910183969349,27.898437622057543,10.783785145015754,13.292784348865194,BEAR,EXIT
2022-05-02,3.5873390325615895,15.223896536893248,14.134859556099718,0.5392938299419561,28.281159653292434,10.618157795032271,13.529675725023209,BEAR,EXIT
2022-05-03,2.5926865387910496,12.963121197434388,13.285274221618407,0.0,26.513554733848665,9.32699657870446,10.622433964819548,BEAR,EXIT
2022-05-04,4.95676337815025,13.710263501670134,15.197288965161073,0.0,27.37501183110156,10.69155386500498,12.6303354223882,BEAR,EXIT
2022-05-05,1.1599186857961739,13.766998794585817,12.053055998986235,0.24047148259790704,29.719179429531366,9.208325169525377,10.80709666470624,BEAR,EXIT
2022-05-06,0.6426558986758371,10.856736938844632,11.519036166567373,0.3045875023421805,31.571552330188425,8.413631595997554,10.64507212326479,BEAR,EXIT
2022-05-07,0.006083894582221638,10.633069927734349,10.939447673730431,0.13590797452107134,29.42792443888608,7.811160825121109,9.90363654534266,BEAR,EXIT
2022-05-08,0.0,11.51929176825058,9.399900935428203,0.0,27.803114187961626,7.540114547944448,10.783785145015754,BEAR,EXIT
2022-05-09,0.0,9.01972390200086,5.564476502325015,0.0,26.441148319062023,6.01194110787142,10.618157795032271,BEAR,EXIT
2022-05-10,0.7160735995152862,9.286993992408833,6.298206521653203,0.0,28.227306762354587,6.618942558522893,9.32699657870446,BEAR,EXIT
2022-05-11,0.0,6.850703038093524,3.8923516437195245,0.0,23.365645887942264,4.827710677061512,10.69155386500498,BEAR,EXIT
2022-05-12,0.36878672844016397,5.86696000785297,4.083760359901053,0.0,16.2222875792704,4.016356850402542,9.208325169525377,BEAR,EXIT
2022-05-13,0.7459367841219705,8.36277636774913,4.246653810315511,0.0,17.918003930982607,4.9556062823352365,8.413631595997554,BEAR,EXIT
2022-05-14,1.5973374688516557,7.3567920886110025,5.103203695924052,0.0,17.60098126926718,5.099138128919776,7.811160825121109,BEAR,EXIT
2022-05-15,2.9211619434769966,5.161968627935933,6.208810670391799,0.1777097668030465,18.738255525382982,5.309084891664197,7.540114547944448,BEAR,EXIT
2022-05-16,1.4514941069001241,10.300495122496008,4.79003382860634,1.7614670286193572,15.987018592161391,5.83150069192435,6.01194110787142,BEAR,EXIT
2022-05-17,2.1283273844242707,8.308277006753405,5.345242010151514,0.30834092000393504,18.546593904606823,5.685526397507208,6.618942558522893,BEAR,EXIT
2022-05-18,0.23514272374855916,5.324121330492384,3.5972759047118053,0.7982082814364281,15.674000955260496,3.8081596684315384,4.827710677061512,BEAR,EXIT
2022-05-19,2.024071381697728,4.67728888359036,5.181680862053846,1.3263511071351732,15.666554558472896,4.5784879297352425,4.016356850402542,BEAR,EXIT
2022-05-20,0.8689928744307275,4.8523113578194215,4.038253172599324,0.5944152662973173,17.402965309786083,4.110885157227145,4.9556062823352365,BEAR,EXIT
2022-05-21,1.1154492334467325,5.849917512349246,4.250984047512074,0.712277173647024,18.40971009471059,4.59512354314186,5.099138128919776,BEAR,EXIT
2022-05-22,2.187526303038862,4.562756409755813,5.084412112636562,0.5561864743068973,17.560090071772336,4.653266394201193,5.309084891664197,BEAR,EXIT
2022-05-23,0.7789767609727415,9.123078742292288,3.8820420508576046,0.6034027073401713,18.463291815160005,5.227710711653441,5.83150069192435,BEAR,EXIT
2022-05-24,1.4428014370173878,3.0144502606766124,4.064036560738689,0.8652473834079778,17.329859269854524,3.8620333429187568,5.685526397507208,BEAR,EXIT
2022-05-25,1.3852093495136977,6.394119696979579,3.973654497162698,1.134349865611331,15.124113738488106,4.491387482222054,3.8081596684315384,BEAR,EXIT
2022-05-26,1.1332201232861714,5.783362801777877,3.4500460947903635,1.0515851248896784,9.194078559257747,3.55296158104762,4.5784879297352425,BEAR,EXIT
2022-05-27,0.34581777159557037,4.908351294432536,2.732228953906975,0.7442072916759216,6.146508614556183,2.6035609010752068,4.110885157227145,BEAR,EXIT
2022-05-28,0.8640101361384815,6.449693609531401,3.15303469613232,1.2017481105945145,8.915249043971215,3.5740205034371577,4.59512354314186,BEAR,EXIT
2022-05-29,1.3193035390921477,6.831384228945211,3.5357195707287006,0.8269040199490377,9.785898536658152,3.9134064897678584,4.653266394201193,BEAR,EXIT
2022-05-30,4.022953671276523,9.257649574558684,5.751245251981627,1.0035864314506289,13.044559472202039,6.126541457356751,5.227710711653441,BEAR,EXIT
2022-05-31,4.10269047729223,8.165215297451459,5.8507230077118235,1.7893116247673064,7.830308813438336,5.493683194151828,3.8620333429187568,BEAR,EXIT
2022-06-01,1.8047326905933314,5.4667152281841584,3.8082010834434348,1.730222406232788,7.250334907878425,3.6543056826354867,4.491387482222054,BEAR,EXIT
2022-06-02,2.6870730565161733,4.347466597712973,4.429329775491555,2.1611070059693445,5.857285294924267,3.688749101869235,3.55296158104762,BEAR,EXIT
2022-06-03,1.7319368235981367,6.390517327336331,3.6465170982799786,2.69611502219053,4.392883734539467,3.690219425352046,2.6035609010752068,BEAR,EXIT
2022-06-04,1.9244124316925644,5.81801200768853,3.781673520052422,2.579831804998051,3.5505199498955022,3.5301882011796444,3.5740205034371577,BEAR,EXIT
2022-06-05,2.0838517500182374,6.7706097060388455,3.8048251860822635,3.4568895596192473,4.308879932703661,4.028194415944888,3.9134064897678584,BEAR,EXIT
2022-06-06,3.78220140858286,8.461573766880706,5.22196538282865,3.2755249502485033,3.552705666004215,5.141046249998461,6.126541457356751,BEAR,EXIT
2022-06-07,3.6394367332599646,10.131146440321903,5.091453063569521,3.8462671109546673,1.6382135049653925,5.383669659912107,5.493683194151828,BEAR,EXIT
2022-06-08,2.5415030681167448,11.5897784267767,4.043205626128362,5.464605185932574,3.3372621869137333,5.62195364893613,3.6543056826354867,BEAR,EXIT
2022-06-09,2.394989232252664,6.916877641484062,3.894087274235675,6.350317933739028,1.3028949829625418,4.309370823251058,3.688749101869235,BEAR,EXIT
2022-06-10,1.2458460946164267,6.436349724390217,2.885188621297544,8.736393314293595,3.648209515006016,4.235158932386632,3.690219425352046,BEAR,EXIT
2022-06-11,0.4379509701139559,6.810968747810657,2.1474863832059086,12.463316365194034,4.941813970049338,4.627303606412072,3.5301882011796444,BEAR,EXIT
2022-06-12,0.0,2.190423628296357,0.5451310667875046,13.854363586285745,3.14371559609161,3.0491582179836128,4.028194415944888,BEAR,EXIT
2022-06-13,0.0,0.5789953376247927,0.0,13.382516362620175,2.55938671244364,2.4080649600435886,5.141046249998461,BEAR,EXIT
2022-06-14,0.0,1.7462268139682344,0.0,11.816399173353126,4.594985611211115,2.6685151406161394,5.383669659912107,BEAR,EXIT
2022-06-15,0.6366747051510522,3.984303277480948,0.2583013408917469,9.064222045312903,5.803328008773647,3.178704606768202,5.62195364893613,BEAR,EXIT
2022-06-16,0.0,0.0,0.0,10.03024978456968,0.0,1.504537467685452,4.309370823251058,BEAR,EXIT
2022-06-17,0.2833766575534618,0.0,0.05140097819137052,9.050480269172384,5.298267584249089,1.982691991705079,4.235158932386632,BEAR,EXIT
2022-06-18,0.0,3.4741680533353776,0.0,8.378247202934933,3.911011839962981,2.5163802777703825,4.627303606412072,BEAR,EXIT
2022-06-19,1.6805611335551898,2.262373976281899,1.3395595884510967,9.06352063852056,8.022183979610205,3.4994202455663554,3.0491582179836128,BEAR,EXIT
2022-06-20,1.8054772483645638,2.283065018148854,1.4412445393527586,8.252123583896816,7.629506949867832,3.40142756948844,2.4080649600435886,BEAR,EXIT
2022-06-21,1.9888608215896202,4.060708310145352,1.4914488912287986,8.270125102635253,6.3091305028275,3.7815569179370216,2.6685151406161394,BEAR,EXIT
2022-06-22,1.2753175881840708,1.6331691488195057,0.8260975339503598,8.255921344374224,2.7377533521241304,2.468270607318716,3.178704606768202,BEAR,EXIT
2022-06-23,2.5254805188432163,4.519422233243403,1.8400003785582504,7.9262118420176,7.515798908244548,4.196011456802561,1.504537467685452,BEAR,EXIT
2022-06-24,2.7868025770122906,2.4063181096707,1.979680922337745,7.54726422831769,16.40307451984519,4.605953571221084,1.982691991705079,BEAR,EXIT
2022-06-25,2.9808977911540797,4.710601088345446,2.2112324971917703,8.160972093756865,23.003147413671314,6.038626664301601,2.5163802777703825,BEAR,EXIT
2022-06-26,2.544753399882636,3.1030208268539003,1.7697230326903883,8.706928598940165,24.363950485438863,5.635560171601254,3.4994202455663554,BEAR,EXIT
2022-06-27,2.2295695491153795,2.737890448692084,1.4858634064757776,8.223448212828227,22.422049307964826,5.126238320923507,3.40142756948844,BEAR,EXIT
2022-06-28,1.715962452622242,3.372199192924529,1.049520929461897,8.146857806484274,20.735915247484755,4.863362915631301,3.7815569179370216,BEAR,EXIT
2022-06-29,1.5489284184864702,3.710728522431219,0.8829284505032471,7.866006822424165,15.189864759515089,4.2678338455695295,2.468270607318716,BEAR,EXIT
2022-06-30,0.7980224020815616,5.212551211787312,0.4190829366832975,6.9097279781346455,17.34305521260565,4.397125828888718,4.196011456802561,BEAR,EXIT
2022-07-01,0.8616898049950343,1.7634189385997983,0.22869487932696103,7.460624022357819,17.466764524087893,3.6108707077763142,4.605953571221084,BEAR,EXIT
2022-07-02,0.765615102677041,1.9666792797149977,0.09493670060834515,7.648411598890262,19.759557871485214,3.8635592178355913,6.038626664301601,BEAR,EXIT
2022-07-03,0.8492044571578965,3.4735276350899618,0.12653434619922943,7.455717953879776,21.147000433577773,4.38150785159945,5.635560171601254,BEAR,EXIT
2022-07-04,1.9416437485353857,3.096445697236596,0.9820955435312313,7.585693382582102,22.244652929171195,4.915342957880446,5.126238320923507,BEAR,EXIT
2022-07-05,1.930545932921883,0.8190007148846301,0.9124239031675209,7.243833088907802,21.00778628390087,4.153752330957484,4.863362915631301,BEAR,EXIT
2022-07-06,2.4067206795216314,1.9733641680518241,1.2484794076430574,7.392077089150783,25.797486669193177,5.153613357689991,4.2678338455695295,BEAR,EXIT
2022-07-07,3.660171163774465,5.653769695557739,2.2350650119873987,7.354091896832133,26.804928098625112,6.742113369806585,4.397125828888718,BEAR,EXIT
2022-07-08,3.86760501585229,4.873903204466601,2.405724603604685,7.525126970918583,23.400445082695214,6.328715780500584,3.6108707077763142,BEAR,EXIT
2022-07-09,3.6551047706345727,3.1791236071498403,2.151265748825999,7.4397734664864785,22.900497419546625,5.727581244670667,3.8635592178355913,BEAR,EXIT
2022-07-10,2.817737133039857,4.523392021676925,1.4789332929554408,7.041825613503471,26.422931703315314,5.9705228162793285,4.38150785159945,BEAR,EXIT
2022-07-11,1.9292727310068876,1.162615613086757,0.6882619693968197,7.557630117807652,30.13409055403652,5.15414168952792,4.915342957880446,BEAR,EXIT
2022-07-12,1.242319037919582,3.341906842168,0.09258668081496749,7.4169253213792254,27.985488448865695,5.137777401174322,4.153752330957484,BEAR,EXIT
2022-07-13,2.189829729370198,0.20431281356640923,0.8786005417586022,8.81598929619648,31.170529109175334,5.323198535901388,5.153613357689991,BEAR,EXIT
2022-07-14,2.6765489057209333,1.8778194810984257,1.1875994260285132,10.252502420643788,34.251415200026344,6.472956310295792,6.742113369806585,BEAR,EXIT
2022-07-15,3.0977960664731627,3.678583544973655,1.3786472132092893,10.635239855914014,36.88003728671694,7.408003855886017,6.328715780500584,BEAR,EXIT
2022-07-16,3.531641300927784,4.430723747562014,1.730913461344182,11.368083359025007,48.22703158816718,9.041271682108144,5.727581244670667,BEAR,EXIT
2022-07-17,3.132385480452361,1.8084690216409085,1.3881741835757855,12.155034004175521,48.40794688225856,8.333517525113276,5.9705228162793285,BEAR,EXIT
2022-07-18,4.835043089570806,3.5892775571428164,2.8011652820197575,12.386477040717851,58.50008872406159,10.616045801074733,5.15414168952792,BEAR,EXIT
2022-07-19,6.0968575191028505,5.0558905000867,3.6695785983914826,12.632735166396266,47.14856261095137,10.436712136485404,5.137777401174322,BEAR,EXIT
2022-07-20,5.9967241278433,3.6966493692608506,3.609803410519196,13.419727996177746,46.999047622302356,10.15800422442894,5.323198535901388,BEAR,EXIT
2022-07-21,5.909223007822771,4.994503871705767,3.455810305537942,13.495166919832654,51.46284353994259,10.883114323350018,6.472956310295792,BEAR,EXIT
2022-07-22,5.461950175432471,3.9137372451013674,3.031163391691808,13.72427217308578,53.67656899366413,10.649549767572724,7.408003855886017,BEAR,EXIT
2022-07-23,5.243003637425431,5.982389916090918,2.8487539174191867,13.996569120402553,52.94312900723791,11.03204762251837,9.041271682108144,BEAR,EXIT
2022-07-24,5.459304281391465,6.345101090430094,2.9356516696938386,14.162367362662726,49.55317931269968,10.890869926633108,8.333517525113276,BEAR,EXIT
2022-07-25,4.197285451361356,3.933036386741542,1.7681381501677598,14.005084460797118,47.04935001514491,9.401770032761403,10.616045801074733,BEAR,EXIT
2022-07-26,3.859558023237704,5.7117992293679904,1.6737982982943336,13.851687911840521,46.41492891055123,9.639822951803378,10.436712136485404,BEAR,EXIT
2022-07-27,5.8350845032497265,7.509758593699926,3.1722558106261927,14.206716980580339,51.25500902302333,11.518924610914521,10.15800422442894,BEAR,EXIT
2022-07-28,6.914755777429325,5.626920985522997,3.983896948915777,14.33057290107639,54.69295148957221,11.896817453511382,10.883114323350018,BEAR,EXIT
2022-07-29,7.057845615065868,6.210505566427387,3.9952860541137594,14.66142713978343,58.8617126887908,12.554422626795954,10.649549767572724,BEAR,EXIT
2022-07-30,6.696126430737685,4.152309289521428,3.8091022489685886,15.059055056646187,57.837399250089746,11.851333884901283,11.03204762251837,BEAR,EXIT
2022-07-31,6.410541780334192,6.522358434859591,3.551678680721382,14.430946775776512,57.37187494008274,12.165917389334183,10.890869926633108,BEAR,EXIT
2022-08-01,6.3920980941974985,4.802013568437227,3.499345751104027,14.531502887387063,54.06287025353352,11.404014429050774,9.401770032761403,BEAR,EXIT
2022-08-02,6.072216524283334,6.724373726833635,3.236979685719596,14.720352177508975,55.79685141832423,11.937892294596097,9.639822951803378,BEAR,EXIT
2022-08-03,5.835994696062577,5.523677325004524,3.0526583807409664,14.509520335886247,52.98739549403672,11.217417016004706,11.518924610914521,BEAR,EXIT
2022-08-04,5.660731448893323,4.044188254610555,2.878897112359393,14.77823275538886,54.51247881240509,10.953028715341354,11.896817453511382,BEAR,EXIT
2022-08-05,6.379988065022024,6.443244928816699,3.3588072440563064,15.29881520626975,56.512931508402964,12.142684532302802,12.554422626795954,BEAR,EXIT
2022-08-06,6.099951413312031,7.39147482549733,3.1325097226188428,15.505892880625627,56.804583439494095,12.310698350934963,11.851333884901283,BEAR,EXIT
2022-08-07,6.28615671383852,7.322246982735781,3.3127479178957406,15.2603781584445,57.32515855748138,12.400530922929462,12.165917389334183,BEAR,EXIT
2022-08-08,7.033477950357445,6.2012280364728545,3.862443242731491,15.048039375165825,59.550132156003926,12.645058164647011,11.404014429050774,BEAR,EXIT
2022-08-09,6.365680726364517,5.813942976882442,3.2963121199398198,14.943126081040353,58.29133400436303,12.093054698710286,11.937892294596097,BEAR,EXIT
2022-08-10,7.196284040190435,6.871788153707923,3.9518598218613565,15.239548398954941,66.0731007089941,13.560446545599035,11.217417016004706,BEAR,EXIT
2022-08-11,7.219687379308473,5.968201816703185,3.939964292387086,15.683019770904494,69.52231568777924,13.750634060859355,10.953028715341354,BEAR,EXIT
2022-08-12,7.7435443306146725,7.929468717782297,4.341395920943161,15.245210530290375,69.97186707686672,14.457677950048836,12.142684532302802,BEAR,EXIT
2022-08-13,7.781320661631651,6.0986978562851135,4.348992283987933,15.518906347844538,66.62916758713533,13.719621830248574,12.310698350934963,BEAR,EXIT
2022-08-14,7.659687871238709,5.276096556130915,4.228650235591074,16.170193919103117,62.366382029720945,13.124827838360119,12.400530922929462,BEAR,EXIT
2022-08-15,7.409966012224172,6.679197027670305,4.097676498058429,16.498086644267392,54.2418979911248,12.611227155949102,12.645058164647011,BEAR,EXIT
2022-08-16,7.171551607216858,6.892194843709707,3.8491404561923597,16.333405173263724,52.072504177167374,12.301603478037253,12.093054698710286,BEAR,EXIT
2022-08-17,6.584018984682875,4.427398781182801,3.344297987519567,24.256097457635587,43.32613067402791,11.721942674252606,13.560446545599035,BEAR,EXIT
2022-08-18,6.4636754191744625,6.069104979553084,3.234560060724027,24.040397122302767,51.872106443602775,12.896561095491107,13.750634060859355,BEAR,EXIT
2022-08-19,3.8696635326756468,7.906724322812103,1.1747267213927193,23.88633747285496,48.97147029765001,11.85262313547751,14.457677950048836,BEAR,EXIT
2022-08-20,4.161954151393187,5.0671265331477535,1.3704571246667714,23.657472970746127,40.52612926812708,10.390693176062875,13.719621830248574,BEAR,EXIT
2022-08-21,4.6401744550601896,5.091758082997886,1.7535973700736458,23.380792065896845,42.16966056354987,10.73979619752177,13.124827838360119,BEAR,EXIT
2022-08-22,4.37557004675553,4.90127757613276,1.5419572917518054,23.101700102343408,40.63691231503258,10.375328113264981,12.611227155949102,BEAR,EXIT
2022-08-23,4.663187755657901,7.953313775039793,1.6883667438618108,20.696825529260373,40.0948103991277,10.838962988531506,12.301603478037253,BEAR,EXIT
2022-08-24,4.5589687665593,5.072406578886759,1.5311475340331637,20.686493291408212,43.44527114512721,10.389522889720066,11.721942674252606,BEAR,EXIT
2022-08-25,4.767294952841648,6.67505959307472,1.7198757330205834,20.88430307754521,47.18106499308728,11.2936804916658,12.896561095491107,BEAR,EXIT
2022-08-26,3.2613132415053556,7.3427484546084,0.5162285701823677,21.01014642391931,35.03929452095119,9.572778215823195,11.85262313547751,BEAR,EXIT
2022-08-27,3.059856854709937,4.0727153580233235,0.3299769171892272,21.20748284104138,33.670519083395206,8.550305613852386,10.390693176062875,BEAR,EXIT
2022-08-28,2.6538609896850556,5.342348638522125,0.0,20.79421159080656,30.572187841359636,8.308095979292997,10.73979619752177,BEAR,EXIT
2022-08-29,3.355320353263659,5.551783782030983,0.5681532323549774,20.901296507009302,37.829018476827834,9.426269021692018,10.375328113264981,BEAR,EXIT
2022-08-30,2.889903928640174,5.687842028215372,0.11463540215031197,21.450598988435292,38.69124035099477,9.398572649440728,10.838962988531506,BEAR,EXIT
2022-08-31,3.1466900344042688,4.3103183169581465,0.3004557693178588,21.067965765550316,41.93581915881297,9.435454524138233,10.389522889720066,BEAR,EXIT
2022-09-01,3.270693865255313,3.6538875281784824,0.4083592127492751,20.970306151813507,42.078474120130906,9.329745218956186,11.2936804916658,BEAR,EXIT
2022-09-02,3.127610806931822,2.69249454255138,0.21290013272384262,20.844758378049523,43.06155439730753,9.086856100700341,9.572778215823195,BEAR,EXIT
2022-09-03,2.9831678067543175,4.369584486794886,0.09338649044425201,20.86116701285354,41.85158628759649,9.320357442501546,8.550305613852386,BEAR,EXIT
2022-09-04,3.177372192866946,6.573492513512025,0.23228512462212716,20.415918207636444,37.824267352938044,9.487856277601786,8.308095979292997,BEAR,EXIT
2022-09-05,3.0094205791885495,5.008621032398889,0.05334350702458006,20.247381455214995,42.652902507793435,9.468047602322795,9.426269021692018,BEAR,EXIT
2022-09-06,1.962358878879002,3.29479059289886,0.0,20.397674573457707,45.347482168315864,9.006804714738658,9.398572649440728,BEAR,EXIT
2022-09-07,2.498752531606021,4.015881973485229,0.3625211584952015,20.70415723935187,45.83203830981887,9.51492790143682,9.435454524138233,BEAR,EXIT
2022-09-08,2.5544208577493657,2.2178602097653455,0.3927727144285475,21.114444535178375,47.601394876768964,9.326652020605508,9.329745218956186,BEAR,EXIT
2022-09-09,4.900383295206775,5.794199738172179,2.168089241772278,20.68477573509628,34.86376071831337,9.941375203555312,9.086856100700341,BEAR,EXIT
2022-09-10,5.3118868369716985,7.097810103038311,2.463649508361272,20.850778089027997,35.27942786334934,10.516307978212476,9.320357442501546,BEAR,EXIT
2022-09-11,5.34453254801163,9.994899918255514,2.483073416578437,21.045355328111352,31.111494116783916,10.86665213817815,9.487856277601786,BEAR,EXIT
2022-09-12,6.0753297169184775,7.215922021438302,2.9981712027998717,20.658145616185067,22.58258766587035,9.583194270009887,9.468047602322795,BEAR,EXIT
2022-09-13,3.634730936258828,3.9272969002168243,1.1070934693566308,20.93513784211552,27.407038631762276,8.174636739296735,9.006804714738658,BEAR,EXIT
2022-09-14,3.7652110289508474,2.9997994607719587,1.1612418351766807,20.143405893669744,32.582907705044576,8.3915631954685,9.51492790143682,BEAR,EXIT
2022-09-15,3.17656662930067,4.6876457779074805,0.6701841825501211,19.76315325318805,23.892761290290665,7.61266738678437,9.326652020605508,BEAR,EXIT
2022-09-16,3.247365881251775,2.8562695048292728,0.7170402148068338,11.579549988355557,20.03597565526782,5.5722152473243325,9.941375203555312,BEAR,EXIT
2022-09-17,3.6997786715397836,7.460356123201089,1.0297215566007643,11.840718449465214,19.22086989274932,6.879161700277074,10.516307978212476,BEAR,EXIT
2022-09-18,2.921160300951804,5.191972819396989,0.4167410557259192,11.959187704509777,15.743368830653935,5.625904545021833,10.86665213817815,BEAR,EXIT
2022-09-19,3.101384597480008,2.914430932326447,0.5252390140927008,12.168569297443407,23.451003233930862,5.934456633153752,9.583194270009887,BEAR,EXIT
2022-09-20,2.3453432092571367,4.645269141838479,0.0,12.581177291207728,21.69201068135702,5.921297910053622,8.174636739296735,BEAR,EXIT
2022-09-21,1.958500484298045,3.3237087952668305,0.0,12.420515249237651,16.734234343868224,4.954978065878591,8.3915631954685,BEAR,EXIT
2022-09-22,3.0232716781387854,2.6995871808863208,0.7942645000436735,14.606807972768316,15.54065515026494,5.485817909613692,7.61266738678437,BEAR,EXIT
2022-09-23,2.942538862524284,3.365081917135008,0.6371553287022176,14.503973973416151,15.825190081944442,5.609578307988347,5.5722152473243325,BEAR,EXIT
2022-09-24,2.4972815590964053,4.1548341424422315,0.3246237112427067,14.401386116455189,15.081629667417687,5.5211886297980675,6.879161700277074,BEAR,EXIT
2022-09-25,2.366918461068211,4.165547143936456,0.20418652417442118,14.067501606044452,20.604038821572317,5.962828752203361,5.625904545021833,BEAR,EXIT
2022-09-26,2.85737840067578,4.875246804118963,0.5516277148501898,13.570203046287649,21.486131654269784,6.370494386572638,5.934456633153752,BEAR,EXIT
2022-09-27,2.7803637894377276,2.7466111415765795,0.4544364403354043,13.685251072192875,23.78466218220487,6.042903089341962,5.921297910053622,BEAR,EXIT
2022-09-28,3.211528149022494,5.104599402173583,0.7307763025060416,12.876195873471005,17.055349121911917,6.022727848963195,4.954978065878591,BEAR,EXIT
2022-09-29,3.333735093884755,4.5109869043132,0.8257701361364996,11.775592990104093,14.978385282507091,5.55719875823735,5.485817909613692,BEAR,EXIT
2022-09-30,3.2420448184672157,7.182865441991881,0.7427955338951193,10.273289459803133,14.632305965539743,5.9211129283416035,5.609578307988347,BEAR,EXIT
2022-10-01,3.1174188290743494,8.22216098702119,0.5947788374033601,10.31373798125157,11.584705180069292,5.815252878152939,5.5211886297980675,BEAR,EXIT
2022-10-02,2.794835264758615,5.549550686802599,0.3720403856096264,10.612171689865114,10.093996990475645,4.9014717807774915,5.962828752203361,BEAR,EXIT
2022-10-03,3.524039258344548,5.779140650917368,0.8432668129299161,9.751162780965085,11.684676656932268,5.301792385656679,6.370494386572638,BEAR,EXIT
2022-10-04,4.353301965946963,7.3736855065955895,1.4597605909893558,10.049981752001578,9.816084771837609,5.930469824614855,6.042903089341962,BEAR,EXIT
2022-10-05,4.159379994060179,8.532873032811642,1.292827896123929,10.039288557912021,5.459215136989911,5.691412633031544,6.022727848963195,BEAR,EXIT
2022-10-06,3.944171953875513,6.6759282239807165,1.100863462268906,10.064669817807955,4.329924364879133,5.01509924377072,5.55719875823735,BEAR,EXIT
2022-10-07,3.494980717293697,7.551036949793613,0.6691575572457409,10.11806808905301,2.1616371578807048,4.803958893231682,5.9211129283416035,BEAR,EXIT
2022-10-08,3.377194321462324,7.896148081308703,0.6272399003385613,9.852969291722806,1.7355583926595841,4.7641445298579645,5.815252878152939,BEAR,EXIT
2022-10-09,3.4074887079270844,6.176213572513829,0.6450840066583692,9.57526666710796,9.262158228560367,5.057822629760487,4.9014717807774915,BEAR,EXIT
2022-10-10,3.113777748402719,7.031395980109438,0.37453742519489513,9.218216027354538,5.8125852286365784,4.7308807315539925,5.301792385656679,BEAR,EXIT
2022-10-11,3.002298472602526,5.877527028498976,0.2944883183535315,9.086090397447336,6.90544693837748,4.4824272160310565,5.930469824614855,BEAR,EXIT
2022-10-12,3.1740896182541203,3.9260351040203485,0.36778138237369545,8.660109837831305,15.027841001611336,4.809092513791891,5.691412633031544,BEAR,EXIT
2022-10-13,3.457882052517,4.877397871537188,0.5579843059042444,7.926032935925631,10.491505933286405,4.606366478537732,5.01509924377072,BEAR,EXIT
2022-10-14,3.2369147417491106,6.137094536630614,0.3904938144046158,7.688827179243302,8.290937353250285,4.565864631774834,4.803958893231682,BEAR,EXIT
2022-10-15,3.1297763679686676,5.564392107190542,0.27512189436306467,8.011644592160842,16.753763168940324,5.2621783217790075,4.7641445298579645,BEAR,EXIT
2022-10-16,3.3682260914196185,4.910806011392545,0.4387426772222325,8.036892556388246,21.557929959587412,5.687244745135446,5.057822629760487,BEAR,EXIT
2022-10-17,3.74211824849314,5.926105297313949,0.674887780076199,7.319294455889297,21.40666869824554,5.977700393099617,4.7308807315539925,BEAR,EXIT
2022-10-18,3.494027404683839,5.00886190607471,0.48723075069747723,7.052383045209671,27.854919388990353,6.241219243743811,4.4824272160310565,BEAR,EXIT
2022-10-19,3.27903853168887,5.852118912104314,0.29651710671914266,6.700951063060404,23.771895885010295,5.888376956836658,4.809092513791891,BEAR,EXIT
2022-10-20,3.1866827634725743,5.119813987336137,0.20093037583619328,5.882199935026413,24.878725735407613,5.646346964837768,4.606366478537732,BEAR,EXIT
2022-10-21,3.36909521487406,6.453178524660491,0.3149448948133914,5.919906353645463,29.889321035460597,6.563930231182899,4.565864631774834,BEAR,EXIT
2022-10-22,3.435910699379051,4.3396674185580775,0.33355742853838255,6.040007437342026,29.42389183578416,6.030791849340631,5.2621783217790075,BEAR,EXIT
2022-10-23,3.86227368184626,6.744324314977917,0.6427674286170306,6.215853519530504,30.868800283520414,6.99257472530338,5.687244745135446,BEAR,EXIT
2022-10-24,3.620198203910188,4.5728686372438005,0.4148387094947339,5.943920330784571,29.474144353459934,6.151246847346632,5.977700393099617,BEAR,EXIT
2022-10-25,4.495255195955151,3.743752949300495,1.0709837200588186,5.925519647344275,35.860537586856665,6.97359324591074,6.241219243743811,BEAR,EXIT
2022-10-26,5.303573730764031,8.310265319644667,1.6415734544183485,6.674821653125259,39.370056520917714,8.935182040084605,5.888376956836658,BEAR,EXIT
2022-10-27,4.722475530310686,5.487313230399255,1.2098441697463365,6.739648387029955,37.68924612271913,7.810411670968693,5.646346964837768,BEAR,EXIT
2022-10-28,5.106883278698819,8.650200855801552,1.4678039572350845,7.455558554439036,40.1830581010177,9.124815582274676,6.563930231182899,BEAR,EXIT
2022-10-29,5.345963322437096,6.927592964939533,1.6372641743459089,8.219916234107231,44.70951003205595,9.367078511156874,6.030791849340631,BEAR,EXIT
2022-10-30,5.146561496166178,5.850529313334926,1.4777639145160757,10.113414251296545,43.66765774661734,9.185931472443016,6.99257472530338,BEAR,EXIT
2022-10-31,5.017489276342882,10.362056259360344,1.358907802701773,9.587447606389642,43.60109254872019,10.165768804113771,6.151246847346632,BEAR,EXIT
2022-11-01,5.026888924749473,6.957598628116575,1.3459632608113556,9.480913018003971,45.45621415360763,9.484417354677616,6.97359324591074,BEAR,EXIT
2022-11-02,4.65958433478694,4.189736446824776,1.0597455738805286,10.163509607141142,42.2007191544744,8.401856883436993,8.935182040084605,BEAR,EXIT
2022-11-03,4.731814642251833,9.30282652918101,1.0920358838430777,10.28152405472127,43.49822356617131,9.85570916656474,7.810411670968693,BEAR,EXIT
2022-11-04,5.810834205278683,5.948861577084864,1.8809357168251848,10.51762307673739,46.3220334560527,9.816499606335736,9.124815582274676,BEAR,EXIT
2022-11-05,5.9692399069808895,8.802688705757053,1.9841464144510306,10.48262544370444,43.41077258666761,10.301744506646163,9.367078511156874,BEAR,EXIT
2022-11-06,5.598163618481423,6.750214346702229,1.6560308170656575,10.85945760444523,40.944580713719226,9.421585547671823,9.185931472443016,BEAR,EXIT
2022-11-07,5.236587052742209,7.457329698636513,1.3849929966793535,11.182418284932034,42.8429705970737,9.673966942264837,10.165768804113771,BEAR,EXIT
2022-11-08,2.9360321192071592,7.9496397331293265,0.0,11.698101466258995,35.53200525216387,8.176135314199716,9.484417354677616,BEAR,EXIT
2022-11-09,0.0,3.939694123775449,0.0,11.040276218241788,32.733237810544935,5.914288744734623,8.401856883436993,BEAR,EXIT
2022-11-10,2.099528160548828,5.481674020892205,1.5216770756143225,10.24774123547025,40.43008389857309,7.88478194368841,9.85570916656474,BEAR,EXIT
2022-11-11,1.4261724031988183,3.700587420462033,1.0917264066958312,10.301824505513071,42.713881633122305,7.3880056965535115,9.816499606335736,BEAR,EXIT
2022-11-12,1.3244730969421052,6.787586822724843,0.8537146384941302,10.201948282684404,42.64776210936143,8.060050015801473,10.301744506646163,BEAR,EXIT
2022-11-13,0.8286240293886779,2.6102450425146184,0.4748909889633316,10.557767606757547,41.04036093232336,6.683827901483893,9.421585547671823,BEAR,EXIT
2022-11-14,1.2316835192775883,2.4083298749760442,0.7178182728745152,10.393123884722435,41.58536977419103,6.832656739229659,9.673966942264837,BEAR,EXIT
2022-11-15,1.5426099545303407,6.1985422228807465,0.9137031831033167,10.615227878903836,40.14527089189165,7.801970449724692,8.176135314199716,BEAR,EXIT
2022-11-16,1.3724398628464747,5.533065048365862,0.7428702175575788,10.514964299678068,37.376259254796075,7.258442834888241,5.914288744734623,BEAR,EXIT
2022-11-17,1.4863141759020575,4.36313077822099,0.7613292848310199,10.22869436022932,36.36423173837594,6.8596701321640605,7.88478194368841,BEAR,EXIT
2022-11-18,1.6932647760615749,4.659382827238936,0.7466492883711757,10.647018794490771,38.5962218509703,7.278830001573088,7.3880056965535115,BEAR,EXIT
2022-11-19,1.7472596031706837,5.269114999488584,0.7460115739815897,11.266321091592875,38.76443640372641,7.557050749731241,8.060050015801473,BEAR,EXIT
2022-11-20,1.2364205032722095,5.019324131641574,0.4052383586876969,11.58837639352306,33.61703197159545,6.8067645118176,6.683827901483893,BEAR,EXIT
2022-11-21,0.7206405629739487,2.7105799128081385,0.0,10.223440428032923,32.52565076399871,5.67991828769903,6.832656739229659,BEAR,EXIT
2022-11-22,1.2188358645732482,2.773042923643119,0.2883060620289307,10.221668152273201,30.402853064576902,5.69010823198721,7.801970449724692,BEAR,EXIT
2022-11-23,1.6858911883433223,4.783282986353356,0.6410818642742101,9.704708355393244,32.519904351520196,6.537501164407184,7.258442834888241,BEAR,EXIT
2022-11-24,1.7083823207058468,3.554436988032042,0.6259936449125121,10.272128912101513,29.314266904899156,5.99856869950741,6.8596701321640605,BEAR,EXIT
2022-11-25,1.6495032916159744,2.893535233600367,0.5620890448988424,9.38101851159179,24.820672123512495,5.219872593954671,7.278830001573088,BEAR,EXIT
2022-11-26,1.569671848907645,1.3510762104304692,0.5009588918269995,9.683974198326643,27.135700212321467,5.075028536626454,7.557050749731241,BEAR,EXIT
2022-11-27,1.5631841940948872,4.141641441816299,0.49824959334768304,9.547976187794955,25.24533654930707,5.560745620452027,6.8067645118176,BEAR,EXIT
2022-11-28,1.3263564038218194,4.378528352902838,0.2991725320563801,8.201721947915884,20.276268042200357,4.81025861219095,5.67991828769903,BEAR,EXIT
2022-11-29,1.6121465811877553,3.791357358215692,0.4738852518125297,7.454283925801346,24.59510959198319,5.103913912341276,5.69010823198721,BEAR,EXIT
2022-11-30,2.4976538880785277,5.333979617675673,1.077419676710906,7.67786811522403,27.783550360695614,6.228310259537825,6.537501164407184,BEAR,EXIT
2022-12-01,2.2508158251670825,6.879327312698494,0.8969935649101815,7.469834977782279,26.493017198620976,6.344252255236224,5.99856869950741,BEAR,EXIT
2022-12-02,2.3979458979863346,3.934815491176386,0.9830524598274434,8.024783527972257,30.00218288886633,6.103633952237957,5.219872593954671,BEAR,EXIT
2022-12-03,2.1924705422553115,4.421325505122342,0.8455627483401353,8.027376698576193,25.84414638900978,5.7207062323126125,5.075028536626454,BEAR,EXIT
2022-12-04,2.465849495405669,5.572166867424118,1.024977213887703,8.055477684117337,24.855967839023506,6.0317104447752214,5.560745620452027,BEAR,EXIT
2022-12-05,2.340763322586413,6.2134599284362695,0.8752501562835387,7.748576258672219,25.956350003634938,6.188565449306025,4.81025861219095,BEAR,EXIT
2022-12-06,2.472269821457338,5.166774976914183,0.9612888317243841,3.2250053698503174,28.3474621256631,5.544129475054482,5.103913912341276,BEAR,EXIT
2022-12-07,2.2044031547176246,9.062894369111588,0.7646022138277158,2.785431652097008,24.82990827693115,5.980770556966394,6.228310259537825,BEAR,EXIT
2022-12-08,2.6692166694370316,8.940227635173247,1.0718452286151643,2.347036532630846,33.782764286884344,6.980522863930516,6.344252255236224,BEAR,EXIT
2022-12-09,2.567717428144798,7.1666827723578495,0.9968186225669631,3.1377793005933796,36.471814145552614,6.879197955690563,6.103633952237957,BEAR,EXIT
2022-12-10,2.547971804141795,7.3955603387416495,0.9713408583671473,4.565401534659073,29.389311064547584,6.431291134255,5.7207062323126125,BEAR,EXIT
2022-12-11,2.5135705468398233,6.545178074880898,0.9460045150518795,5.0647793199056155,26.360566750998316,5.975340158868221,6.0317104447752214,BEAR,EXIT
2022-12-12,2.635115125035176,6.290497804238461,1.004392488587638,5.3939095347048065,28.807991951092106,6.253923111602627,6.188565449306025,BEAR,EXIT
2022-12-13,3.3316856331356157,9.577337963606965,1.4905093009646615,5.106135777552467,28.560199498530608,7.3138823575212895,5.544129475054482,BEAR,EXIT
2022-12-14,3.3836646636607437,7.646713986614527,1.5044274478421855,5.04142043571313,27.742242389989684,6.75810068967623,5.980770556966394,BEAR,EXIT
2022-12-15,2.8201304522422967,6.255616917665869,1.11613756233216,5.019834447201688,27.50325417381302,6.136471462017144,6.980522863930516,BEAR,EXIT
2022-12-16,1.9390590873270213,4.511009269701074,0.5299495216936465,5.141026723456034,25.096234024706362,5.096237358951146,6.879197955690563,BEAR,EXIT
2022-12-17,2.1466510264616154,5.654413825518625,0.673160897984226,5.961918249908058,27.838942117781116,5.8704128931793065,6.431291134255,BEAR,EXIT
2022-12-18,2.1503510367611423,6.324787585651323,0.6162025049156408,5.8586053192571415,26.642629782328413,5.892596484545714,5.975340158868221,BEAR,EXIT
2022-12-19,1.75793099370551,5.1543759746959825,0.35120416930216186,5.226575344727894,26.552125804143984,5.325413007769663,6.253923111602627,BEAR,EXIT
2022-12-20,2.340361349502344,6.119483026715016,0.7330164924290761,4.628198746673795,32.73804912244232,6.346617184260574,7.3138823575212895,BEAR,EXIT
2022-12-21,2.2340118575773737,6.416913475091944,0.6609369850422793,5.688553990721236,32.87555452211298,6.547457873874137,6.75810068967623,BEAR,EXIT
2022-12-22,2.258920933463817,5.556932811668603,0.6622083327609819,5.384547844397835,33.330915743204486,6.340124900488616,6.136471462017144,BEAR,EXIT
2022-12-23,2.229064874482133,5.235983917159814,0.6300538298629488,5.555519207620328,31.92213506315568,6.1292675950658,5.096237358951146,BEAR,EXIT
2022-12-24,2.3009135703470895,0.29772498725188823,0.6712455928826166,5.112428738214226,29.58518265070319,4.624337012296076,5.8704128931793065,BEAR,EXIT
2022-12-25,2.2956377427490833,6.391501626174727,0.6608224035907947,5.733571534879345,29.237561424925644,6.202523082811032,5.892596484545714,BEAR,EXIT
2022-12-26,2.3625069736619384,5.1480015717368,0.7024750807865178,5.543961934651011,28.515500134662247,5.819391804853962,5.325413007769663,BEAR,EXIT
2022-12-27,2.1537118839310563,3.4904026002440034,0.5368561799338796,5.053166979183661,29.21824244063403,5.305884742168046,6.346617184260574,BEAR,EXIT
2022-12-28,1.9860949224345539,9.525482439406048,0.399993437721853,6.202977026024927,29.17905718129407,6.905550046159394,6.547457873874137,BEAR,EXIT
2022-12-29,2.120097006161758,6.5232320096284,0.4802664283190605,6.53995357558253,26.65341821140892,6.009225247397711,6.340124900488616,BEAR,EXIT
2022-12-30,2.081177112465199,8.544375864423099,0.4425983307123459,6.783295512929639,24.110771020342142,6.277538194961464,6.1292675950658,BEAR,EXIT
2022-12-31,2.039764804704961,8.109541422069274,0.38642304292382235,6.864908348259376,24.944556031652354,6.240791260917713,4.624337012296076,BEAR,EXIT
2023-01-01,2.1445885276313152,8.049006519991806,0.442224227442299,6.478663093141414,23.982723323440084,6.114144830091027,6.202523082811032,BEAR,EXIT
2023-01-02,2.246680129496211,8.327063399104306,0.4842741349277336,6.286911972526788,28.508865804209137,6.646548091910418,5.819391804853962,BEAR,EXIT
2023-01-03,2.2329887613141732,8.215461008764786,0.48189207513472493,5.7012610356990265,26.456798842118417,6.321009335179089,5.305884742168046,BEAR,EXIT
2023-01-04,2.4617700263382902,7.171872953607234,0.6200317087238002,5.978142553478489,30.108827543571778,6.563109725427006,6.905550046159394,BEAR,EXIT
2023-01-05,2.4423872437091707,8.889280103276839,0.5962686796528792,9.68451370032753,29.42204862618503,7.469171852530169,6.009225247397711,BEAR,EXIT
2023-01-06,2.6171770592196104,11.887474628281355,0.6943905181798935,9.32899135432274,32.35256939292344,8.530505520912955,6.277538194961464,BEAR,EXIT
2023-01-07,2.604894684070115,8.626796340146887,0.6816444614119872,9.566830645734834,29.98575192150622,7.508096171551001,6.240791260917713,BEAR,EXIT
2023-01-08,2.86824233212217,8.654377134533032,0.7761094476831798,9.566675312633512,32.182062517355206,7.832496421437092,6.114144830091027,BEAR,EXIT
2023-01-09,3.203204338484536,8.788674414783841,0.8676412446198998,8.88623832876389,34.47323565698616,8.1119174691785,6.646548091910418,BEAR,EXIT
2023-01-10,3.5514201603970506,11.274302787089258,1.0569856497031689,8.95243088312572,34.01401047360423,8.839664554661345,6.321009335179089,BEAR,EXIT
2023-01-11,4.1059641167560965,9.159308570461466,1.5017983192625883,9.500069831623838,35.067574265168304,8.75374394275512,6.563109725427006,BEAR,EXIT
2023-01-12,5.487942039311477,10.801383354844196,2.19526764260004,10.10175598733207,31.053988366441146,9.406444213768424,7.469171852530169,BEAR,EXIT
2023-01-13,6.811157519962448,13.262477410606262,3.052472549038858,9.967632102812827,28.950160606897512,10.359621994559747,8.530505520912955,BEAR,EXIT
2023-01-14,8.32883392899781,16.401736575700184,3.9103625982981747,10.2791532775429,31.22880082389578,12.045909916305037,7.508096171551001,BEAR,EXIT
2023-01-15,8.132249369513978,14.872789621755036,3.7687577394028824,11.069687476724576,36.398678740424764,12.211944759724693,7.832496421437092,BEAR,EXIT
2023-01-16,8.521628035417294,12.88360524169807,4.018978264701406,10.697053468586049,35.66396220251664,11.75213961452956,8.1119174691785,BEAR,EXIT
2023-01-17,8.494840393147802,14.404469443173973,3.99562099374424,9.915876339871858,35.06990661587636,11.943065790055098,8.839664554661345,BEAR,EXIT
2023-01-18,7.856149215569134,11.548973903877132,3.6425738693204495,10.307929966151159,33.48422477733672,10.867214987160459,8.75374394275512,BEAR,EXIT
2023-01-19,8.341842828055377,12.783081876610025,3.9187592888682685,10.966098976961016,32.04656863262781,11.331646885149706,9.406444213768424,BEAR,EXIT
2023-01-20,10.447898193079512,12.519915303833374,5.210843963314511,11.28559823936626,31.35673655654675,12.135030468104713,10.359621994559747,BEAR,EXIT
2023-01-21,10.614748546606128,13.552282962669393,5.253146178802059,12.009785205252907,27.976410304397675,12.222233351637303,12.045909916305037,BEAR,EXIT
2023-01-22,10.475209037489307,15.690038449967009,5.215739411601278,12.846526607296028,28.02565224085525,12.83776442123873,12.211944759724693,BEAR,EXIT
2023-01-23,10.744618546051585,17.246673538360273,5.404233698316653,12.57478445235618,27.04738627456649,13.206856983378952,11.75213961452956,BEAR,EXIT
2023-01-24,10.296055337545248,11.95269186560881,5.094611111183629,12.530347352209127,23.52269802167723,11.327733694901596,11.943065790055098,BEAR,EXIT
2023-01-25,10.941577627154128,20.4839340298002,5.540357698317874,12.930973419263958,24.695525922110093,13.920726940360465,10.867214987160459,BEAR,EXIT
2023-01-26,10.809829096226839,16.798887951900447,5.405864354348354,13.688761774062266,24.721033129033117,13.049261166725486,11.331646885149706,BEAR,EXIT
2023-01-27,10.898077573899805,16.780389188035645,5.442157670375604,13.361011117874739,25.288911633172546,13.085994934252438,12.135030468104713,BEAR,EXIT
2023-01-28,10.796027174602678,19.11273170955008,5.383728178503812,13.815964568344945,22.98173219935721,13.464304620656547,12.222233351637303,BEAR,EXIT
2023-01-29,11.808917650407292,18.796376910528046,5.991324071920385,13.969414911254843,24.586904852060172,13.994137059032518,12.83776442123873,BEAR,EXIT
2023-01-30,10.471005914396597,13.75268589172342,5.21848683602877,13.731058543116765,23.597643903032804,12.042593786226384,13.206856983378952,BEAR,EXIT
2023-01-31,10.893500912587745,10.272560878992607,5.44537040493535,13.803679895669188,23.370546500186478,11.332871208880569,11.327733694901596,BEAR,EXIT
2023-02-01,11.649469879323211,14.923118835201619,5.903292601043284,13.669075391504679,23.62298557653925,12.818939059185652,13.920726940360465,BEAR,EXIT
2023-02-02,11.326597391944937,16.19550487646871,5.745592082819289,14.4945859135788,24.991940927776184,13.269355833078954,13.049261166725486,BEAR,EXIT
2023-02-03,11.22088534302265,14.056677334837483,5.6656019078797,14.012915792261055,23.844956262911055,12.499988313322369,13.085994934252438,BEAR,EXIT
2023-02-04,11.072303276411349,14.401572193076717,5.567390208786388,14.521263269472925,24.91041895030712,12.704793458401513,13.464304620656547,BEAR,EXIT
2023-02-05,10.517744937449445,16.643618711488276,5.244912864270514,15.10117258240122,23.336449661410697,12.964031585462259,13.994137059032518,BEAR,EXIT
2023-02-06,10.21392388650655,15.94038985571454,5.108867242212066,14.78793527706999,23.740897238992574,12.66332809378277,12.042593786226384,BEAR,EXIT
2023-02-07,10.902162742639513,15.613403762830332,5.502868281577219,17.838526916458058,23.897912289215157,13.340143686205105,11.332871208880569,BEAR,EXIT
2023-02-08,10.440094266579978,14.473832561354923,5.217988894348545,17.632271016458073,21.556481135958947,12.594572965247039,12.818939059185652,BEAR,EXIT
2023-02-09,8.918675911434768,17.43106290602255,4.316173276056382,17.29394984695249,20.09698251157066,12.500393883347282,13.269355833078954,BEAR,EXIT
2023-02-10,8.648650817775975,14.877321389409174,4.156824848583214,17.15016610973943,17.25059821505404,11.442875300368048,12.499988313322369,BEAR,EXIT
2023-02-11,8.970486604909821,15.276198784869036,4.353903896027787,17.093533422253195,21.8567211706074,12.130678587294483,12.704793458401513,BEAR,EXIT
2023-02-12,8.836109460636328,17.524312978016628,4.258919388762944,17.403602566719815,23.969895917590392,12.891224937214655,12.964031585462259,BEAR,EXIT
2023-02-13,8.864187549830115,16.740601468292702,4.272757020783368,17.252952520150235,21.640561731747027,12.450957087376121,12.66332809378277,BEAR,EXIT
2023-02-14,9.427356532999138,17.012454432889953,4.59034182667202,17.061533197676663,22.49411701145067,12.808030614253202,13.340143686205105,BEAR,EXIT
2023-02-15,12.220146476605633,21.689744689520168,6.230832152652709,16.324672005588003,20.148707642912342,14.798218111021708,12.594572965247039,BEAR,EXIT
2023-02-16,11.432114183544344,23.887194664205552,5.785447714334017,17.165139907183466,21.3002950645281,15.263322956511825,12.500393883347282,BEAR,EXIT
2023-02-17,12.578376432270597,22.347849629381084,6.463437872189505,17.241628683180036,22.048114992100437,15.4442187131514,11.442875300368048,BEAR,EXIT
2023-02-18,12.601896462149956,22.769126209104886,6.463714024497951,17.18528216713882,21.2596158391203,15.469347204803649,12.130678587294483,BEAR,EXIT
2023-02-19,12.219386700230265,22.308431257870158,6.170600622017367,17.166778265682005,22.668297581667346,15.318890446959125,12.891224937214655,BEAR,EXIT
2023-02-20,12.78549381487888,20.843488041671133,6.555811954601251,16.215360354021303,24.932187190556675,15.28320531796056,12.450957087376121,BEAR,EXIT
2023-02-21,13.431141868132777,24.61910266185088,6.299646375849169,15.94809129565203,23.129882038545006,16.14924939927469,12.808030614253202,BEAR,EXIT
2023-02-22,13.268550520573868,18.61154986749074,6.074176579736676,19.03215420828441,24.849238802831053,15.188034950517947,14.798218111021708,BEAR,EXIT
2023-02-23,12.864099809422461,24.92539223469811,5.909391165975488,18.871552570024352,30.043306184504132,17.10751973865043,15.263322956511825,BEAR,EXIT
2023-02-24,11.747264142359086,16.831426898956238,5.282725442176295,18.43562882540073,29.25804155057145,14.4797295347493,15.4442187131514,BEAR,EXIT
2023-02-25,11.714846976203775,10.952270539736759,5.2612957034551515,18.73637269823969,28.277497533492664,12.942986526571573,15.469347204803649,BEAR,EXIT
2023-02-26,12.280600793703321,24.24326649001412,5.5557155059877905,19.340146772217285,30.342171061010916,16.791379083745767,15.318890446959125,BEAR,EXIT
2023-02-27,12.204141851178345,18.577265454523488,5.5278223943410465,19.10882557318699,31.634635552865547,15.440910789117188,15.28320531796056,BEAR,EXIT
2023-02-28,11.68742624570843,17.661997888324706,5.231724624896949,18.828869773285614,29.955443473485857,14.787947084114524,16.14924939927469,BEAR,EXIT
2023-03-01,12.396510995645695,25.40978550355123,5.600545319007513,19.0809896892555,32.29190909630253,17.282848101401598,15.188034950517947,BEAR,EXIT
2023-03-02,12.172843554674191,19.613675520122754,5.456732828674343,19.27457567277689,32.38014788898704,15.775819651983051,17.10751973865043,BEAR,EXIT
2023-03-03,10.465029943556967,23.20910732039699,4.582086398817564,20.170386664303454,31.343871549874834,16.018148247562852,14.4797295347493,BEAR,EXIT
2023-03-04,10.430858903938699,19.7253763621359,4.558725512626696,16.934680948922452,29.72665078096027,14.485214084675318,12.942986526571573,BEAR,EXIT
2023-03-05,10.57192137485417,20.387660822715738,4.608398651246837,18.106039550378227,27.394478771443644,14.64552515808565,16.791379083745767,BEAR,EXIT
2023-03-06,10.56166825649758,15.932866901227968,4.594690137069891,18.35902108024235,27.02991502245054,13.52749989395165,15.440910789117188,BEAR,EXIT
2023-03-07,10.302784330899572,22.483885268766052,4.43056033013085,18.184191998704748,28.4071992002834,15.166267402321607,14.787947084114524,BEAR,EXIT
2023-03-08,9.577948674433381,15.426921213601435,4.025376956002409,17.951942512667856,29.06987103036623,13.134968776867657,17.282848101401598,BEAR,EXIT
2023-03-09,7.52482617575862,14.733021693048126,2.966473824196532,14.219629362116738,27.66716252256947,11.433658697403382,15.775819651983051,BEAR,EXIT
2023-03-10,7.36861051248827,14.714416911486047,2.8176904984917637,13.913417785434179,27.695964459014633,11.309334595032936,16.018148247562852,BEAR,EXIT
2023-03-11,7.896552876332144,20.163533538712915,3.068432166262356,12.896553920444386,31.20975859606969,13.07899462850397,14.485214084675318,BEAR,EXIT
2023-03-12,10.156503525886208,21.676561209186296,4.299295117014013,14.91421772501676,32.186955454254175,14.781778587643169,14.64552515808565,BEAR,EXIT
2023-03-13,13.833148410849514,24.166723614859922,6.169191044637426,13.226857481944517,28.03575392050324,16.213067650239324,13.52749989395165,BEAR,EXIT
2023-03-14,15.575430539292224,22.97905648591145,6.7703688859512,13.682944902002491,28.516558985227363,16.67556469427888,15.166267402321607,BEAR,EXIT
2023-03-15,14.936164622429382,22.719852554171922,6.520808557954613,12.77771288999853,27.28875917493218,16.110507087855716,13.134968776867657,BEAR,EXIT
2023-03-16,15.959832277623947,20.724354482296008,7.086291684610724,12.75231943725809,24.005172607554982,15.699661817127543,11.433658697403382,BEAR,EXIT
2023-03-17,20.34298902429854,27.472803167709248,9.172350938978177,14.205020694667613,23.537231990423592,19.29004399025501,11.309334595032936,BEAR,EXIT
2023-03-18,19.512965753569528,30.48770856484711,8.85463425132327,14.128359941868096,23.14025989070275,19.680023697897777,13.07899462850397,BEAR,EXIT
2023-03-19,21.63225518164597,28.29630696838444,9.757239061783972,13.938446504863927,21.105303260756074,19.716498410751893,14.781778587643169,BEAR,EXIT
2023-03-20,21.467246908492996,29.602327663348632,9.525285954445593,13.569152624579917,19.125116417333814,19.693697714694544,16.213067650239324,BEAR,EXIT
2023-03-21,22.85677578952917,27.751252159929557,9.795741203932742,14.304045539838949,21.137900974388174,20.013390946042346,16.67556469427888,BEAR,EXIT
2023-03-22,21.292600624230726,30.535645422786068,9.092057882365653,14.262432726930491,21.05627796219126,20.085095824697564,16.110507087855716,BEAR,EXIT
2023-03-23,23.115017912109643,38.700405826720704,9.934053665266926,15.157864172396721,23.202854148423967,23.190382604068358,15.699661817127543,BEAR,EXIT
2023-03-24,21.384735872728292,31.996611733374962,9.189524235496338,12.01351922604999,22.220818311472996,20.276588257316295,19.29004399025501,BEAR,EXIT
2023-03-25,21.405073315501113,27.207045666757818,9.23982744783829,12.353923274299218,20.054227338255288,18.92976012587786,19.680023697897777,BEAR,EXIT
2023-03-26,22.393559694164555,27.20022089432863,9.54678813849379,12.293746188059641,19.46831094543394,19.218373782282622,19.716498410751893,BEAR,EXIT
2023-03-27,20.66532600116182,27.13480706116892,8.802872865378493,11.403505202720671,19.93497095388001,18.447897014512577,19.693697714694544,BEAR,EXIT
2023-03-28,20.8684518107338,23.98183852143081,8.882995707899239,10.977135667186863,21.64756058996599,17.843920724232316,20.013390946042346,BEAR,EXIT
2023-03-29,22.837197995635584,29.005375897529362,9.80156151011597,11.501032972203676,19.003943837419072,19.68836500466867,20.085095824697564,BEAR,EXIT
2023-03-30,23.06151459150911,30.69307080904256,9.489870864628939,10.938891814617584,20.258284295563257,20.156358454388126,23.190382604068358,BEAR,EXIT
2023-03-31,23.947042694939483,27.900328327515346,9.87761358118092,10.60542302771214,18.737524553669374,19.59928351612062,20.276588257316295,BEAR,EXIT
2023-04-01,23.876708080665207,27.636673094446262,9.849174402336148,10.33366311333579,19.00766572697934,19.492831617976655,18.92976012587786,BEAR,EXIT
2023-04-02,23.236332513308668,29.460082767824968,9.615124235106556,10.277805970351753,18.60785561273036,19.661401749795953,19.218373782282622,BEAR,EXIT
2023-04-03,22.6290862966528,24.26672608017211,9.247726738741456,13.821798444789382,20.97912151331903,18.87613467483747,18.447897014512577,BEAR,EXIT
2023-04-04,23.096266321026388,33.47478381467929,9.537025883955168,13.894535910703459,24.129481585020997,21.70210957187639,17.843920724232316,BEAR,EXIT
2023-04-05,23.19900343468591,27.2787200538385,9.541927538007196,14.202212491143671,26.071799710571085,20.425278396195495,19.68836500466867,BEAR,EXIT
2023-04-06,22.905544064421324,32.84198746531753,9.39900290449759,14.655151360721499,23.490213066661426,21.50925467732966,20.156358454388126,BEAR,EXIT
2023-04-07,22.69929417388293,27.62474036869286,9.294798029034455,14.922256760704316,23.07360683410552,20.120632147661183,19.59928351612062,BEAR,EXIT
2023-04-08,22.736867152200123,28.85150732876397,9.309981977733022,15.049581745763508,22.107403272034105,20.36411096246557,19.492831617976655,BEAR,EXIT
2023-04-09,23.45978000974679,28.99274281439896,9.617766518359387,15.739308289296549,20.806926259447536,20.65126187953489,19.661401749795953,BEAR,EXIT
2023-04-10,25.885717270364317,24.551920944030993,10.698697204488393,16.785353216296723,16.987644159969634,20.26000225645619,18.87613467483747,BEAR,EXIT
2023-04-11,26.825118779854172,34.86227952540878,11.188303080580033,14.827070768572273,13.987276871821692,22.623554433892462,21.70210957187639,BEAR,EXIT
2023-04-12,26.17392016363585,35.80387445174892,10.874284657371874,15.877940589717426,20.623411065407055,23.422033788500677,20.425278396195495,BEAR,EXIT
2023-04-13,27.62472771781022,31.391026533490123,11.450990221797849,15.644163496456413,24.951624267068325,23.267159944250466,21.50925467732966,BEAR,EXIT
2023-04-14,27.79689293905522,31.013737066972187,11.489168824313193,16.28857180902389,31.61502781991554,23.995124466667388,20.120632147661183,BEAR,EXIT
2023-04-15,28.658974486096632,43.8560021120313,11.74326982812442,16.4928746191374,33.10053542583732,27.694331574916035,20.36411096246557,BEAR,EXIT
2023-04-16,29.516050377509906,31.30287703123803,12.04096093753813,15.981226668042906,36.56129838368268,25.14204039714481,20.65126187953489,BEAR,EXIT
2023-04-17,30.80163004982409,41.31137260544872,12.243804217225335,15.459225006353641,37.109314617496715,28.04690822245719,20.26000225645619,BEAR,EXIT
2023-04-18,32.91267611803272,47.001799700454576,13.195787624678184,15.352447383602938,37.44333382388494,30.31061077538803,22.623554433892462,BEAR,EXIT
2023-04-19,29.276096292441483,34.65163491193315,11.670109639658243,15.028701183826005,36.50278699121537,25.68434342034282,23.422033788500677,BEAR,EXIT
2023-04-20,28.279517930876498,31.757788217884865,11.08939083799413,13.889543411995012,37.51747693913323,24.476359807045565,23.267159944250466,BEAR,EXIT
2023-04-21,26.050679477418164,34.38737701438758,10.1359281260729,13.71403252324648,36.42038678943755,24.13837727946765,23.995124466667388,BEAR,EXIT
2023-04-22,27.276096318419224,36.37059576784255,10.67548949357225,12.980568212575669,35.076405385797415,24.86530150666695,27.694331574916035,BEAR,EXIT
2023-04-23,26.741660144217633,35.18984055301828,10.412023401839681,13.1220531655321,35.809636482693946,24.451634484987007,25.14204039714481,BEAR,EXIT
2023-04-24,26.53837126438838,33.5010269706941,10.306376586669893,12.991174475507004,35.591866182467555,23.905906228896825,28.04690822245719,BEAR,EXIT
2023-04-25,28.32154620292503,29.923298860979557,11.118749961021015,12.925178964760164,33.87507830575164,23.52732324361579,30.31061077538803,BEAR,EXIT
2023-04-26,28.4738233612142,32.05332455197147,11.107905792846053,13.599675552154963,34.165382219097495,24.233548859659333,25.68434342034282,BEAR,EXIT
2023-04-27,30.931475377204343,34.515465476400735,12.204123579825152,13.56691476332223,29.27761190903618,25.31193210362847,24.476359807045565,BEAR,EXIT
2023-04-28,30.60472849402047,40.61528414444059,12.049785609306833,13.343762978194917,31.819806649371316,26.928741817844024,24.13837727946765,BEAR,EXIT
2023-04-29,30.28545109863764,36.72515522612761,11.91644505970096,14.160693665238385,31.749464064461392,25.949263604295282,24.86530150666695,BEAR,EXIT
2023-04-30,30.603786099541303,41.24399257172733,12.088392021451083,14.787836515309635,30.06524954742528,27.13451280912341,24.451634484987007,BEAR,EXIT
2023-05-01,28.12447273720969,51.809090612686795,10.90115447452263,15.522472759212253,31.598972975522088,29.05811358067318,23.905906228896825,BEAR,EXIT
2023-05-02,29.44714990466679,37.72542974665986,11.40930059849638,15.06994703043899,32.1463455578111,26.022489138111236,23.52732324361579,BEAR,EXIT
2023-05-03,30.156060454548527,43.33811863912932,11.725354617642015,14.317094851838489,30.58544861584022,27.432527809035086,24.233548859659333,BEAR,EXIT
2023-05-04,29.70085708973632,44.289263419832295,11.571699012611075,14.284740493448004,27.290980440880688,27.168721902506455,25.31193210362847,BEAR,EXIT
2023-05-05,31.300188797293583,37.066349974874505,12.221036755448132,14.946359968371773,29.089389516437905,26.251744430895883,26.928741817844024,BEAR,EXIT
2023-05-06,29.764424650874915,49.50182609787701,11.584130388320284,14.770740859494047,27.84065887806878,28.621287014126768,25.949263604295282,BEAR,EXIT
2023-05-07,29.105687493386174,57.96211305649565,11.298801720401768,14.951957332771453,28.60137437862052,30.58492589399789,27.13451280912341,BEAR,EXIT
2023-05-08,26.83455547210593,67.66482492998175,10.53894280936769,14.517474093235675,30.4503289847695,32.29701544846305,29.05811358067318,BEAR,EXIT
2023-05-09,26.6497958845057,65.10244676511098,10.78453435450893,14.443204662225098,31.571777945104856,31.75111582137549,26.022489138111236,BEAR,EXIT
2023-05-10,26.677256610795,69.7238832012452,10.80578854103346,14.890274387215932,33.36248516343176,33.165095166182056,27.432527809035086,BEAR,EXIT
2023-05-11,25.151278354626072,61.12095293129616,11.218235979539191,14.787616031338924,36.189048836933146,30.90631622351385,27.168721902506455,BEAR,EXIT
2023-05-12,24.665132991025715,59.439524667769625,10.936144443208034,16.347577330590497,36.106939138942096,30.50948046637451,26.251744430895883,BEAR,EXIT
2023-05-13,24.84292859156227,58.15467691491364,10.935182061758681,16.312200110271178,31.522574441877822,29.777671679277287,28.621287014126768,BEAR,EXIT
2023-05-14,25.034373296309802,71.17449510523598,11.05043451146178,16.275475475838164,28.501240988850213,32.80546808775504,30.58492589399789,BEAR,EXIT
2023-05-15,25.715802651513957,58.84180740373599,11.395501118633138,15.918158294902865,28.308190286179382,29.922835642968177,32.29701544846305,BEAR,EXIT
2023-05-16,25.223742808569778,63.07936761968168,11.148034482771903,15.64852422126132,28.65317382453547,30.77916765968848,31.75111582137549,BEAR,EXIT
2023-05-17,26.10048987106278,66.13814519628099,11.549684339684832,15.86694151792038,26.068982943194953,31.661559650333597,33.165095166182056,BEAR,EXIT
2023-05-18,24.82698681083007,56.082709146798024,10.915837268136592,16.082800347845385,34.45150909663869,29.50951174541652,30.90631622351385,BEAR,EXIT
2023-05-19,24.9604767458911,61.356837650515196,10.949187885096773,19.01631531749917,41.336320979930484,32.00326940903341,30.50948046637451,BEAR,EXIT
2023-05-20,25.46565717409111,50.05999983889654,11.172807961770395,19.385995469445362,36.79098397407957,28.97625642213031,29.777671679277287,BEAR,EXIT
2023-05-21,24.721433416586926,57.93573327926191,10.797054480508764,20.284476912109398,40.16212404746619,31.118658182456336,32.80546808775504,BEAR,EXIT
2023-05-22,24.841244739981715,54.70743731655495,10.891865642422747,20.195487188642414,41.43787716151061,30.48071667406522,29.922835642968177,BEAR,EXIT
2023-05-23,25.70292436501409,60.62383471977336,11.2770848953284,19.78543508385174,42.10779679998758,32.30084791108976,30.77916765968848,BEAR,EXIT
2023-05-24,23.66580699294808,51.268735831859104,10.263836592852053,19.44143486078182,43.94508107951667,29.28041671148855,31.661559650333597,BEAR,EXIT
2023-05-25,23.977591976072095,58.59681054213763,10.404808368964515,19.45381801231934,45.79989636369213,31.421504240366055,29.50951174541652,BEAR,EXIT
2023-05-26,24.54793931579496,60.76119689818091,10.664839849767963,19.682484365949232,48.256706427019125,32.46569228683161,32.00326940903341,BEAR,EXIT
2023-05-27,24.879690179940887,54.404467927556965,10.797607063127552,20.236211445711824,50.032396551316836,31.263216820485475,28.97625642213031,BEAR,EXIT
2023-05-28,27.76905534870162,65.72665354365576,12.206419485625778,20.635166578198717,50.44503913630171,35.34344278800956,31.118658182456336,BEAR,EXIT
2023-05-29,26.994236593919023,66.32215665337276,11.795307736679298,21.382884524784103,49.26153434135237,35.171457801707604,30.48071667406522,BEAR,EXIT
2023-05-30,26.862864662998113,62.84800582590642,11.728205502575308,21.16717765763626,52.37617554818148,34.52919615935469,32.30084791108976,BEAR,EXIT
2023-05-31,25.725002458749945,54.06509511562783,11.18582200591825,20.06372808062329,50.739772610990265,31.55447539090811,29.28041671148855,BEAR,EXIT
2023-06-01,24.82367787496168,48.602371548106525,10.697535893145679,20.39460965616728,51.84487932920652,29.980882809490016,31.421504240366055,BEAR,EXIT
2023-06-02,25.824139588476598,66.01580093774109,11.160744207280509,21.454394747692326,52.3627633924644,34.93777650383464,32.46569228683161,BEAR,EXIT
2023-06-03,25.428512943386895,46.17246349365608,10.943125566404218,22.23544466733679,53.398469305523406,30.035458500363788,31.263216820485475,BEAR,EXIT
2023-06-04,25.623227294405915,55.353600564196945,11.209767432810386,23.366844039938503,46.222277957601776,31.894576217684044,35.34344278800956,NEUTRAL,HOLD
2023-06-05,22.47268213184886,47.832815048395005,9.485987627677185,23.54063004085241,52.95636930897896,29.423937364214602,35.171457801707604,NEUTRAL,HOLD
2023-06-06,25.771187758569685,60.17826006442254,11.074004964404084,23.72336027568839,49.1489585120832,33.464122229118935,34.52919615935469,BEAR,EXIT
2023-06-07,23.76382261030032,51.02600515096629,10.084324748966251,24.162586703004642,48.714100890783826,30.398311115153994,31.55447539090811,BEAR,EXIT
2023-06-08,24.197189868633508,58.604760967572304,10.254270884242008,25.0061933277814,48.75771514509276,32.587901893008016,29.980882809490016,BEAR,EXIT
2023-06-09,24.093136059524458,66.0496367993698,10.199478982001596,25.540028613456546,48.77009186396888,34.48825929251547,34.93777650383464,BEAR,EXIT
2023-06-10,22.712344001741442,55.107299665716866,9.501701855432493,25.84897483727525,45.328760750055174,30.901090788634953,30.035458500363788,BEAR,EXIT
2023-06-11,22.838368429484706,58.46373777229805,9.556004923176607,26.125729427596344,42.34987703600716,31.532493074295413,31.894576217684044,BEAR,EXIT
2023-06-12,22.866819016410638,56.10074494566906,9.53762506689307,27.641642033799364,43.213827981022526,31.26038605789123,29.423937364214602,BEAR,EXIT
2023-06-13,22.8353482985903,50.78434505381807,9.483119345479363,26.871762202620005,42.865335916600614,29.760612544180546,33.464122229118935,BEAR,EXIT
2023-06-14,21.049621833484142,36.859570682714285,8.614897187957473,26.70589174295491,40.012437589935914,25.259886178752136,30.398311115153994,BEAR,EXIT
2023-06-15,22.155789736426275,50.67349880839001,9.114899369072745,30.14436003467334,36.59240449629429,29.318985951670363,32.587901893008016,BEAR,EXIT
2023-06-16,23.961596480846655,55.50082887589743,9.956301219889681,30.960828425065568,39.08066136852394,31.60713680781852,34.48825929251547,BEAR,EXIT
2023-06-17,24.40860834652856,49.17910332396322,10.137737388280211,30.007584660721818,37.38279646130825,29.884323157844513,30.901090788634953,BEAR,EXIT
2023-06-18,24.040896611447167,53.22268904910249,9.937102344224925,29.058956594352953,37.07260265396478,30.571465469104176,31.532493074295413,BEAR,EXIT
2023-06-19,25.074167776074884,50.07805129658445,10.423414990202096,33.07371690878965,36.58240625844715,30.74574431717216,31.26038605789123,BEAR,EXIT
2023-06-20,28.619658012155867,51.55601840967715,12.142840685918395,34.090792068854626,32.00474300007055,32.21756325358497,29.760612544180546,BEAR,EXIT
2023-06-21,32.70782903824602,48.45499282594961,14.103476725885075,34.48953680632453,30.70253054318222,32.990475838405125,25.259886178752136,BEAR,EXIT
2023-06-22,32.332724530683365,56.74393337849214,13.90013722449542,35.30035220725419,28.88735860736628,34.84961684055188,29.318985951670363,BEAR,EXIT
2023-06-23,33.86828416899781,51.439641631832636,14.655725994705229,35.80725842944751,26.11664961869944,33.93429458388562,31.60713680781852,BEAR,EXIT
2023-06-24,33.64942145675647,62.205118026151,14.5350702977554,36.23744822312728,25.685299379417188,36.55726717452659,29.884323157844513,BEAR,EXIT
2023-06-25,33.46495810708672,65.36000383117661,14.423897151680196,35.97434756565437,27.449716530497724,37.40539160815414,30.571465469104176,BEAR,EXIT
2023-06-26,32.95825840421032,61.18199308410204,14.217225049444892,35.484119303102304,25.697875987302893,35.91882629637321,30.74574431717216,BEAR,EXIT
2023-06-27,33.854789691665566,58.79445614125696,14.652861762407653,34.81472500120682,26.56060991553622,35.663893037030086,32.21756325358497,BEAR,EXIT
2023-06-28,32.51914238861051,39.58484507162442,13.955524884055123,34.34473211756554,24.16497584187283,30.0112663631224,32.990475838405125,BEAR,EXIT
2023-06-29,33.35640434315506,61.855937024215216,14.362719343842874,33.84261801470243,23.374301066365632,35.75727223661082,34.84961684055188,BEAR,EXIT
2023-06-30,33.37314919977897,68.18698463635839,14.359518284675898,31.803214447840915,29.347737081893726,37.63585045132398,33.93429458388562,BEAR,EXIT
2023-07-01,33.51759604914582,53.77277781341909,14.45472285398393,31.682692636820285,26.552019940323518,33.7970237284507,36.55726717452659,NEUTRAL,HOLD
2023-07-02,33.552337780496984,74.34900803797896,14.422764733880648,32.4711958199917,25.983008251539204,39.00648648857264,37.40539160815414,NEUTRAL,HOLD
2023-07-03,34.77773116451167,57.13340063604131,15.028296875365413,33.463090859701026,25.144976187362744,35.25629013112834,35.91882629637321,NEUTRAL,HOLD
2023-07-04,34.00795618287188,58.09167025484915,14.611531719449609,33.653814947886566,27.060243376706794,35.40170734231743,35.663893037030086,NEUTRAL,HOLD
2023-07-05,33.31782308456133,65.2768625463421,14.271081630250599,33.60138066552509,23.945349895849887,36.6035209774178,30.0112663631224,BEAR,EXIT
2023-07-06,32.232517806900766,54.47848306460627,13.70557116585628,33.136838448394634,24.4589237585417,33.44690848450642,35.75727223661082,NEUTRAL,HOLD
2023-07-07,33.04480967415979,74.65454094875618,14.047911809478428,33.65712830830588,23.087427201234206,38.743972467701965,37.63585045132398,NEUTRAL,HOLD
2023-07-08,32.91020214882459,75.5598210187969,13.973688344245103,35.284988565582886,22.788689306596666,39.12937078369272,33.7970237284507,BEAR,EXIT
2023-07-09,32.6931643877467,70.11692284424456,13.851736463170711,35.77432997726095,23.868978943984146,37.86057471100685,39.00648648857264,NEUTRAL,HOLD
2023-07-10,33.22540682710828,62.8436703819898,14.081944838742977,34.81027538969197,27.291716535297,36.44564157336202,35.25629013112834,NEUTRAL,HOLD
2023-07-11,33.7193489202346,53.08536289043509,14.313867348688728,34.18119080987364,26.865987428351445,34.06369623273309,35.40170734231743,NEUTRAL,HOLD
2023-07-12,33.18495166673943,57.534513985739466,14.060023972040762,33.67253142517742,28.525445673183313,35.05454307195979,36.6035209774178,NEUTRAL,HOLD
2023-07-13,35.58927756878456,46.800512360647744,15.187326920977744,35.287387817821255,34.03444532112563,34.1109294497786,33.44690848450642,BEAR,EXIT
2023-07-14,33.014694187592475,54.15776584843529,13.918020302708067,36.41678348100521,37.69781909445088,35.45975321052405,38.743972467701965,NEUTRAL,HOLD
2023-07-15,32.97602166999278,53.541593002088625,13.885034065350297,32.763065773471446,38.93234635362373,34.86290606597314,39.12937078369272,NEUTRAL,HOLD
2023-07-16,32.88690110331069,62.266564130647,13.80055791174791,32.36868620579066,38.60807502089391,36.90893337896253,37.86057471100685,NEUTRAL,HOLD
2023-07-17,32.675809914641945,51.96375857407226,13.68446177462218,33.319156494065474,38.20477160181108,34.34892560712601,36.44564157336202,NEUTRAL,HOLD
2023-07-18,31.9608224118989,64.94870633112512,13.337181882544124,32.85619566457731,38.19763222992149,37.24105225553852,34.06369623273309,BEAR,EXIT
2023-07-19,32.129485676228285,57.62721178683968,13.39900489871573,31.882496377431067,38.45602381839311,35.35342646777552,35.05454307195979,NEUTRAL,HOLD
2023-07-20,31.887799899724,47.12728575687966,13.23593256617633,31.418907646184042,43.03100149277109,33.011284218577096,34.1109294497786,BEAR,EXIT
2023-07-21,32.182078296900116,39.012823248117336,13.35908102154168,30.920043814457998,43.191345952869,31.036786672863304,35.45975321052405,NEUTRAL,HOLD
2023-07-22,31.748142699564035,51.950653726936544,13.117303236287356,30.469762325518353,42.32093979454271,33.93812521714284,34.86290606597314,BEAR,EXIT
2023-07-23,32.53252361608618,57.89232444379978,13.481814051681587,30.57646788544558,44.83087947409936,35.99875913633889,36.90893337896253,NEUTRAL,HOLD
2023-07-24,30.513374465316208,57.13166634923768,12.506949973712025,29.806205355408338,47.181219725979275,35.12737169755587,34.34892560712601,BEAR,EXIT
2023-07-25,30.6267870985807,50.31947601688046,12.531339383508161,29.441894354009513,45.42852217002826,33.233309380600204,37.24105225553852,NEUTRAL,HOLD
2023-07-26,30.961026692696365,53.78356046455761,12.66783814232715,29.75662759673317,48.101700226231614,34.54142991454688,35.35342646777552,NEUTRAL,HOLD
2023-07-27,30.670037292879083,50.44203196413379,12.470907847201172,29.60993733188573,47.268182145063356,33.474009562626605,33.011284218577096,BEAR,EXIT
2023-07-28,31.177187560787434,51.66696422474447,12.577720271823667,30.446938812490686,49.91605251706551,34.34408745236723,31.036786672863304,BEAR,EXIT
2023-07-29,31.28505989249196,47.29484725004153,12.606508491337765,32.26404315386373,50.10084286106278,33.58022223771136,33.93812521714284,BEAR,EXIT
2023-07-30,31.072051596933687,65.50362899725363,12.502179074693185,34.33795130487815,42.752293144379614,37.623880553501834,35.99875913633889,NEUTRAL,HOLD
2023-07-31,30.998609712085763,51.507540203398484,12.435743277998684,34.1030748513338,43.89111853838277,34.168189701613436,35.12737169755587,NEUTRAL,HOLD
2023-08-01,31.652345270460593,51.3343194098774,12.749970651854332,33.17809696156234,43.85071205668479,34.24106331388123,33.233309380600204,BEAR,EXIT
2023-08-02,30.871325305309284,58.133229629694426,12.306045052311172,31.5304560015702,42.94223465840719,35.27970587555487,34.54142991454688,BEAR,EXIT
2023-08-03,30.99940350844839,56.810475213282196,12.320682286650955,30.871731709005797,42.17699493096696,34.81503556263282,33.474009562626605,BEAR,EXIT
2023-08-04,30.705719561504928,41.2829552919864,12.206980475913296,30.642936538825545,42.594452179090666,30.829736485363632,34.34408745236723,BEAR,EXIT
2023-08-05,30.71489384901455,57.7104583917871,12.144730863071521,31.661695602805683,45.43450069732674,35.36373333541897,33.58022223771136,BEAR,EXIT
2023-08-06,30.72058327312809,62.34744613572081,12.124327237219646,32.318928320462845,45.31988704691092,36.607729916073076,37.623880553501834,NEUTRAL,HOLD
2023-08-07,31.00975683183552,54.03617546306878,12.25272619134237,31.095889542033518,44.61749230337567,34.38864881522892,34.168189701613436,BEAR,EXIT
2023-08-08,32.441588704972915,45.24504843241091,12.889120958339673,32.63679233800291,43.414931487545374,32.85857491071751,34.24106331388123,BEAR,EXIT
2023-08-09,31.993070056070334,63.55977183557465,12.66023242234297,33.85954648465517,44.83848857062901,37.582691289944535,35.27970587555487,NEUTRAL,HOLD
2023-08-10,31.658511100548413,45.00896769780248,12.46694103235933,34.27827295891807,46.26687257161473,33.011611662086196,34.81503556263282,BEAR,EXIT
2023-08-11,31.59488062934776,57.026035754032854,12.4199668063215,34.66170680947699,45.33713821706906,35.9519363317053,30.829736485363632,BEAR,EXIT
2023-08-12,31.637208104472887,64.81688150506561,12.418943707518185,34.6188237585818,40.22382759397851,37.39437787229703,35.36373333541897,NEUTRAL,HOLD
2023-08-13,31.342718065937085,47.69946761089952,12.263423840508828,34.433268072247984,39.769820733296946,32.922339374774666,36.607729916073076,NEUTRAL,HOLD
2023-08-14,31.63123442574149,66.55532526287092,12.37132862215566,32.59708190991405,39.79610364195521,37.47164001855394,34.38864881522892,BEAR,EXIT
2023-08-15,31.085169827656404,65.76759888389641,12.104448162626644,31.373205178062673,39.851209200983305,36.87944199860409,32.85857491071751,BEAR,EXIT
2023-08-16,30.150961050366902,60.45324658742233,11.636357507042382,30.93188145741903,40.951686515669905,35.220822333553976,37.582691289944535,NEUTRAL,HOLD
2023-08-17,25.384828296190392,50.80892968919921,9.182300108634363,30.777236331465442,41.55369919240426,30.926096301844034,33.011611662086196,BEAR,EXIT
2023-08-18,24.01353172775542,42.125391459642486,8.672276230696308,30.71935733912617,43.57455991314514,28.43522222155995,35.9519363317053,NEUTRAL,HOLD
2023-08-19,24.174467055022593,42.3480717229678,8.725944152405235,31.32918109577857,43.4571422796447,28.629638270061037,37.39437787229703,NEUTRAL,HOLD
2023-08-20,24.389716490275813,52.21740008668667,8.773203043995762,30.722429037174592,44.93140596458708,31.22741052958846,32.922339374774666,BEAR,EXIT
2023-08-21,24.32433760112909,53.49460187588387,8.71495897393039,31.114150000916403,45.379056726295595,31.61897171686279,37.47164001855394,NEUTRAL,HOLD
2023-08-22,24.017911980978234,43.52290033500402,8.609565322613788,30.835342676536996,42.523494817537134,28.685662625801495,36.87944199860409,NEUTRAL,HOLD
2023-08-23,25.13820459508616,44.14658499924172,9.045198407086279,31.952561637616018,42.47019755036613,29.42705131043255,35.220822333553976,NEUTRAL,HOLD
2023-08-24,24.43460575305681,41.85154711074197,8.691288072866236,32.723489055956755,41.871877897964346,28.62723726636573,30.926096301844034,BEAR,EXIT
2023-08-25,24.28018187712621,39.875588896619604,8.58048785258446,33.33135852161432,41.71391144077058,28.140144280128865,28.43522222155995,BEAR,EXIT
2023-08-26,24.224193907932555,40.52909554591963,8.52293031234877,34.6348827707896,41.50917608927573,28.450268145875445,28.629638270061037,BEAR,EXIT
2023-08-27,24.420889139985743,31.117067116234125,8.597836472410126,34.328913461158166,41.37832739564992,26.112270574274994,31.22741052958846,BEAR,EXIT
2023-08-28,24.487169941961508,32.32101903544743,8.614132898585003,33.71024127324009,40.49698042497947,26.25546655465127,31.61897171686279,BEAR,EXIT
2023-08-29,28.138469227619222,54.98890325676044,10.346473758648026,35.735137440698416,39.472532040727415,33.56558515438299,28.685662625801495,BEAR,EXIT
2023-08-30,27.290995166513454,38.63616448368558,9.866152212530716,36.447704650004184,39.814591282327136,29.268184939114914,29.42705131043255,BEAR,EXIT
2023-08-31,24.227575719260876,44.088618327224935,8.37969128520552,37.21050137359943,41.256437931132304,29.673584553778745,28.62723726636573,BEAR,EXIT
2023-09-01,23.91318319124358,46.80633333003389,8.243952745908176,36.85410727617188,42.687952892985656,30.32124021978753,28.140144280128865,BEAR,EXIT
2023-09-02,24.09015682681072,47.08168693866504,8.276476312088258,37.2739122019805,43.306251269133845,30.57447600233759,28.450268145875445,BEAR,EXIT
2023-09-03,24.33531544708082,49.724579491554515,8.378246125285223,38.12825632283973,42.77702328544116,31.404329509039993,26.112270574274994,BEAR,EXIT
2023-09-04,23.987494143141237,45.53033904404889,8.226510568927607,37.53029114030535,42.29862405406975,30.083541194192893,26.25546655465127,BEAR,EXIT
2023-09-05,23.98489380650658,34.53333942622506,8.166428617177656,35.35180522297108,43.459729780050516,27.110832483394486,33.56558515438299,BEAR,EXIT
2023-09-06,23.953409540389263,39.67830501349187,8.120930651910404,34.72667829873589,44.39766715374179,28.37855370605639,29.268184939114914,BEAR,EXIT
2023-09-07,25.029067726896653,45.68752650274582,8.580073810496936,32.362958749623886,43.66399151553948,29.867459669852366,29.673584553778745,BEAR,EXIT
2023-09-08,24.348947624039184,39.45717466142232,8.261995112030638,32.61083444536762,43.53760780478473,28.066762922257077,30.32124021978753,BEAR,EXIT
2023-09-09,24.35115573937402,47.08296337505375,8.230561364337118,33.044479448381914,42.99506779821362,29.978378535521713,30.57447600233759,BEAR,EXIT
2023-09-10,24.226635062346823,46.17211397780021,8.15989817568652,33.902402169045665,41.88983958018591,29.717342931666842,31.404329509039993,BEAR,EXIT
2023-09-11,22.662966622358518,48.473773610125484,7.3973234657058935,32.64707165528786,39.61665787621308,29.255524618294594,30.083541194192893,BEAR,EXIT
2023-09-12,24.36498691716114,42.46220948308772,8.170509872658727,33.002211015162686,39.613578780947975,28.47083995082122,27.110832483394486,BEAR,EXIT
2023-09-13,25.232342803698938,45.97560753116845,8.539564227334012,34.75444225224742,39.040402288181184,29.888724136023825,28.37855370605639,BEAR,EXIT
2023-09-14,25.99128298211647,53.42480883832261,8.855933211863956,35.84092095686354,39.20426104581372,32.22133799469928,29.867459669852366,BEAR,EXIT
2023-09-15,26.267927236956467,65.46520850684962,8.95300591242797,36.3280468779103,39.413522802033484,35.427840792174834,28.066762922257077,BEAR,EXIT
2023-09-16,26.01378862500421,49.83165582586709,8.85766330419875,37.30301192085005,38.36140226556645,31.465175219491933,29.978378535521713,BEAR,EXIT
2023-09-17,25.90614549322185,47.12113522295615,8.805243261042447,37.99979540259118,36.245569433869576,30.63770235968972,29.717342931666842,BEAR,EXIT
2023-09-18,26.51121365134348,52.13101490123524,9.027046691949693,37.57762627115911,35.72577018798209,32.00074811857387,29.255524618294594,BEAR,EXIT
2023-09-19,27.519254566231137,45.563632266704424,9.522777835617713,38.78638938404004,32.76073986076598,30.645272397351597,28.47083995082122,BEAR,EXIT
2023-09-20,27.348702421422967,48.48132440028486,9.398289937919193,39.29456348171607,32.556199540671514,31.354404290406507,29.888724136023825,BEAR,EXIT
2023-09-21,26.077438333844523,43.39391075361261,8.79307982323492,39.62531785805542,34.57059999360811,29.831182831272617,32.22133799469928,BEAR,EXIT
2023-09-22,26.11476662231099,39.239782789441875,8.790690115273017,39.26580512318237,33.81929736512929,28.674314212098654,35.427840792174834,NEUTRAL,HOLD
2023-09-23,26.109849936644085,51.64488447631997,8.778711138111571,39.116282140208305,33.84140599457169,31.751501248183946,31.465175219491933,BEAR,EXIT
2023-09-24,25.45270504475826,45.24500355249492,8.419542880115161,38.64916591824665,34.386760415173796,29.867021906828615,30.63770235968972,BEAR,EXIT
2023-09-25,25.464278917447487,44.60764723135057,8.458006340367161,37.40460428452552,35.31331016096972,29.62481840992112,32.00074811857387,BEAR,EXIT
2023-09-26,25.257910691772846,39.96957645608653,8.344561688680436,36.87761164791784,35.71681671309294,28.342003077786543,30.645272397351597,BEAR,EXIT
2023-09-27,25.59507966563211,49.802930700099296,8.485592244427401,35.78632688342011,35.978855088052526,30.792209564918206,31.354404290406507,BEAR,EXIT
2023-09-28,27.196277022864113,46.35741084493336,9.171310093006388,35.46836638536786,39.31650781213991,30.834403575713026,29.831182831272617,BEAR,EXIT
2023-09-29,26.912696228440225,46.53934714492085,9.05976498419854,33.36198542167818,41.17530703120209,30.64242716797392,28.674314212098654,BEAR,EXIT
2023-09-30,27.062973349211255,42.02223370587524,9.101474927364354,33.85553614179247,38.8516177482847,29.408237612802395,31.751501248183946,BEAR,EXIT
2023-10-01,29.294854541299646,45.56739218711864,10.1443620454402,35.14425998755407,39.68347197716946,31.449163014107654,29.867021906828615,BEAR,EXIT
2023-10-02,28.414160115397884,52.649701239454096,9.75543407466437,35.965246963759895,35.13939187503817,32.54648639148357,29.62481840992112,BEAR,EXIT
2023-10-03,28.11453935533581,55.42907645108494,9.5539972259419,35.133480165204325,35.94325152544951,33.066777541885955,28.342003077786543,BEAR,EXIT
2023-10-04,28.916771704677746,40.88858812547563,9.912472695511862,35.54520350005677,33.10249408671457,29.521703015554575,30.792209564918206,BEAR,EXIT
2023-10-05,28.073192998046302,44.66828834232589,9.520438981660856,37.674093482090214,31.272629621088285,30.271494765749896,30.834403575713026,BEAR,EXIT
2023-10-06,29.23848158068513,55.89877611880253,10.057777072469142,39.17648250268485,31.294007456649894,33.76366703946771,30.64242716797392,BEAR,EXIT
2023-10-07,29.293261914199082,60.90418361420953,10.062801580206553,40.49700715161627,31.482618100096374,35.24939767660549,29.408237612802395,BEAR,EXIT
2023-10-08,29.210519946518254,48.132158235212934,10.016306768022066,39.85675940501576,30.78054670685701,31.85602547780119,31.449163014107654,BEAR,EXIT
2023-10-09,28.4027255031774,51.17778004126644,9.62691811845049,39.28811469082119,27.86449846949732,31.920313335532835,32.54648639148357,BEAR,EXIT
2023-10-10,28.013391607939447,53.112438005807086,9.399260543503765,38.21864916642838,28.901624023137302,32.18493886981234,33.066777541885955,BEAR,EXIT
2023-10-11,26.664450328916413,50.955660635249835,8.804530074527468,38.1955349852477,34.118388187900834,31.640325338970115,29.521703015554575,BEAR,EXIT
2023-10-12,26.47805013684803,52.98923136316067,8.67127246033363,37.00640385991885,32.217050992636715,31.6976430521628,30.271494765749896,BEAR,EXIT
2023-10-13,26.721280090370858,41.062257535139445,8.775287896695074,36.770597207975,33.72148052182645,28.92474362361403,33.76366703946771,BEAR,EXIT
2023-10-14,26.74195077594557,44.02121889480366,8.784310240982427,37.13819242194333,34.25283370833566,29.780764238806135,35.24939767660549,NEUTRAL,HOLD
2023-10-15,27.357276306671995,53.907060289123606,9.072213318032157,37.94974749213914,31.94567672279736,32.38542042398954,31.85602547780119,BEAR,EXIT
2023-10-16,30.485050007689836,46.08318157771175,10.490821808719692,38.17098508095142,29.068509324599745,31.396973453081515,31.920313335532835,BEAR,EXIT
2023-10-17,30.302129515254677,55.52868545541423,10.373725100849757,38.60521068504284,27.123590878699048,33.550695929226244,32.18493886981234,BEAR,EXIT
2023-10-18,30.048819789367343,47.24926467787217,10.263737510815615,39.273145895281516,27.363399504837318,31.507021443217326,31.640325338970115,BEAR,EXIT
2023-10-19,30.893092284380003,45.737386568330805,10.654582189981829,42.39384766734232,27.97542928198328,31.989810843692744,31.6976430521628,BEAR,EXIT
2023-10-20,34.68923919885742,45.12462417600974,11.876661131879677,41.070206605246995,27.901401736008424,33.013931194423485,28.92474362361403,BEAR,EXIT
2023-10-21,35.191613546572604,53.13742223922924,12.118042133059696,41.18524701018564,29.366143319193455,35.37984943383822,29.780764238806135,BEAR,EXIT
2023-10-22,35.317809301593265,54.46430146188761,12.206016056734468,41.287796525192064,29.89423361419054,35.835214207494644,32.38542042398954,BEAR,EXIT
2023-10-23,42.23767179792237,64.34575749828427,15.320813207964177,41.07993202682118,26.91400875598076,40.67529423516187,31.396973453081515,BEAR,EXIT
2023-10-24,44.234696389239815,51.2970818106931,16.251430373301183,38.964035273657075,23.610494219479435,37.55062015710196,33.550695929226244,BEAR,EXIT
2023-10-25,45.5642206573769,62.86484660103658,16.893909681919713,40.74897583982252,20.503068215927925,40.92691298142233,31.507021443217326,BEAR,EXIT
2023-10-26,44.687030739293235,64.30421667813395,16.551567513825834,41.36481531810948,22.076799490535763,41.204879140856626,31.989810843692744,BEAR,EXIT
2023-10-27,43.95904026877204,65.34356293940424,16.233612560663193,41.46783910954489,21.90347525241563,41.180848719288605,33.013931194423485,BEAR,EXIT
2023-10-28,44.37963017159767,68.48191863620448,16.415400456753844,40.090572519776956,19.458896142463956,41.67692429409413,35.37984943383822,NEUTRAL,HOLD
2023-10-29,45.483197226009096,56.176819609467366,16.884064898897027,50.16239552658486,17.117357988396577,40.30207217777635,35.835214207494644,NEUTRAL,HOLD
2023-10-30,45.22215025429826,66.91597814240416,16.797664475236136,40.73153195643345,18.37503430580813,41.60240573098357,40.67529423516187,NEUTRAL,HOLD
2023-10-31,45.478818677626464,66.69292118084215,16.956852576585487,40.62944154542131,17.855455639054938,41.588208209534265,37.55062015710196,NEUTRAL,HOLD
2023-11-01,47.20558021654352,65.40535906942722,17.76470308241647,40.36331841573788,21.485702444651267,42.26902245562896,40.92691298142233,NEUTRAL,HOLD
2023-11-02,45.837811615576285,61.262988455412426,17.172120513205368,40.82656441711527,20.253587236565735,40.65085808739093,41.204879140856626,NEUTRAL,HOLD
2023-11-03,45.34944654529618,57.134439554128,16.94226386715649,42.07540503380315,25.899890898904914,40.17819647051312,41.180848719288605,NEUTRAL,HOLD
2023-11-04,46.21491135282938,79.84178773426464,17.25274985714856,42.357364410104154,27.64257769638897,46.3933327419992,41.67692429409413,NEUTRAL,HOLD
2023-11-05,46.218759635705915,76.1267515230286,17.241305717559687,41.32315813403943,30.2019520849029,45.56424584357707,40.30207217777635,NEUTRAL,HOLD
2023-11-06,45.95929774202428,56.01436828391165,17.18349696695699,41.74163633480505,31.692182886317582,40.658544525829114,41.60240573098357,NEUTRAL,HOLD
2023-11-07,46.81658321784326,61.424668857638295,17.586897744159923,42.91665937410105,29.294263829220526,42.285447017631746,41.588208209534265,NEUTRAL,HOLD
2023-11-08,48.360541539250576,73.96193864070835,18.138230938827427,43.16576014900698,31.143320438000288,46.21548937586882,42.26902245562896,NEUTRAL,HOLD
2023-11-09,52.985445694399466,84.96792386872565,19.92745441425189,44.64687209364637,44.2019522108921,52.240331593487795,40.65085808739093,NEUTRAL,HOLD
2023-11-10,54.582782532556415,84.79421472401079,20.537202670416914,45.87309174801369,35.671085980325,52.128901335087555,40.17819647051312,NEUTRAL,HOLD
2023-11-11,54.74545119680061,82.74543875095215,20.26128496962843,47.45525919559489,37.77028715206373,52.057569635249514,46.3933327419992,NEUTRAL,HOLD
2023-11-12,54.89299211553605,83.02699035049095,20.170620544595565,47.54199925462451,35.784513475670096,51.968520566963356,45.56424584357707,NEUTRAL,HOLD
2023-11-13,53.53018625803625,57.613481735136716,19.56692514779545,47.17092812020609,38.51352498584261,45.30280305736932,40.658544525829114,NEUTRAL,HOLD
2023-11-14,52.757924559708236,64.17298885948296,19.079459517987715,47.03505789247849,38.18786868332293,46.56056203858482,42.285447017631746,NEUTRAL,HOLD
2023-11-15,63.688669996391326,78.67519187352266,23.339854511653012,47.84918259218162,37.75347422275044,54.396094680730954,46.21548937586882,NEUTRAL,HOLD
2023-11-16,59.20022982052563,90.4304128965518,21.21698469450645,47.703485907968236,40.14949866888769,55.78154186228093,52.240331593487795,NEUTRAL,HOLD
2023-11-17,60.93621215843872,85.79849861307747,21.972071091006036,48.40127223496484,38.279891296718546,55.213082483918775,52.128901335087555,NEUTRAL,HOLD
2023-11-18,60.91606412783117,91.39175521835574,22.008931797517526,45.6618766019814,39.91530756041553,56.365356648780555,52.057569635249514,NEUTRAL,HOLD
2023-11-19,63.37869692988258,94.95931883413682,23.01411700120787,46.93144890300763,41.526828902252255,58.54866241341692,51.968520566963356,NEUTRAL,HOLD
2023-11-20,64.67274655892174,90.38909469441026,23.588989262957462,48.31177408636652,40.986301593763905,58.06229176620196,45.30280305736932,NEUTRAL,HOLD
2023-11-21,60.97266298744572,77.31480790966734,21.93102712009334,48.71036773909515,40.170132229389054,53.330274681472396,46.56056203858482,NEUTRAL,HOLD
2023-11-22,64.93572047261056,73.70093718438523,23.83451233799783,49.29739165247158,45.87628155059031,54.655089808408796,54.396094680730954,NEUTRAL,HOLD
2023-11-23,64.59070496675099,81.96059761345725,23.578622729713768,51.53483768571626,48.680256457987994,57.18133673798861,55.78154186228093,NEUTRAL,HOLD
2023-11-24,65.71408421440591,83.6097187455968,24.11848106597652,52.82153149836062,50.73682623103986,58.437263511774354,55.213082483918775,NEUTRAL,HOLD
2023-11-25,67.90542795502209,77.81268109875586,24.946411812306994,52.67123970658078,48.311311273414724,57.54589810698557,56.365356648780555,NEUTRAL,HOLD
2023-11-26,66.86172677027729,68.33046096496085,24.48796448284179,53.24171325960824,48.63199706471438,54.88818286430443,58.54866241341692,NEUTRAL,HOLD
2023-11-27,66.02292818541086,59.31535979352124,24.132195593957615,52.632475674154136,48.20244599386959,52.17727347330518,58.06229176620196,NEUTRAL,HOLD
2023-11-28,67.76675864424094,69.02225433269862,24.830128865784328,44.96089892409937,47.88904122879983,54.08465591109869,53.330274681472396,NEUTRAL,HOLD
2023-11-29,69.2605290094501,61.216079414862016,25.296080343338634,54.43992670436312,45.22846424472908,53.83023005534563,54.655089808408796,NEUTRAL,HOLD
2023-11-30,68.82245740119379,60.325879504557875,25.127466962420797,55.35401480082859,47.54509855475474,53.81131256458153,57.18133673798861,NEUTRAL,HOLD
2023-12-01,72.94509832804569,85.09819049150757,26.86356978776312,55.32150800233325,46.98865019272027,61.52788229846524,58.437263511774354,NEUTRAL,HOLD
2023-12-02,81.70320238337119,58.966307370711455,29.78987957489289,55.53810557893233,50.33355294935895,58.574584604443544,57.54589810698557,NEUTRAL,HOLD
2023-12-03,91.08905886620396,89.68708867883313,33.19299023492614,54.88756350794377,47.48129013500472,69.36835141624674,54.88818286430443,NEUTRAL,HOLD
2023-12-04,97.87621655965783,89.53158879608493,36.35347704530287,53.98293451221512,43.5687118286388,71.47076893567531,52.17727347330518,NEUTRAL,HOLD
2023-12-05,100.0,92.72501533294073,39.69231686955207,55.558350840418505,37.101214316275055,73.16359126483587,54.08465591109869,NEUTRAL,HOLD
2023-12-06,98.34364727387702,96.06774137189986,39.12783510672369,54.7717061135957,34.33738607004108,72.99509107052627,53.83023005534563,NEUTRAL,HOLD
2023-12-07,96.41331684910823,68.96898647205532,38.44774968586139,53.615771760551546,44.97926805701796,66.39608417970311,53.81131256458153,NEUTRAL,HOLD
2023-12-08,99.3820517060104,81.35329106262057,40.68588046596246,54.76920254206564,43.69301613829572,70.87479636579017,61.52788229846524,BULL,DEPLOY_ALTS
2023-12-09,97.59092774789802,92.72371972847233,39.882580693058465,55.42590461134055,31.125283539961472,71.8611384407964,58.574584604443544,NEUTRAL,HOLD
2023-12-10,97.44029943547206,79.03635588491713,39.84445737704165,54.744507079145265,37.603706399933834,68.9321169791444,69.36835141624674,BULL,DEPLOY_ALTS
2023-12-11,88.33809386806388,85.78514936753423,35.63241027560778,51.93838522531663,37.89230259737779,66.65418560095955,71.47076893567531,BULL,DEPLOY_ALTS
2023-12-12,88.9165600504009,75.4587985567241,35.98741999219983,51.45074073347323,37.058258758934514,64.1605886386557,73.16359126483587,BULL,DEPLOY_ALTS
2023-12-13,93.93291604334057,89.94823555030916,38.338265169337156,52.92384915752096,32.74365951101838,69.54753005917688,72.99509107052627,BULL,DEPLOY_ALTS
2023-12-14,94.09332280013629,100.0,38.408950170568474,53.824448296302066,37.65942993474171,72.74939711207406,66.39608417970311,BULL,DEPLOY_ALTS
2023-12-15,90.12191630069111,100.0,36.705815126392906,55.4349947067888,38.68929261213331,71.56191638271756,70.87479636579017,BULL,DEPLOY_ALTS
2023-12-16,90.77317852821629,100.0,37.06544697241817,55.234678936035856,38.70620296069936,71.80086508942382,71.8611384407964,BULL,DEPLOY_ALTS
2023-12-17,87.97764047561417,95.39254853230281,35.659796237364624,53.70763584588851,41.19282589663562,69.54881648977971,68.9321169791444,BULL,DEPLOY_ALTS
2023-12-18,91.96382096921047,94.68689302041341,37.66544524832549,54.70174142483096,37.99804191849163,70.79902400110541,66.65418560095955,BULL,DEPLOY_ALTS
2023-12-19,90.49806084829946,93.64126524619334,36.91049018531448,55.075128646082895,36.68871385510872,69.87197328552438,64.1605886386557,BULL,DEPLOY_ALTS
2023-12-20,94.90564774216652,87.63357063038828,39.08868400815695,54.48874421597226,33.249302922262785,69.69606570650055,69.54753005917688,BULL,DEPLOY_ALTS
2023-12-21,95.65135412848696,86.53335768087868,39.37811358521361,53.60203110078715,34.45003672063261,69.68967671298982,72.74939711207406,BULL,DEPLOY_ALTS
2023-12-22,95.90593652428657,90.90357548980079,39.567653620829105,54.7388538653351,36.54336363285579,71.27636999698784,71.56191638271756,BULL,DEPLOY_ALTS
2023-12-23,94.92885544558621,76.45137819654677,39.19668604460217,57.196101815749934,36.18228253235175,67.62848191733065,71.80086508942382,BULL,DEPLOY_ALTS
2023-12-24,92.36524969158808,77.94338968509051,38.177460491457616,55.41494822990938,35.769098938404824,66.72006655536745,69.54881648977971,BULL,DEPLOY_ALTS
2023-12-25,94.10351094174496,62.7246876825167,39.097609827001634,57.97976711006017,34.70993485227882,63.89970572028989,70.79902400110541,BULL,DEPLOY_ALTS
2023-12-26,89.89962984130882,60.34887693653798,37.377798270836706,59.56513458723224,35.732541443468236,62.040692173126146,69.87197328552438,BULL,DEPLOY_ALTS
2023-12-27,92.68890839672522,64.68046446412437,42.19711855522305,62.294784703380365,43.16749448726183,66.07717950032651,69.69606570650055,BULL,DEPLOY_ALTS
2023-12-28,89.87487463243463,56.43028625947285,40.88951305618369,63.97977175616203,44.54930487449483,63.29983281670912,69.68967671298982,BULL,DEPLOY_ALTS
2023-12-29,87.32508402379472,67.62988292317023,39.89666319477404,64.48948585076575,44.956462313622815,65.25339768586292,71.27636999698784,BULL,DEPLOY_ALTS
2023-12-30,87.92428276873703,68.77934671173637,40.094799673042964,62.64671537751872,42.124199835707685,65.20050873336237,67.62848191733065,BULL,DEPLOY_ALTS
2023-12-31,87.86378775513415,80.11069255281873,40.01249417300781,60.96178894056757,42.57124511020376,67.790701151452,66.72006655536745,BULL,DEPLOY_ALTS
2024-01-01,94.09702001447802,73.50581326077689,44.028685953775465,61.68956482603141,38.231428342601525,68.48787406845759,63.89970572028989,BULL,DEPLOY_ALTS
2024-01-02,96.88185520372905,57.249808797083304,46.66184682720929,63.80834411271661,36.2819094994008,65.90882069267897,62.040692173126146,BULL,DEPLOY_ALTS
2024-01-03,89.17184586285985,66.17267620099318,43.43122582057361,66.94145823867582,37.72223990784458,65.7944106998068,66.07717950032651,BULL,DEPLOY_ALTS
2024-01-04,92.94400728753412,72.84702171025195,49.38878528491613,67.98798371048844,40.847554679103446,70.25566769529006,63.29983281670912,BULL,DEPLOY_ALTS
2024-01-05,92.33720836366476,56.495978810561795,49.23042987203713,74.22009296659249,43.07286419587185,67.11154355072337,65.25339768586292,BULL,DEPLOY_ALTS
2024-01-06,91.45788845265034,54.7854275377435,48.838811098119514,75.2866040474649,33.89537079024201,65.58401332599882,65.20050873336237,BULL,DEPLOY_ALTS
2024-01-07,91.12145434823503,43.39182861896217,48.61757984140135,74.15678242197842,35.43797896147703,62.57522468693578,67.790701151452,BULL,DEPLOY_ALTS
2024-01-08,100.0,53.88197292323428,54.66999068012931,73.76044346654875,32.70235708123113,68.73879359493985,68.48787406845759,BULL,DEPLOY_ALTS
2024-01-09,96.64148618500884,65.61377425072256,52.917214402043975,74.72454293866981,34.87426966075206,70.67544070546776,65.90882069267897,BULL,DEPLOY_ALTS
2024-01-10,98.81988490410174,54.7586284964519,53.8879222998599,78.6330361636159,45.97331489389682,70.50549396924755,65.7944106998068,BULL,DEPLOY_ALTS
2024-01-11,97.06123298780675,74.94357389313174,53.159216626733986,81.0191476915968,50.843784318171,75.72335728052838,70.25566769529006,BULL,DEPLOY_ALTS
2024-01-12,85.16220113209009,66.05427215348965,47.0755556214679,79.41390290454883,57.28515257067176,69.11794019504252,67.11154355072337,BULL,DEPLOY_ALTS
2024-01-13,85.20970872893012,63.074816667602754,46.9048962815805,78.57525511372789,57.57213920878753,68.25609822983377,65.58401332599882,BULL,DEPLOY_ALTS
2024-01-14,81.9539165871232,53.83942973077942,44.69743847947659,76.66877251434695,57.653131415127845,64.25114912339195,62.57522468693578,BULL,DEPLOY_ALTS
2024-01-15,84.02968703775984,41.58254728040557,46.22101376353002,75.94153303444637,57.976479327089805,62.037623572011285,68.73879359493985,BULL,DEPLOY_ALTS
2024-01-16,85.46992039712143,47.719304452566256,47.28281028583674,75.86491163505715,59.12651313531585,64.3197523482355,70.67544070546776,BULL,DEPLOY_ALTS
2024-01-17,83.7781003619753,43.7774946206544,46.324155329615394,75.80025691214655,60.06490265856386,62.719163632357635,70.50549396924755,BULL,DEPLOY_ALTS
2024-01-18,78.74458593795723,51.7441943295064,43.30628004678316,73.77468655849175,62.633584401602725,62.55024179705444,75.72335728052838,BULL,DEPLOY_ALTS
2024-01-19,79.77942010082681,45.29789583143786,43.92449699996677,73.72575029490463,65.57511093994123,61.65957302633068,69.11794019504252,BULL,DEPLOY_ALTS
2024-01-20,79.9532516594013,49.142591322526584,43.90494151068552,74.15195194615525,62.59053296894352,62.43445771940678,68.25609822983377,BULL,DEPLOY_ALTS
2024-01-21,79.48200376459693,47.55723603516489,43.66373217680181,72.29706718678106,57.57184644646583,61.06840129619441,64.25114912339195,BULL,DEPLOY_ALTS
2024-01-22,72.97202025384644,52.70844063500325,39.47995292287711,70.85832179572061,56.12908818026146,59.206363906864404,62.037623572011285,BULL,DEPLOY_ALTS
2024-01-23,73.42260804961231,51.52831808560022,40.08182177247228,73.82066735420162,51.85755176319799,59.184081570228244,64.3197523482355,BULL,DEPLOY_ALTS
2024-01-24,74.35467851329867,48.391450262187554,40.60441065497728,74.60524631279995,51.285391425696616,58.8444743400216,62.719163632357635,BULL,DEPLOY_ALTS
2024-01-25,73.62643516627263,60.93380724680585,40.16742683375818,75.05589433540098,50.130430308792626,61.62629490952429,62.55024179705444,BULL,DEPLOY_ALTS
2024-01-26,79.9337976314869,51.49330041924548,43.97899940904754,75.24488561798482,40.770981237936,61.013095242558265,61.65957302633068,BULL,DEPLOY_ALTS
2024-01-27,80.74422511975109,60.17043207046724,44.424897617314215,74.66537505083917,39.15701301226966,63.266362635857824,62.43445771940678,BULL,DEPLOY_ALTS
2024-01-28,80.22695782570328,54.95450192072687,44.16600568321425,75.06215831276636,40.05134491887705,61.9043722033382,61.06840129619441,BULL,DEPLOY_ALTS
2024-01-29,84.17470812227454,55.20197422642789,46.58764961475119,76.97118233840257,40.20143490437494,63.93625675743745,59.206363906864404,NEUTRAL,HOLD
2024-01-30,82.96778033458008,48.9004222323239,45.75919356496689,78.7312612600769,44.00519507172034,62.47748706763195,59.184081570228244,NEUTRAL,HOLD
2024-01-31,81.54684798998873,42.54655816950101,45.06725556889729,77.92619911830859,43.37740411537585,60.14081533243521,58.8444743400216,NEUTRAL,HOLD
2024-02-01,82.88662300504892,53.24546837286051,45.96891442012573,75.5572749094913,44.8528777009144,63.19001588527008,61.62629490952429,BULL,DEPLOY_ALTS
2024-02-02,83.23455841096789,69.11836846545143,46.09909696858796,73.54837271472611,46.96068739582835,67.19810368016257,61.013095242558265,BULL,DEPLOY_ALTS
2024-02-03,82.62948761204665,60.188357530757294,45.638381591430395,71.50622527175973,47.43399616564625,64.43294539191798,63.266362635857824,BULL,DEPLOY_ALTS
2024-02-04,81.24507862795296,55.64303490211301,44.81170737767351,65.41544592866623,48.44013217136373,61.90295389588515,61.9043722033382,BULL,DEPLOY_ALTS
2024-02-05,81.30491720285117,53.70633596849802,44.83975391355624,63.82540626106934,49.616071810569295,61.32142805590844,63.93625675743745,BULL,DEPLOY_ALTS
2024-02-06,82.68852367966707,59.51767192295615,45.6458317452674,64.58455497245265,53.36969502000257,63.8397941815608,62.47748706763195,BULL,DEPLOY_ALTS
2024-02-07,86.31010703401785,58.39811237499192,47.88544794019612,63.73338998232564,55.118660364800604,65.14152432582146,60.14081533243521,BULL,DEPLOY_ALTS
2024-02-08,89.64499892984279,48.7021839652525,49.981763932415234,64.47737083589202,48.89583046339753,63.626587128472565,63.19001588527008,BULL,DEPLOY_ALTS
2024-02-09,95.41055395420092,64.46296716393498,53.491601448255246,64.80191436070623,35.86277236101553,68.74379265710256,67.19810368016257,BULL,DEPLOY_ALTS
2024-02-10,97.2683338161299,57.67813682188632,54.64757153376837,65.05728709857893,31.741005101683427,67.4622422320194,64.43294539191798,BULL,DEPLOY_ALTS
2024-02-11,98.45289725577993,50.06278098486842,55.39332341223916,67.38611929755857,25.243505887603064,65.762497588793,61.90295389588515,BULL,DEPLOY_ALTS
2024-02-12,100.0,76.30969876148669,58.99126532241834,67.50215637725007,24.617577442609686,73.46275895570382,61.32142805590844,BULL,DEPLOY_ALTS
2024-02-13,98.60716306510523,52.36487884418665,58.26213399635287,68.92414721985153,27.24573135651447,67.38899064847797,63.8397941815608,BULL,DEPLOY_ALTS
2024-02-14,100.0,57.694353252149824,62.23730988079744,70.94266460010353,28.773987033137317,70.3898486825262,65.14152432582146,BULL,DEPLOY_ALTS
2024-02-15,99.98296394956513,65.67996858711837,62.46380015963704,73.29093218714904,28.281681793599034,72.7294493710088,63.626587128472565,BULL,DEPLOY_ALTS
2024-02-16,100.0,53.63564620039989,62.76864762154396,74.4595368266317,28.930801738898452,70.02465177229337,68.74379265710256,BULL,DEPLOY_ALTS
2024-02-17,98.43376110379624,60.61957895870034,61.7112673160854,77.89390060046303,27.593808929068288,71.47074251700732,67.4622422320194,BULL,DEPLOY_ALTS
2024-02-18,99.65266460098641,46.0704740016964,62.501520507821404,77.20455240638555,30.494619458085296,68.54386678905067,65.762497588793,BULL,DEPLOY_ALTS
2024-02-19,98.1355494044899,53.44602668161696,61.65788870225041,77.5156118208343,36.4923727560056,70.41032828092699,73.46275895570382,BULL,DEPLOY_ALTS
2024-02-20,99.39561988557746,56.77882878263662,62.58046146308941,77.56235636201646,38.77992070383485,72.04183097863623,67.38899064847797,BULL,DEPLOY_ALTS
2024-02-21,97.48620444671106,54.48292790413035,61.60146583222613,79.50487270271078,39.88100210580311,71.10071759247805,70.3898486825262,BULL,DEPLOY_ALTS
2024-02-22,95.87287000113074,51.857100745427445,60.47062861664848,77.13139815538138,46.22951125402026,70.012922758735,72.7294493710088,BULL,DEPLOY_ALTS
2024-02-23,94.10396000333367,63.084999560642565,59.43143869155156,80.53117774624513,46.858845548256454,72.65428684623348,70.02465177229337,BULL,DEPLOY_ALTS
2024-02-24,96.27196579555566,52.685005803610075,60.72761055129252,83.32535085474345,48.11478780583622,71.50864470862287,71.47074251700732,BULL,DEPLOY_ALTS
2024-02-25,96.64079319897773,66.06461579896849,61.015466107899194,81.6551297201482,56.93487224391116,75.65324181342864,68.54386678905067,BULL,DEPLOY_ALTS
2024-02-26,100.0,54.72163027472581,66.24363676430414,84.9809393937651,53.03497631532856,74.97977346213992,70.41032828092699,BULL,DEPLOY_ALTS
2024-02-27,100.0,57.1180571486421,71.06131109591243,86.59758794953743,50.1475134466179,76.49616604343541,72.04183097863623,BULL,DEPLOY_ALTS
2024-02-28,100.0,77.218004012176,81.77216532300076,88.5646507645264,43.68579731669586,83.3122114139927,71.10071759247805,BULL,DEPLOY_ALTS
2024-02-29,96.85643738652779,67.15078108443709,79.16789992466317,91.68485167669536,42.16924236856416,79.64785846036096,70.012922758735,BULL,DEPLOY_ALTS
2024-03-01,98.39394438472094,79.34565413512932,81.22070524322075,95.58072740399287,45.75641249187525,84.51148825762922,72.65428684623348,BULL,DEPLOY_ALTS
2024-03-02,97.12515027833729,61.05353520366893,80.37640615472445,99.02616520454369,46.496609991501344,79.979795895195,71.50864470862287,BULL,DEPLOY_ALTS
2024-03-03,98.98504288997754,79.10742611845542,82.14298534451649,99.22423696102236,46.933963803470476,85.47799839001081,75.65324181342864,BULL,DEPLOY_ALTS
2024-03-04,100.0,73.71893971694176,91.94114303939101,100.0,42.53960338826055,86.0719238759397,74.97977346213992,BULL,DEPLOY_ALTS
2024-03-05,90.48157956483934,93.00102457389558,84.22651831592785,100.0,46.94979839405633,86.9350135155169,76.49616604343541,BULL,DEPLOY_ALTS
2024-03-06,92.7902692997729,75.59658057760738,87.65602216523611,100.0,51.77773356015806,84.44520372339674,83.3122114139927,BULL,DEPLOY_ALTS
2024-03-07,93.66712081532978,99.65217197417829,89.03638253539252,98.85072548123478,48.615518640801845,90.5096164314874,79.64785846036096,BULL,DEPLOY_ALTS
2024-03-08,95.28398855687391,84.68463312069441,91.51201032971274,100.0,47.72223271203193,87.83098018438152,84.51148825762922,BULL,DEPLOY_ALTS
2024-03-09,95.24936099551603,89.46889106498902,91.7091599379626,99.82214337712989,51.54963431336576,89.41214799040063,79.979795895195,BULL,DEPLOY_ALTS
2024-03-10,95.63156043870592,76.86181737362637,92.62359513840309,100.0,50.87466668091176,86.51710817079017,85.47799839001081,BULL,DEPLOY_ALTS
2024-03-11,100.0,98.89594200047075,98.30838675535523,100.0,52.541355444206985,94.63979839560943,86.0719238759397,BULL,DEPLOY_ALTS
2024-03-12,97.74521724682901,78.28119462324509,96.84031156051812,98.89003574178683,51.397862660588615,88.23521776929049,86.9350135155169,BULL,DEPLOY_ALTS
2024-03-13,98.37923370468982,92.36909244144503,99.77129402677451,100.0,46.56713953257425,92.21701598038052,84.44520372339674,BULL,DEPLOY_ALTS
2024-03-14,94.77149534784171,77.00228877320343,96.36635399860816,99.358820679915,45.068605939189354,86.36597529328117,90.5096164314874,BULL,DEPLOY_ALTS
2024-03-15,90.50487755372734,65.74833619870095,92.50742625758602,98.46548944506546,42.45568629520048,81.10542461359051,87.83098018438152,BULL,DEPLOY_ALTS
2024-03-16,82.89995363648246,70.58107565469824,84.31067837242561,97.38713219293363,41.010172223840804,78.08647773042856,89.41214799040063,BULL,DEPLOY_ALTS
2024-03-17,87.82239807528407,74.53919549086629,90.12375764777863,96.17314373955796,40.83211495122807,81.51545288091403,86.51710817079017,BULL,DEPLOY_ALTS
2024-03-18,86.5985686309847,73.68352222107382,88.59112921929606,98.00505517283614,37.65434629504918,80.58486989385342,94.63979839560943,BULL,DEPLOY_ALTS
2024-03-19,75.85088474468785,73.50673360717846,77.83159409553943,97.30942790678228,31.959738982240452,74.49065572855024,88.23521776929049,BULL,DEPLOY_ALTS
2024-03-20,86.44280752581727,75.4842007549271,88.48462472640688,96.63645492559489,29.793133578738477,79.97559898847142,92.21701598038052,BULL,DEPLOY_ALTS
2024-03-21,81.73678658102347,55.748149399081925,83.99097274010859,97.54389579743825,31.396300473753925,73.02748228909036,86.36597529328117,BULL,DEPLOY_ALTS
2024-03-22,77.77038225435602,61.74566426604054,79.99960316503805,96.59130676166046,29.108648986683576,72.16701228874197,81.10542461359051,BULL,DEPLOY_ALTS
2024-03-23,78.1285114141976,73.27113844464174,81.32394910245443,96.12744652419694,27.67057532429027,75.20730236696917,78.08647773042856,BULL,DEPLOY_ALTS
2024-03-24,83.32714959280027,85.20319143310256,86.88700118933046,94.30594707157964,26.656021728729513,80.48783720759171,81.51545288091403,BULL,DEPLOY_ALTS
2024-03-25,86.95146997180409,66.22039071713068,91.6784462900339,95.90622583365635,25.528798270083726,77.9150416308875,80.58486989385342,BULL,DEPLOY_ALTS
2024-03-26,86.7919780482315,67.77529674148929,91.7707509866395,96.39809760692685,19.821629341164098,77.7774453723251,74.49065572855024,BULL,DEPLOY_ALTS
2024-03-27,85.10016950401038,67.8275199614357,90.37902288824405,91.57323176841892,22.828462147979536,76.58156639927165,79.97559898847142,BULL,DEPLOY_ALTS
2024-03-28,87.31722282479107,78.9608885411838,92.8130311124847,91.52182918993408,25.739041976210842,80.80017378134141,73.02748228909036,BULL,DEPLOY_ALTS
2024-03-29,85.47603751789343,72.66489076553161,91.14739347663684,90.05317721126744,32.85301004292111,78.83179022806053,72.16701228874197,BULL,DEPLOY_ALTS
2024-03-30,84.88007468874272,78.78485633642714,90.5673291097377,88.47329663808556,31.4271466070101,79.68741146909099,75.20730236696917,BULL,DEPLOY_ALTS
2024-03-31,87.5231133255819,69.38879116984073,93.29087469709539,84.98501863860271,32.610505464398074,78.27111007178404,80.48783720759171,BULL,DEPLOY_ALTS
2024-04-01,84.1674304541678,75.0801978146215,90.37764369490877,84.7876983214562,30.066501443379963,77.8206122214439,77.9150416308875,BULL,DEPLOY_ALTS
2024-04-02,76.16399303471869,67.50243810366645,82.08019197441219,87.84030047880177,28.985705843338877,72.2154614873688,77.7774453723251,BULL,DEPLOY_ALTS
2024-04-03,77.0202146648422,65.25595586671912,83.20833265853732,89.76880281845312,33.84428331373711,72.91146865198158,76.58156639927165,BULL,DEPLOY_ALTS
2024-04-04,80.94667350304792,65.29494176451517,87.56817287156319,93.71806255665305,24.36479643050096,74.61556109290386,80.80017378134141,BULL,DEPLOY_ALTS
2024-04-05,79.87220220966414,69.97471399515135,86.35480645210299,93.86809265239184,19.79891837715411,74.78640618768186,78.83179022806053,BULL,DEPLOY_ALTS
2024-04-06,81.86817505096785,74.85472680122852,88.09635069402712,94.64901530747828,19.37456186951286,77.02821283747593,79.68741146909099,BULL,DEPLOY_ALTS
2024-04-07,82.19890477142746,84.22184208382359,88.67738520586558,88.24238042285776,23.812808402376007,79.06824689722353,78.27111007178404,BULL,DEPLOY_ALTS
2024-04-08,85.98508725441279,80.97497056220394,92.63486401640908,84.76444251577378,28.154689894297164,80.09637698695244,77.8206122214439,BULL,DEPLOY_ALTS
2024-04-09,81.16716748624422,71.61526582897557,87.88815717030846,80.87352081482639,28.2604361029628,74.78866986969909,72.2154614873688,BULL,DEPLOY_ALTS
2024-04-10,83.62442816305345,78.20053669905332,90.25865562953372,77.65636904118406,26.54623107591469,76.99227221335519,72.91146865198158,BULL,DEPLOY_ALTS
2024-04-11,82.52352747044773,69.48986471326455,89.30800220625817,78.58790971658398,28.14310816098005,74.5936221342877,74.61556109290386,BULL,DEPLOY_ALTS
2024-04-12,77.23715208959628,72.68082198010003,83.86901822769451,76.28043796241597,25.693422887706532,72.12656275057584,74.78640618768186,BULL,DEPLOY_ALTS
2024-04-13,72.72381266137327,79.12763714075915,78.46422267075428,79.7864466082621,23.461412702952728,71.60600587928721,77.02821283747593,BULL,DEPLOY_ALTS
2024-04-14,74.55411340291715,74.50376348455501,80.80661703693164,78.7421511242203,27.8340774777742,71.74822871581068,79.06824689722353,BULL,DEPLOY_ALTS
2024-04-15,70.53804348685404,69.20828117305994,76.38823694118263,79.55042781355957,29.68922067536819,68.64261696712848,80.09637698695244,BULL,DEPLOY_ALTS
2024-04-16,71.05669704474285,76.88041374746436,76.78640855700553,83.16355913071443,29.986320301676656,71.36756016146488,74.78866986969909,BULL,DEPLOY_ALTS
2024-04-17,66.72552090175995,61.06173000762527,72.2602253718225,79.82581981054048,33.61531840119167,65.07053865849903,76.99227221335519,BULL,DEPLOY_ALTS
2024-04-18,70.3982210892585,66.74939364684288,76.0461174487355,83.86305948386214,35.45761006252518,69.14125815706721,74.5936221342877,BULL,DEPLOY_ALTS
2024-04-19,70.6615472621325,71.06132545714638,76.87732383578157,88.96438799136963,31.985807310629028,70.88249923985101,72.12656275057584,BULL,DEPLOY_ALTS
2024-04-20,72.6098312888949,100.0,78.39754828500925,88.34811126021235,30.24313031010483,78.73898876371264,71.60600587928721,BULL,DEPLOY_ALTS
2024-04-21,72.64238346844792,39.185789072056394,78.33384203732727,88.09130094245292,32.57071205637911,63.72669706301978,71.74822871581068,BULL,DEPLOY_ALTS
2024-04-22,75.9408751266637,36.960229284786514,81.67137850471984,89.94346806306808,31.39801725302705,64.98791749490263,68.64261696712848,BULL,DEPLOY_ALTS
2024-04-23,74.8516822218639,52.85806519348879,80.73088744288252,90.41475640876801,37.05829421927086,69.08424133675017,71.36756016146488,BULL,DEPLOY_ALTS
2024-04-24,70.47824649289647,35.724142538587614,76.71122410692482,89.36361215232367,38.12940063943277,62.63423629069264,65.07053865849903,BULL,DEPLOY_ALTS
2024-04-25,70.9636033472493,22.966690507799743,76.95066836442021,88.57871576366296,38.63198784690485,59.57089345324869,69.14125815706721,BULL,DEPLOY_ALTS
2024-04-26,69.62519747364654,19.864251309424684,75.57129009656636,90.46824690005771,40.77329809598198,58.615446933370265,70.88249923985101,BULL,DEPLOY_ALTS
2024-04-27,68.93781053128717,18.91926676823263,74.91989202137744,89.38558498212339,46.82936149837745,58.48591215287605,78.73898876371264,BULL,DEPLOY_ALTS
2024-04-28,68.03128349392684,18.002276013361133,73.90538414326421,88.21728244292461,48.39628481199985,57.76325172780985,63.72669706301978,BULL,DEPLOY_ALTS
2024-04-29,69.53311288482202,15.997226159394259,75.16459727523608,87.05272833570689,44.6052917489413,57.41059828559254,64.98791749490263,BULL,DEPLOY_ALTS
2024-04-30,63.79645381394159,16.537077522979665,69.51984479735198,85.55632645044713,40.719820429439025,54.08260549490876,69.08424133675017,BULL,DEPLOY_ALTS
2024-05-01,59.535833627937286,13.109899350155885,64.97148313435054,83.19482473947046,46.37463166936927,51.24920843064776,62.63423629069264,BULL,DEPLOY_ALTS
2024-05-02,61.31926302732998,15.872525729603307,66.37419117678886,78.95032007820558,43.5687482678063,51.83817141446906,59.57089345324869,NEUTRAL,HOLD
2024-05-03,67.8320017139147,14.401207707552002,72.93923728371587,76.46989321710923,40.448151925556296,54.05304907292761,58.615446933370265,NEUTRAL,HOLD
2024-05-04,69.32186633246366,18.1307184508543,74.57809718922508,73.62911959809227,42.9761027858378,55.586837168595316,58.48591215287605,NEUTRAL,HOLD
2024-05-05,69.59838409653824,23.049354881354667,74.7872687186338,70.32090901978333,42.647895307875864,56.41223357678198,57.76325172780985,NEUTRAL,HOLD
2024-05-06,68.04869683824556,13.526650429229392,73.15118785564447,67.92920925344654,42.15466232757399,52.831356850684294,57.41059828559254,NEUTRAL,HOLD
2024-05-07,66.57296090010205,12.901332100464883,71.57096021033126,67.93474436398772,39.03563518648689,51.60518851045993,54.08260549490876,NEUTRAL,HOLD
2024-05-08,64.2087672067843,13.061901095932523,69.3904251659806,69.21977177280208,35.045204039914296,50.29367663912628,51.24920843064776,NEUTRAL,HOLD
2024-05-09,67.44102281760459,17.69494133690177,72.73263299470139,70.68410892523585,35.99706574746176,53.404891691978655,51.83817141446906,NEUTRAL,HOLD
2024-05-10,63.785548123228,16.59116462620677,68.56317381808367,70.50788322366436,36.33066457506274,51.205339298192754,54.05304907292761,NEUTRAL,HOLD
2024-05-11,63.63862743240877,19.674917041019167,68.24739059424942,69.88118611537631,36.895283884340614,51.831501914567816,55.586837168595316,NEUTRAL,HOLD
2024-05-12,64.59233760334095,13.666087273241306,69.43420218891862,68.53178130090497,40.93251800827653,51.054082533059734,56.41223357678198,NEUTRAL,HOLD
2024-05-13,67.015124860155,17.696076957464303,71.76047954062929,64.63142916487877,42.35044754749091,52.810411735019336,52.831356850684294,NEUTRAL,HOLD
2024-05-14,64.64150105798755,14.505159400345885,69.30366292966976,64.05483557433705,39.238278795908755,50.41152596915812,51.60518851045993,NEUTRAL,HOLD
2024-05-15,72.37962163281586,17.83814175810229,77.45805288266328,64.64861902268551,34.55813240546357,54.81813859985217,50.29367663912628,NEUTRAL,HOLD
2024-05-16,70.50226917494663,17.577988694106708,75.61421720196289,61.351738440323366,33.83489047890295,53.254271180342045,53.404891691978655,NEUTRAL,HOLD
2024-05-17,73.23003365101886,21.221909788609274,78.65987546774129,63.07980605624795,36.08292448847125,56.07672599329055,51.205339298192754,NEUTRAL,HOLD
2024-05-18,73.19649526103191,14.956588935756777,78.26872914264848,60.78846116854854,38.103593897485254,54.280470205809266,51.831501914567816,NEUTRAL,HOLD
2024-05-19,71.88462083543583,20.19342128828594,76.95953976364602,56.08621145366548,38.53565905637601,54.27214714911886,51.054082533059734,NEUTRAL,HOLD
2024-05-20,80.04174619480483,23.438480173905802,85.97495546092429,53.94328643848565,49.396838326358626,60.09831179251147,52.810411735019336,NEUTRAL,HOLD
2024-05-21,78.07010511689201,19.427294908728356,83.62383273018877,53.27881208608365,56.65597391700572,58.660041012900564,50.41152596915812,NEUTRAL,HOLD
2024-05-22,75.94546532350638,21.796536292143355,81.69080094146928,50.87030597140818,58.171189345037824,58.01859868859662,54.81813859985217,NEUTRAL,HOLD
2024-05-23,73.5505747821137,25.266591604219002,79.29647384541997,48.713287604689434,57.84589970897752,57.33269821637403,53.254271180342045,NEUTRAL,HOLD
2024-05-24,74.85200048687413,23.113510650843548,80.26779774787984,48.95187658706149,54.269485006060094,57.05726734701433,56.07672599329055,NEUTRAL,HOLD
2024-05-25,75.9153049291505,23.33877669406815,81.40264640265363,48.902720699548894,53.33612087894101,57.55883512561935,54.280470205809266,NEUTRAL,HOLD
2024-05-26,74.38499884518703,24.569255934884453,79.92194068996702,48.02657399497362,57.32691251734989,57.37887912625166,54.27214714911886,NEUTRAL,HOLD
2024-05-27,75.73355057157904,15.067402153953696,81.28535753813748,47.4988332735821,52.37683513637904,55.10649572226485,60.09831179251147,BULL,DEPLOY_ALTS
2024-05-28,72.03089895626246,16.780249465403337,79.30100675899403,45.839332105010875,51.30811840855684,53.671245061635695,58.660041012900564,NEUTRAL,HOLD
2024-05-29,70.68583261224842,18.573501911209163,77.86856274082773,43.64315366639154,53.87419907802082,53.35673076740318,58.01859868859662,NEUTRAL,HOLD
2024-05-30,71.91200402987025,15.726657886896636,79.12192105071726,46.48723597100437,53.37844305014249,53.64057959149359,57.33269821637403,NEUTRAL,HOLD
2024-05-31,70.17902550641773,23.046694553995536,77.41743528382513,47.33883984329884,52.17980151811793,54.617674475495846,57.05726734701433,NEUTRAL,HOLD
2024-06-01,70.67646849409786,19.851326192291417,77.68417180473419,47.89305037913823,56.867531782159425,54.573317192335736,57.55883512561935,NEUTRAL,HOLD
2024-06-02,70.7580978496608,18.98566540586832,77.61079708164436,45.66569541417676,58.4043116265975,54.18629059748046,57.37887912625166,NEUTRAL,HOLD
2024-06-03,72.23699949718483,23.91085833037572,79.33338853118993,43.584328983123925,57.22131968610499,55.77527345406645,55.10649572226485,NEUTRAL,HOLD
2024-06-04,74.87688856555125,18.977311058025577,82.30560808446245,43.91616859025553,55.03974795434203,55.759916035036795,53.671245061635695,NEUTRAL,HOLD
2024-06-05,75.55125192018572,18.274387623257862,83.17375145028385,47.083414362274986,57.06715780881739,56.63795070714994,53.35673076740318,NEUTRAL,HOLD
2024-06-06,74.70992987283323,21.04844462583672,82.28937468289121,48.26791629977896,56.21061830572395,56.99421433042663,53.64057959149359,NEUTRAL,HOLD
2024-06-07,72.1780196918827,40.05469692617118,79.66120903470743,49.5540034378686,53.63562527554978,60.39598498928435,54.617674475495846,NEUTRAL,HOLD
2024-06-08,72.05339154515889,35.422713038109826,79.50438476742671,49.51693287018031,54.947322456211204,59.294844852708636,54.573317192335736,NEUTRAL,HOLD
2024-06-09,72.5322095535096,25.427558985551972,79.9509148198204,50.394876896972576,56.0690801699034,57.272875127941184,54.18629059748046,NEUTRAL,HOLD
2024-06-10,72.13751985580923,21.602779948772017,79.53369617771533,49.3978528813847,54.824745760582985,55.840842687744846,55.77527345406645,NEUTRAL,HOLD
2024-06-11,68.4276652214442,15.498731076180924,75.66626254833551,48.406627648619285,53.227945040977666,52.12002349653625,55.759916035036795,NEUTRAL,HOLD
2024-06-12,69.69371658876298,21.10855775148158,77.07735735077209,49.3896019741959,55.83725023764253,54.59289120454735,56.63795070714994,NEUTRAL,HOLD
2024-06-13,67.30215299200707,20.82125770410308,74.32498858461189,50.395247978044054,55.44457228615137,53.36470246587201,56.99421433042663,NEUTRAL,HOLD
2024-06-14,65.93560514600388,16.474651662384847,73.01565375861932,46.62997780683813,59.7725909457664,51.4742309767236,60.39598498928435,BULL,DEPLOY_ALTS
2024-06-15,66.23122982505635,17.323284706639498,73.20078544515253,46.44325791060876,63.5630143381333,52.16313733361193,59.294844852708636,NEUTRAL,HOLD
2024-06-16,66.86839711189879,22.962291045194018,73.80604752343079,45.38431151849379,61.83683905158237,53.55363203248661,57.272875127941184,NEUTRAL,HOLD
2024-06-17,66.56312904998141,17.258706272940874,73.4169030881695,43.88202567120334,56.87107822074765,51.236407573618806,55.840842687744846,NEUTRAL,HOLD
2024-06-18,64.29964581832162,19.78080913173144,70.98361998549672,45.45590047204732,61.56296720867482,51.40650181720327,52.12002349653625,NEUTRAL,HOLD
2024-06-19,63.84898104797636,16.193367529057763,70.52005016933697,47.03171385967943,52.34732261455115,49.59653557093177,54.59289120454735,NEUTRAL,HOLD
2024-06-20,63.845481535005376,15.291700207343562,70.2967644434488,48.194016850156366,43.63495789540691,48.62852071809141,53.36470246587201,NEUTRAL,HOLD
2024-06-21,62.42954321105181,16.077434387588525,68.86215141577239,48.4993903413109,45.4002104322757,48.33558143779135,51.4742309767236,NEUTRAL,HOLD
2024-06-22,62.391565188116246,18.182101785029058,69.0352242750039,50.15392096275523,40.783575526002245,48.67148555470643,52.16313733361193,NEUTRAL,HOLD
2024-06-23,60.88571967829737,9.123748362084406,67.18892923141465,48.97023478440218,42.57618027992971,45.58759208594653,53.55363203248661,NEUTRAL,HOLD
2024-06-24,55.92876077004196,16.140107382241926,62.222828147110455,47.866063785516886,44.80168535781144,44.91829880960384,51.236407573618806,NEUTRAL,HOLD
2024-06-25,58.315203343115044,11.424142528462923,64.51233653949798,49.27278618927598,38.77230112084346,44.52121198342559,51.40650181720327,NEUTRAL,HOLD
2024-06-26,56.764680268844124,10.375298997455861,62.67743340782602,49.70995091965039,39.20522710350117,43.53573085988008,49.59653557093177,NEUTRAL,HOLD
2024-06-27,57.81879172707639,12.285423089710962,63.95396995919893,50.15587187995168,40.30552960271729,44.76172102465492,48.62852071809141,NEUTRAL,HOLD
2024-06-28,55.74463967370661,12.723593986585918,61.74282748510949,50.24185639010459,41.51308231572494,43.94044258586854,48.33558143779135,NEUTRAL,HOLD
2024-06-29,56.670250902489386,17.171282698815514,62.57024865656673,49.63874449942675,42.467992913426386,45.500556643020694,48.67148555470643,NEUTRAL,HOLD
2024-06-30,59.666337863479455,10.680553231861047,65.62969470065876,48.04802101538568,38.474007757034165,44.75058253515212,45.58759208594653,NEUTRAL,HOLD
2024-07-01,59.69508591111661,15.102038113443228,65.66753091361284,48.45142907900671,36.94815843448358,45.78007168971772,44.91829880960384,NEUTRAL,HOLD
2024-07-02,58.374496892379234,16.05910319538515,64.25116055985752,48.12007338605982,39.397150237640034,45.53508301020454,44.52121198342559,NEUTRAL,HOLD
2024-07-03,55.32813730082549,14.516188118205797,61.119075587490514,48.76950768073699,41.143432931358895,43.88107278254363,43.53573085988008,NEUTRAL,HOLD
2024-07-04,50.84324093961258,12.161658995586079,55.877626172718365,47.926216398124666,40.112893393552,40.669134064397866,44.76172102465492,NEUTRAL,HOLD
2024-07-05,49.585034293335625,8.348112596074376,55.03415571741461,48.617348150431575,36.61650238723875,38.923622041790814,43.94044258586854,NEUTRAL,HOLD
2024-07-06,52.05575556026493,17.28752215240129,57.45132961929914,48.516023258292044,38.006676197532116,42.50694423853665,45.500556643020694,NEUTRAL,HOLD
2024-07-07,48.56407498629869,11.493102841369689,53.415411167654206,47.901638204009245,39.17021278429701,39.22784744879396,44.75058253515212,NEUTRAL,HOLD
2024-07-08,49.56600558825457,15.310855398934137,54.64803574442848,48.45830903766852,41.447964441255614,41.04066547487144,45.78007168971772,NEUTRAL,HOLD
2024-07-09,51.58483812584781,14.98186078519389,56.7784865935177,49.04335861257497,40.130884322925944,41.94620617693519,45.53508301020454,NEUTRAL,HOLD
2024-07-10,51.11642139198816,11.652817069368695,56.21258755081004,51.219822797273416,43.44984882770916,41.518606497462564,43.88107278254363,NEUTRAL,HOLD
2024-07-11,50.442100221872145,12.033581549727446,55.59511611259912,51.77621861031909,46.52516850199739,41.67899831826093,40.669134064397866,NEUTRAL,HOLD
2024-07-12,51.29875801270201,14.02098784772892,56.361246789347334,50.786191664809664,45.967734630215475,42.3818259363553,38.923622041790814,NEUTRAL,HOLD
2024-07-13,53.62960947526108,15.84316685223452,58.36410217007308,51.407668483447,45.30602721781288,43.9642479839499,42.50694423853665,NEUTRAL,HOLD
2024-07-14,56.310347480336546,18.932248770467275,61.25450263425514,53.153324144592894,42.76725717278526,46.12679130253626,39.22784744879396,NEUTRAL,HOLD
2024-07-15,62.10700620081637,18.145164217078122,67.63980171690008,54.07192679680099,41.01600676610311,48.908742954024916,41.04066547487144,NEUTRAL,HOLD
2024-07-16,62.49716922184736,16.97561416414305,68.07035025007909,55.81960197327156,37.66958481244516,48.74702313484103,41.94620617693519,NEUTRAL,HOLD
2024-07-17,60.96315673659113,19.074775380100192,66.2515472612878,57.04749855776057,41.33364810743495,48.99843991266753,41.518606497462564,NEUTRAL,HOLD
2024-07-18,60.499211414602286,12.513201673648993,65.84846479974459,55.675965225820036,39.17329689749397,46.71648127636425,41.67899831826093,NEUTRAL,HOLD
2024-07-19,64.66219404875267,17.693564440564806,70.26749131395283,58.015847434063474,32.82831938115521,49.86075664078261,42.3818259363553,NEUTRAL,HOLD
2024-07-20,65.2810726195385,21.687539963040255,71.00453818036134,59.571597909408204,34.235240744288404,51.566378173533955,43.9642479839499,NEUTRAL,HOLD
2024-07-21,66.59517227853713,22.99763636870366,72.34346226767833,58.78349336758018,30.851217664808047,52.09929900089055,46.12679130253626,NEUTRAL,HOLD
2024-07-22,65.63930815820396,25.153972244071227,71.4242905190248,58.83844115462945,29.670966271341072,52.05800641261247,48.908742954024916,NEUTRAL,HOLD
2024-07-23,62.72319721351033,21.852367876813304,68.55182391681726,60.69275515563209,35.66747217558134,50.66107640752283,48.74702313484103,NEUTRAL,HOLD
2024-07-24,61.78040751183479,15.362149712479486,67.54637178669807,60.95455258135196,29.228164327041384,47.94993335891685,48.99843991266753,NEUTRAL,HOLD
2024-07-25,62.26541657712792,20.410022780468225,68.00403859355103,57.97455465641374,23.629758574125077,48.44209744284021,46.71648127636425,NEUTRAL,HOLD
2024-07-26,65.6059625189341,20.874201392349182,71.46208016675276,58.8251575604364,22.455343883908228,50.26206315957436,49.86075664078261,NEUTRAL,HOLD
2024-07-27,65.76902999349147,19.602528263271687,71.56183862956811,60.28355572601386,19.761958758721462,49.96243802455321,51.566378173533955,NEUTRAL,HOLD
2024-07-28,65.86717438053235,18.21708876175642,71.74608989864227,62.155704223344074,20.156637172691134,50.00266183509799,52.09929900089055,NEUTRAL,HOLD
2024-07-29,63.687674738459066,24.116769712253106,69.20801345500801,59.961086311582314,26.271224277116275,50.59838291505157,52.05800641261247,NEUTRAL,HOLD
2024-07-30,62.53784877799069,17.741892307468135,68.18760917964991,60.182502415394914,27.309419142655244,48.59266682276898,50.66107640752283,NEUTRAL,HOLD
2024-07-31,60.16036966490238,15.166660659553905,65.55274530548922,58.99264836923906,28.83597325156724,46.68281970599962,47.94993335891685,NEUTRAL,HOLD
2024-08-01,60.82042307145472,15.190231087274029,66.55224828041405,57.56489817269716,25.216316151318097,46.51050069037411,48.44209744284021,NEUTRAL,HOLD
2024-08-02,55.04521782596081,10.379194904500105,59.98624229603228,57.20147092004005,24.882611915361792,42.17409436266192,50.26206315957436,NEUTRAL,HOLD
2024-08-03,53.73068026061317,12.016904981721497,58.79780304701035,58.417223739426575,25.857585241357327,42.23133301806612,49.96243802455321,NEUTRAL,HOLD
2024-08-04,49.963243044110335,12.247515112105873,54.24648460285025,55.49936900713781,24.108889982726993,39.63594296117299,50.00266183509799,NEUTRAL,HOLD
2024-08-05,43.865488109433755,12.725762800104729,47.56090641780324,54.924366067822646,20.315851686870843,36.12350849527744,50.59838291505157,NEUTRAL,HOLD
2024-08-06,46.64753954288051,10.81497824145891,50.75162636998382,59.27049980871401,18.43587026370028,37.58249369490277,48.59266682276898,NEUTRAL,HOLD
2024-08-07,45.19796388048821,7.216474767308878,49.274285272078394,62.001800745673364,12.12772467617934,35.7314074898583,46.68281970599962,NEUTRAL,HOLD
2024-08-08,55.85835507364013,11.397917455762496,60.186908415306895,63.84844617173558,15.9526756665811,42.816902061512494,46.51050069037411,NEUTRAL,HOLD
2024-08-09,53.89777496037828,11.165295304289446,58.55344876444597,64.43145049149996,11.679233671269316,41.503987007926966,42.17409436266192,NEUTRAL,HOLD
2024-08-10,54.0079818103276,10.848862745305416,58.420368790455555,63.65075537546841,10.872518050271267,41.23354909886313,42.23133301806612,NEUTRAL,HOLD
2024-08-11,50.78770291886923,16.016960984518516,54.950898243144685,63.77073889503513,13.534437025103614,41.14978530718496,39.63594296117299,NEUTRAL,HOLD
2024-08-12,51.66012687018174,11.821679390310456,55.74997701974308,63.94984067546754,23.418258853166535,41.53775529921754,36.12350849527744,NEUTRAL,HOLD
2024-08-13,53.47584104383001,14.716914999732442,57.68760804861274,65.78204460654979,23.0074863517318,43.4275579989603,37.58249369490277,NEUTRAL,HOLD
2024-08-14,50.8293040970219,10.6012937803248,54.58681343596506,65.82761804448461,24.9752869544253,41.188148763496,35.7314074898583,NEUTRAL,HOLD
2024-08-15,48.94552559503846,15.353356405114368,52.70137804288695,65.86058669463301,25.534488010459313,41.494809193608404,42.816902061512494,NEUTRAL,HOLD
2024-08-16,50.98801050036387,12.615475197226669,54.650274378142704,67.39242265950914,23.637798580789863,41.85297008204972,41.503987007926966,NEUTRAL,HOLD
2024-08-17,51.76067557049815,14.100485577851884,55.45047760310283,67.92528892423957,21.94612347737744,42.52682527260666,41.23354909886313,NEUTRAL,HOLD
2024-08-18,50.76554966207903,14.920974182308678,53.765549248203115,63.50498253550455,29.884440652649403,42.227209739432126,41.14978530718496,NEUTRAL,HOLD
2024-08-19,51.73190226898945,10.620493909035087,55.512618306015185,64.61594368902198,28.900601005148957,41.859669473026834,41.53775529921754,NEUTRAL,HOLD
2024-08-20,51.28829693099233,14.267002774169967,54.59922588188271,65.10597501796353,28.10617908635598,42.44959911054686,43.4275579989603,NEUTRAL,HOLD
2024-08-21,54.43058793715787,14.600856076643693,57.86609897316164,67.10464639557144,29.36364783624036,44.554671937900366,41.188148763496,NEUTRAL,HOLD
2024-08-22,53.224966085922475,22.436538154600694,56.562340088899255,66.27873210545634,23.640244964384152,45.19492669446364,41.494809193608404,NEUTRAL,HOLD
2024-08-23,58.96362520496301,19.53795546778362,62.349064522015205,70.43330100314843,29.91119662375064,48.599504145685174,41.85297008204972,NEUTRAL,HOLD
2024-08-24,58.763612732724,17.157114039596944,62.423650373764694,73.33288457468862,40.740803174538954,49.47710540812657,42.52682527260666,NEUTRAL,HOLD
2024-08-25,59.48433008086879,13.045159127701625,62.499615946661415,70.62269086359466,38.83993096056364,48.083908721113886,42.227209739432126,NEUTRAL,HOLD
2024-08-26,57.046681971413015,12.744625388642108,60.25381546762549,70.3158760001424,40.32774027766144,46.931079459897035,41.859669473026834,NEUTRAL,HOLD
2024-08-27,51.73854356547019,12.725887164882895,54.73603233616638,68.33502379591432,33.92137629767031,43.29263252724923,42.44959911054686,NEUTRAL,HOLD
2024-08-28,50.92975855788235,16.07472315675196,53.8381329321158,70.90009788254143,33.32938770790075,44.033188396147146,44.554671937900366,NEUTRAL,HOLD
2024-08-29,51.30640764914203,10.757828356007835,54.29479696778415,72.93663784628893,33.56395990324977,43.23723044456971,45.19492669446364,NEUTRAL,HOLD
2024-08-30,50.987916561726244,12.553271916010372,53.90303942374389,72.89393037372186,31.90161043549945,43.33955143187746,48.599504145685174,NEUTRAL,HOLD
2024-08-31,50.677160341502656,13.30040989655876,53.51162738516477,74.69822221151506,35.374395540451005,43.97274893939581,49.47710540812657,NEUTRAL,HOLD
2024-09-01,48.139071906221226,11.623071193904389,50.8832403130398,75.13191218659118,36.26626936301276,42.42055119724038,48.083908721113886,NEUTRAL,HOLD
2024-09-02,50.990659077582464,17.223819391785213,53.59300167562583,73.11384457531203,40.941609139633236,45.38299050660633,46.931079459897035,NEUTRAL,HOLD
2024-09-03,48.61245818832881,13.084249016852084,50.96642520571179,71.56997060570933,45.73772220133373,43.35735256284379,43.29263252724923,NEUTRAL,HOLD
2024-09-04,49.21250434984473,13.634752200224382,51.66029081972483,73.00167209117662,50.320440610406614,44.486792393671635,44.033188396147146,NEUTRAL,HOLD
2024-09-05,46.20803325809154,13.602379664833755,48.64543569260433,68.20218778431553,54.281356310595,42.650555830863595,43.23723044456971,NEUTRAL,HOLD
2024-09-06,42.64650300132203,10.58506477722194,45.07755743926075,65.00071366332544,55.850630331743275,39.79089866522739,43.33955143187746,NEUTRAL,HOLD
2024-09-07,43.01350131833036,12.87650729481696,45.37640806357511,62.761407206129206,56.62899461149343,40.275569373987096,43.97274893939581,NEUTRAL,HOLD
2024-09-08,44.2747569631528,14.761853025731932,46.330602143403574,60.38517681769881,58.794544800956366,41.176241776809995,42.42055119724038,NEUTRAL,HOLD
2024-09-09,47.804078592193896,11.999886542298524,49.836570320874344,62.804560044441594,56.80916583407822,42.41010986748172,45.38299050660633,NEUTRAL,HOLD
2024-09-10,48.63861053031627,10.801455953202835,50.67593455438697,64.4899885741273,54.12956098300136,42.51358844269221,43.35735256284379,NEUTRAL,HOLD
2024-09-11,48.23086032243131,5.359687088674116,50.22301704621819,63.43360149370856,41.468796241584016,39.51570312635624,44.486792393671635,NEUTRAL,HOLD
2024-09-12,49.33211118440552,13.885853526926804,51.298773192873085,60.70559265760069,46.3204698081803,42.26873725508611,42.650555830863595,NEUTRAL,HOLD
2024-09-13,52.99211062871624,9.462605832856505,55.19119282587941,62.46861713481289,41.946105948331045,42.86642637705992,39.79089866522739,NEUTRAL,HOLD
2024-09-14,52.130071516863076,12.24097635133717,54.14081117988106,61.27260195333976,44.91455094256518,43.20977316612691,40.275569373987096,NEUTRAL,HOLD
2024-09-15,50.73088597973046,14.138318416191867,52.82357994060277,58.804524697800076,42.67477875880844,42.40671796663851,41.176241776809995,NEUTRAL,HOLD
2024-09-16,49.276973312923225,8.818245882524028,51.172558777639296,56.637763817433985,43.92728296458132,40.11055808910906,42.41010986748172,NEUTRAL,HOLD
2024-09-17,52.393104174304305,14.605090610728583,54.4141242628513,61.318564560333236,38.22685289523889,43.27249873111757,42.51358844269221,NEUTRAL,HOLD
2024-09-18,53.98615767308984,12.71407321771969,56.10446221076899,59.7825085335424,38.172875556133434,43.37992188415537,39.51570312635624,NEUTRAL,HOLD
2024-09-19,56.52721511934353,10.366648987727654,58.42191652887514,59.47673963479077,44.17684897365428,44.57340593109404,42.26873725508611,NEUTRAL,HOLD
2024-09-20,56.60876779074477,15.038527043603922,58.59545578252657,58.442835095104826,52.43791676281418,46.47157019517687,42.86642637705992,NEUTRAL,HOLD
2024-09-21,56.897111149334165,12.90969623959318,58.94627820305563,57.55575979219297,53.76580589353445,46.09575760349206,43.20977316612691,NEUTRAL,HOLD
2024-09-22,57.17864568162951,13.14016733569623,59.1452780875697,54.8942217452973,52.16223033217887,45.71804745093934,42.40671796663851,NEUTRAL,HOLD
2024-09-23,56.67436935656567,15.201554364530526,58.663714616125,54.765116105355695,57.13716744385911,46.4639264815166,40.11055808910906,NEUTRAL,HOLD
2024-09-24,58.1663248266548,15.413460885155231,60.157595782766904,56.4259064772989,56.85606962685929,47.48427476011939,43.27249873111757,NEUTRAL,HOLD
2024-09-25,56.034639572422385,14.622897498297375,58.22865770667425,57.48259747832321,55.359543572376836,46.27019176662208,43.37992188415537,NEUTRAL,HOLD
2024-09-26,59.03135750438565,12.758939105090958,61.232979478904696,59.7210910992688,59.43636758643067,48.04753834690276,44.57340593109404,NEUTRAL,HOLD
2024-09-27,60.031682159256384,14.673446132858409,62.17343153937628,58.77679940085102,55.50024548322546,48.47909694731697,46.47157019517687,NEUTRAL,HOLD
2024-09-28,59.950083865754486,12.981928257492436,62.306901274106764,58.318077844865556,54.80601977078177,47.92020113272882,46.09575760349206,NEUTRAL,HOLD
2024-09-29,59.67017189151892,18.129852410350253,61.797402518361764,58.55279854641062,53.64763685136213,48.94067864081339,45.71804745093934,NEUTRAL,HOLD
2024-09-30,55.969934217841114,13.264365208806394,57.94980630811729,55.92211425397306,56.38556334783549,45.7239063020569,46.4639264815166,NEUTRAL,HOLD
2024-10-01,52.2406750483337,16.12497452326699,54.1884978284526,55.25192148722199,54.26043825351282,44.25497775944196,47.48427476011939,NEUTRAL,HOLD
2024-10-02,51.97444848295587,15.561399275973256,53.780298521783344,57.3382682045818,46.75743909095911,43.51522820801993,46.27019176662208,NEUTRAL,HOLD
2024-10-03,52.09433344410205,16.21184984381505,53.822375191096725,58.786427183106895,47.09032767249336,43.97273437711909,48.04753834690276,NEUTRAL,HOLD
2024-10-04,54.038276586014355,19.043096293055495,55.88230896646191,56.85030628872693,49.206593628100514,45.59692414847965,48.47909694731697,NEUTRAL,HOLD
2024-10-05,53.97698451826757,15.786733213957282,55.7906009954928,57.470400596258806,49.15670846669165,44.834129794176135,47.92020113272882,NEUTRAL,HOLD
2024-10-06,55.12615754330833,16.193931797647743,56.830481105059995,56.65686143804308,52.722499800410006,45.7232056291639,48.94067864081339,NEUTRAL,HOLD
2024-10-07,54.503960294466694,16.70671600345457,55.94331611422668,55.912600782262786,44.88415586853412,44.59183601624182,45.7239063020569,NEUTRAL,HOLD
2024-10-08,53.21295798951312,19.27784158313664,55.70934182470393,56.92901471456864,47.542331291027814,45.218801493866955,44.25497775944196,NEUTRAL,HOLD
2024-10-09,50.876168099601315,10.597605927691344,53.18222852277352,55.44395774733633,47.11488222542509,41.57677950100089,43.51522820801993,NEUTRAL,HOLD
2024-10-10,50.29799688476702,16.404015165375892,52.49095947445088,53.36106541715249,47.078556319085095,42.400610196145635,43.97273437711909,NEUTRAL,HOLD
2024-10-11,53.4614789278818,15.794462666436774,55.80775735362968,55.22987852920477,47.67354027311834,44.200446622392214,45.59692414847965,NEUTRAL,HOLD
2024-10-12,54.56088025172966,16.792790068879302,56.988567970958705,56.11880420689239,49.50774387404684,45.33277020536901,44.834129794176135,NEUTRAL,HOLD
2024-10-13,53.83434929132937,14.311493586122543,56.329603282516096,52.95276652294031,50.31452018163753,43.96846583703746,45.7232056291639,NEUTRAL,HOLD
2024-10-14,58.83126550116311,16.07416091943035,61.206467827913656,50.91935672827413,52.91379178111105,46.83849613314148,44.59183601624182,NEUTRAL,HOLD
2024-10-15,59.85590986517724,20.113167202582268,62.52328782143891,51.08484640263651,53.74016269592421,48.52646555447442,45.218801493866955,NEUTRAL,HOLD
2024-10-16,60.830400396822746,18.96244168000492,63.49138222489843,50.87195605749334,51.31559601861828,48.45035999451357,41.57677950100089,NEUTRAL,HOLD
2024-10-17,60.21923311185883,22.917943664024047,62.91825788944364,48.022246777301106,54.723626521413735,49.05460709618893,42.400610196145635,NEUTRAL,HOLD
2024-10-18,61.70813618483679,16.45357802589372,64.58015116314434,48.457938402990116,56.22962697531418,48.43351905253327,44.200446622392214,NEUTRAL,HOLD
2024-10-19,61.57701800143881,23.758009536664055,64.3791769288664,49.30502613815706,53.37845648511224,50.022042739605716,45.33277020536901,NEUTRAL,HOLD
2024-10-20,62.32465356357096,23.91202430051862,65.1736833153024,48.16041283314891,51.84721779411235,50.118922511644996,43.96846583703746,NEUTRAL,HOLD
2024-10-21,59.65188074944484,22.85505380085143,62.689777554308655,46.41462547416943,46.88688553919265,47.79816556095272,46.83849613314148,NEUTRAL,HOLD
2024-10-22,59.546494302857845,16.35195094222393,62.542933001646375,45.740116936413884,46.66098755361475,45.98763892256616,48.52646555447442,NEUTRAL,HOLD
2024-10-23,58.30997916045507,18.652417139651906,61.44403064493588,43.85081331849227,35.319785690298616,44.55450472884037,48.45035999451357,NEUTRAL,HOLD
2024-10-24,60.479904327724896,20.18953992861916,63.700418438102936,44.25508048578545,34.60316508062036,46.0300185490227,49.05460709618893,NEUTRAL,HOLD
2024-10-25,57.59395565737487,19.88405552549515,61.13798180862867,43.575602199385614,32.40149977730911,44.25328724795074,48.43351905253327,NEUTRAL,HOLD
2024-10-26,58.722559060965075,16.853539879631423,61.72456395120306,42.134746687246114,38.07868673370255,44.30314615489516,50.022042739605716,NEUTRAL,HOLD
2024-10-27,60.16582820656282,20.35814185149471,63.052007399438104,42.42214734063679,34.416504091025374,45.5546579149282,50.118922511644996,NEUTRAL,HOLD
2024-10-28,62.84352762062506,22.831238121992957,65.87720566977879,41.62932645708923,35.39328969210969,47.520036888415866,47.79816556095272,NEUTRAL,HOLD
2024-10-29,66.77144408988941,22.161447021940337,70.25874783372683,44.728812878699884,33.731328470010524,49.70599932800331,45.98763892256616,NEUTRAL,HOLD
2024-10-30,66.27342756597368,24.519618489494512,69.50703081574473,47.6566611396207,33.40181892701463,50.40202011895925,44.55450472884037,NEUTRAL,HOLD
2024-10-31,63.06021773703343,24.934541327850106,66.27064203118282,45.46600927012056,32.37273763699913,48.46300421352711,46.0300185490227,NEUTRAL,HOLD
2024-11-01,61.62795682003019,19.366463610405848,65.0457157676094,46.72576657374065,41.00531766439028,47.44854285463252,44.25328724795074,NEUTRAL,HOLD
2024-11-02,61.2155192798595,16.549075727030306,64.65994179008652,47.83847415142123,41.640038985948955,46.77368809504081,44.30314615489516,NEUTRAL,HOLD
2024-11-03,60.44262438185445,14.264613100837831,63.84216333531686,47.93103006787349,39.31142508774417,45.5881702757846,45.5546579149282,NEUTRAL,HOLD
2024-11-04,58.910659492977956,17.99126571810199,62.24487522844628,48.50687065450509,37.63591072465985,45.659610993749894,47.520036888415866,NEUTRAL,HOLD
2024-11-05,61.4830324187714,16.118383871884507,64.51639158256047,50.648518428547796,36.031345970674934,46.5781963714643,49.70599932800331,NEUTRAL,HOLD
2024-11-06,70.08712465788093,22.4033404248617,73.95645415133441,60.75695591553315,40.846187892843865,54.61642551046095,50.40202011895925,NEUTRAL,HOLD
2024-11-07,70.22210088224533,23.17939480768981,74.4372400536726,63.888123876546246,50.11283361280924,56.34342892009343,48.46300421352711,NEUTRAL,HOLD
2024-11-08,70.30299257822344,20.18846761513578,75.21570250647235,70.47478327792423,54.018981416148506,57.15427081184893,47.44854285463252,NEUTRAL,HOLD
2024-11-09,70.65768273695971,19.922415750483452,75.26309899655105,69.6380674248959,62.151543527621456,57.89139302451552,46.77368809504081,NEUTRAL,HOLD
2024-11-10,75.7723578639787,23.773436745574372,80.96797883146654,69.9420561121038,59.31898393495166,61.29186912219125,45.5881702757846,NEUTRAL,HOLD
2024-11-11,87.35537806826491,24.72549755557049,93.17553799371396,71.18841887277276,50.410081466895825,66.74236638572039,45.659610993749894,NEUTRAL,HOLD
2024-11-12,85.29204782150384,27.753514625645636,92.48687081382137,75.32448999461236,44.36254383874305,66.758295048693,46.5781963714643,NEUTRAL,HOLD
2024-11-13,87.77557179525465,26.784932645573335,95.71002643257313,82.70335318782264,32.59182040536834,67.83559500519459,54.61642551046095,NEUTRAL,HOLD
2024-11-14,82.33916660987529,22.488022280357335,90.96298124119559,87.74765045626441,35.86639150254098,65.2651385199848,56.34342892009343,NEUTRAL,HOLD
2024-11-15,87.38242847952652,32.16079282779947,96.15772222576783,90.75050495977338,32.073950858352205,70.30644202576262,57.15427081184893,NEUTRAL,HOLD
2024-11-16,86.34645326836338,31.85533848716533,95.51566643938393,93.54286559682181,34.880163121461806,70.4903500418466,57.89139302451552,NEUTRAL,HOLD
2024-11-17,85.00902353179832,28.679909836388262,94.24058555345138,91.76298731953581,33.248914954460375,68.61014122270325,61.29186912219125,BULL,DEPLOY_ALTS
2024-11-18,85.85099722919179,31.479248149804445,95.15255151016233,94.40516592997761,38.85978762670468,70.70237516040821,66.74236638572039,BULL,DEPLOY_ALTS
2024-11-19,87.33690412286774,38.52752630092742,97.58992948354886,98.08964757795103,24.49137516172665,72.51352336166727,66.758295048693,BULL,DEPLOY_ALTS
2024-11-20,89.17178360564738,30.998297235498136,100.0,100.0,19.872122364930178,71.48832162706177,67.83559500519459,BULL,DEPLOY_ALTS
2024-11-21,93.29684880235584,32.29106159613744,100.0,100.0,31.513340864785945,74.2131541262197,65.2651385199848,BULL,DEPLOY_ALTS
2024-11-22,92.82516928042581,31.75854367981052,100.0,100.0,34.06197761672672,74.19338446575304,70.30644202576262,BULL,DEPLOY_ALTS
2024-11-23,90.54098858105263,29.129949399239983,98.09047583682882,100.0,43.53020962283246,73.4159000537748,70.4903500418466,BULL,DEPLOY_ALTS
2024-11-24,90.61792426058142,27.602512428148586,98.40639307099671,100.0,45.92975549923359,73.36025954933427,68.61014122270325,BULL,DEPLOY_ALTS
2024-11-25,83.76400106732744,35.871978176147834,91.24431037205558,98.20341864857257,54.837974052973806,72.56036714122958,70.70237516040821,BULL,DEPLOY_ALTS
2024-11-26,81.35257353046748,27.088260341327686,89.6099443164478,97.06138718523809,52.45146323680458,68.90418040922789,72.51352336166727,BULL,DEPLOY_ALTS
2024-11-27,86.52969699003499,26.41021084987145,95.11613504622764,100.0,63.68772183306355,72.95346100203025,71.48832162706177,BULL,DEPLOY_ALTS
2024-11-28,85.79393982822722,29.325049048400103,94.52472545426289,97.89059475929125,62.231345360010174,72.88111305131547,74.2131541262197,BULL,DEPLOY_ALTS
2024-11-29,87.7225871520105,23.6193422209793,96.8813653032312,100.0,57.19800761579227,72.31768552307344,74.19338446575304,BULL,DEPLOY_ALTS
2024-11-30,86.29310105922033,36.02887276077156,95.42416186885879,100.0,69.64494368614352,75.9444752503451,73.4159000537748,BULL,DEPLOY_ALTS
2024-12-01,87.5330560041107,35.54250891416645,96.38859927546662,98.7232876595271,66.0746649770424,75.83922353150145,73.36025954933427,BULL,DEPLOY_ALTS
2024-12-02,84.68835522279427,25.345030173652773,94.1852393056384,100.0,66.67871506926991,72.24768347830614,72.56036714122958,BULL,DEPLOY_ALTS
2024-12-03,84.62139926910261,34.13836964498963,94.32298864952124,100.0,66.59622951655354,74.44523287353779,68.90418040922789,BULL,DEPLOY_ALTS
2024-12-04,88.03068990900506,32.122507434005385,98.141689789263,100.0,73.82314509018134,76.4504862980736,72.95346100203025,BULL,DEPLOY_ALTS
2024-12-05,84.14456242406088,34.01833142926548,95.6686285634995,100.0,77.244242112607,75.60610150849523,72.88111305131547,BULL,DEPLOY_ALTS
2024-12-06,87.09868293349278,29.403780607234676,99.36919445159917,97.02490798797028,77.40125217471254,75.64825033784314,72.31768552307344,BULL,DEPLOY_ALTS
2024-12-07,86.95527706945494,31.68634481010241,98.96032003958956,94.99861236245867,66.15794027624122,74.66581921327291,75.9444752503451,BULL,DEPLOY_ALTS
2024-12-08,87.89999110379128,33.251352936606146,100.0,92.32949664098088,61.15660864013994,74.64792092545004,75.83922353150145,BULL,DEPLOY_ALTS
2024-12-09,82.33152255162611,37.88741243548219,94.5584448172603,91.60991227466738,42.547797849262146,71.07926546393675,72.24768347830614,BULL,DEPLOY_ALTS
2024-12-10,81.07721552129692,33.53697325276582,93.48022768640888,91.53497316038212,45.06759066211722,69.64045854713136,74.44523287353779,BULL,DEPLOY_ALTS
2024-12-11,86.41781717325104,32.253927841532395,99.47572662759477,95.95309346394085,54.807182222087235,73.7576546796772,76.4504862980736,BULL,DEPLOY_ALTS
2024-12-12,84.58465464628362,33.69518549014375,97.81810396973265,94.55695468605786,65.06524498974298,74.05288126225054,75.60610150849523,BULL,DEPLOY_ALTS
2024-12-13,85.8106890833097,40.82311858982383,99.53901522131844,92.51954308610944,72.92353429163057,77.02707430879202,75.64825033784314,BULL,DEPLOY_ALTS
2024-12-14,85.76019253623994,37.10622191881255,99.43155596248,88.86306594422966,72.26376088647453,75.44676041335302,74.66581921327291,BULL,DEPLOY_ALTS
2024-12-15,89.68828390291443,31.37366755460338,100.0,88.2809381590571,75.48986270575287,75.54102905395902,74.64792092545004,BULL,DEPLOY_ALTS
2024-12-16,90.6793637994597,35.98166010914646,100.0,87.56475426004869,71.9852368713936,76.53246099327119,71.07926546393675,BULL,DEPLOY_ALTS
2024-12-17,90.28013368948716,32.04141986302315,99.81820741701172,87.62879448312351,68.19151714762069,75.02150744323488,69.64045854713136,BULL,DEPLOY_ALTS
2024-12-18,82.53915816283742,32.14926747342835,92.38567039554879,84.9012225262346,59.955737132265135,70.00695548847979,73.7576546796772,BULL,DEPLOY_ALTS
2024-12-19,78.17729179079232,32.28823810252578,89.05945849877676,83.09293233287742,63.19788264352727,68.12086687690883,74.05288126225054,BULL,DEPLOY_ALTS
2024-12-20,77.66375141413593,33.33821630288857,88.76514861296934,77.55657302267728,70.89331887189138,68.10952706314751,77.02707430879202,BULL,DEPLOY_ALTS
2024-12-21,76.95807554896201,30.857072307105344,88.05021348046009,75.61251737732613,56.76724348248011,65.43033539240389,75.44676041335302,BULL,DEPLOY_ALTS
2024-12-22,74.04490193095732,32.66435590788821,85.26099287014668,68.83007194472832,60.365737336844,63.79284265568223,75.54102905395902,BULL,DEPLOY_ALTS
2024-12-23,72.94160362873446,24.61075356451509,84.60102830467649,66.4117649155932,62.911387707227085,61.2082786487461,76.53246099327119,BULL,DEPLOY_ALTS
2024-12-24,77.44997787789488,24.11181085971685,89.69814829818424,68.01762273116834,61.64089969564011,63.56930911717379,75.02150744323488,BULL,DEPLOY_ALTS
2024-12-25,78.18761970643033,30.455733114004467,90.42549572103601,70.84818624253926,48.00120226214142,64.58266649723245,70.00695548847979,BULL,DEPLOY_ALTS
2024-12-26,73.497049039284,21.46518039909167,85.62298906325456,73.17416962005132,48.90178732680509,60.40631179989723,68.12086687690883,BULL,DEPLOY_ALTS
2024-12-27,71.5105269088256,29.30140298148194,83.80093816576264,67.69216177465516,40.828649897682155,59.77538570713718,68.10952706314751,BULL,DEPLOY_ALTS
2024-12-28,72.64742785486922,24.864621043093024,84.79361710840259,67.27123643435252,47.05356927109943,59.76514943117736,65.43033539240389,BULL,DEPLOY_ALTS
2024-12-29,70.43295226526642,28.926565678198173,82.74987930498594,63.49662719469872,50.34540470788788,59.47053751012025,63.79284265568223,BULL,DEPLOY_ALTS
2024-12-30,68.87304435156152,28.773482856952203,81.31167764692579,59.66722977164412,44.95902438512884,57.56360645335117,61.2082786487461,BULL,DEPLOY_ALTS
2024-12-31,69.73473255541587,19.76021386552268,82.32891354485982,57.35547244917606,43.52752646821649,55.282329456175454,63.56930911717379,BULL,DEPLOY_ALTS
2025-01-01,70.98521772868425,23.519726620752934,83.36206226754368,53.79576310114893,42.91236851136744,56.20851074361133,64.58266649723245,BULL,DEPLOY_ALTS
2025-01-02,73.85303680209817,33.550934671968925,86.37557698314376,54.72085147376868,44.952908008106405,60.52217862712638,60.40631179989723,BULL,DEPLOY_ALTS
2025-01-03,75.4319651261836,26.101770171584842,87.85243439849546,51.819208142904735,45.379916345548374,59.03639181644093,59.77538570713718,NEUTRAL,HOLD
2025-01-04,75.49838051274533,28.464848576201156,87.94137889455116,50.39032679253439,46.59001047294409,59.571552142958694,59.76514943117736,NEUTRAL,HOLD
2025-01-05,75.79254026629005,30.808737055534042,87.98091042895761,45.12525003095925,39.69785315513034,58.774701249718966,59.47053751012025,NEUTRAL,HOLD
2025-01-06,80.48179679798719,25.015415855601596,92.8072976125214,46.14402180248028,35.17177809719385,59.39863360589226,57.56360645335117,NEUTRAL,HOLD
2025-01-07,73.4963097468438,23.0163283886366,85.90686720381562,41.577141449306474,31.092298698222635,54.33014954919365,55.282329456175454,NEUTRAL,HOLD
2025-01-08,70.80671513789089,19.322667819273182,83.24877925044429,41.85902536118788,39.635756017206546,52.96486675217326,56.20851074361133,NEUTRAL,HOLD
2025-01-09,66.98429838210077,26.53867992248858,79.51032969104259,39.50053450406456,42.13798995500326,52.77090460457091,60.52217862712638,BULL,DEPLOY_ALTS
2025-01-10,69.3251789492473,24.576172469219472,82.16841809863769,33.658332079757244,38.761451144813606,52.30017534825154,59.03639181644093,NEUTRAL,HOLD
2025-01-11,68.38795540497048,23.096820831129563,81.53896870574441,31.555726212851344,35.062813646014675,50.83802586695159,59.571552142958694,NEUTRAL,HOLD
2025-01-12,68.07153096317825,33.781787291255,81.322407449304,29.383311790945687,35.33259374033359,53.072143744303226,58.774701249718966,NEUTRAL,HOLD
2025-01-13,68.12949561352852,20.109890831896763,81.24256379668596,28.774606383909596,30.2643129040934,49.057456399365726,59.39863360589226,NEUTRAL,HOLD
2025-01-14,71.14717171111377,29.317742825763226,84.02652420120175,28.623095718083853,33.065712414622865,53.07892765919015,54.33014954919365,NEUTRAL,HOLD
2025-01-15,76.01126948123868,26.309126316030774,88.99776827916057,30.33200964949217,38.714505005528544,55.60146802718809,52.96486675217326,NEUTRAL,HOLD
2025-01-16,75.45343528810618,22.454162514310973,88.5400202221639,30.25615462307473,37.78180786339181,54.27417923924277,52.77090460457091,NEUTRAL,HOLD
2025-01-17,81.24418663599904,32.109355457323936,94.00019245475625,35.77022737567179,41.51640704830768,60.71780815726348,52.30017534825154,NEUTRAL,HOLD
2025-01-18,81.23702879167753,24.8599232489302,94.12831237071188,34.17743803990545,38.166699693787784,58.35503759924278,50.83802586695159,NEUTRAL,HOLD
2025-01-19,76.33196069605661,30.30890822936531,89.89840011327588,34.92777536314102,36.06078921240745,57.301740514525385,53.072143744303226,NEUTRAL,HOLD
2025-01-20,78.38494105082171,31.847534153668946,90.45182394084647,33.90498630882676,44.11604298972649,59.0650828871297,49.057456399365726,NEUTRAL,HOLD
2025-01-21,82.78263245462259,27.141046429311878,96.2865784457337,43.41575379406134,39.710105726847836,61.36074067465547,53.07892765919015,NEUTRAL,HOLD
2025-01-22,79.26627002772118,31.590309665279637,92.78919138475837,45.74098117633374,30.471642213506428,60.143608099388636,55.60146802718809,NEUTRAL,HOLD
2025-01-23,79.08210852797924,26.79867015770708,93.1984563779979,46.87170511271815,38.05375220825184,59.90012236115303,54.27417923924277,NEUTRAL,HOLD
2025-01-24,79.68698128125648,28.524531159272765,94.11552432336009,48.01952590307484,37.117937558777136,60.7750546802061,60.71780815726348,BULL,DEPLOY_ALTS
2025-01-25,79.82536730228239,24.177282674408517,93.94977226199957,46.34075475436565,39.748812659136746,59.707879790755285,58.35503759924278,NEUTRAL,HOLD
2025-01-26,76.9536767229899,26.16751341168716,90.8311275677362,45.898658480468335,36.200787144677435,58.299084369903994,57.301740514525385,NEUTRAL,HOLD
2025-01-27,75.51153384736207,32.57123651957296,89.93508329365312,45.68973978612068,31.921637258327095,58.828910636583295,59.0650828871297,NEUTRAL,HOLD
2025-01-28,74.35900120470046,29.353489367550157,88.97496638416894,47.597458234930684,26.958469330150947,57.27653164838617,61.36074067465547,BULL,DEPLOY_ALTS
2025-01-29,78.14142550439551,32.96276504455269,92.09637719839453,50.082840658901375,22.826532441422813,59.89747369511322,60.143608099388636,BULL,DEPLOY_ALTS
2025-01-30,79.44305249051308,29.992082920792207,93.41351794775595,53.720735818660025,31.31392542366136,61.20314298206831,59.90012236115303,NEUTRAL,HOLD
2025-01-31,75.60630436940126,21.977706887178975,90.10691115995235,55.76550857000232,38.743730999283365,58.43689965003427,60.7750546802061,BULL,DEPLOY_ALTS
2025-02-01,73.31791503472846,41.07644649128477,87.72817546617686,52.934766400738084,31.985877182928206,60.94892390487863,59.707879790755285,NEUTRAL,HOLD
2025-02-02,68.93758353908103,34.871902463765814,83.49441547454583,49.23466958941554,16.11830950790049,55.09516516177731,58.299084369903994,NEUTRAL,HOLD
2025-02-03,74.54717901985714,31.17014775311618,88.60492737073963,54.723829331281046,8.368581267032667,56.92310864477954,58.828910636583295,NEUTRAL,HOLD
2025-02-04,69.18652583428208,22.12642355269169,84.05214500542365,60.29664233249422,7.026173253759808,52.84510631479239,57.27653164838617,NEUTRAL,HOLD
2025-02-05,67.2175074908789,25.698276410733158,81.91999677954209,60.65740267864692,17.703782450167438,53.84280935266916,59.89747369511322,NEUTRAL,HOLD
2025-02-06,67.09485996402411,26.038556025311355,81.90919021763541,65.19922896747092,18.103102338293724,54.61012961801215,61.20314298206831,BULL,DEPLOY_ALTS
2025-02-07,66.94808867204517,35.001577380462116,81.72641608774194,69.37416793814002,14.120161731535816,56.99824552815205,58.43689965003427,NEUTRAL,HOLD
2025-02-08,67.32455496269398,30.73208205815646,81.64974503246322,69.76927237733086,15.468050818031003,56.222531948242676,60.94892390487863,BULL,DEPLOY_ALTS
2025-02-09,66.80018798910206,25.14905362979201,81.56065543224175,70.13065657532212,17.038690483818613,54.86291842530714,55.09516516177731,NEUTRAL,HOLD
2025-02-10,68.34527230536416,24.370028970563578,82.61354150246028,71.2303087385406,16.15772890235182,55.419116435758475,56.92310864477954,NEUTRAL,HOLD
2025-02-11,66.15471473406251,18.91972846872379,80.34209740549758,70.08719115479587,16.303396585016287,52.78818435022023,52.84510631479239,NEUTRAL,HOLD
2025-02-12,68.91900334806456,22.693017231291186,83.05140181338538,70.61338280469346,28.077783776966626,56.35902147331993,53.84280935266916,NEUTRAL,HOLD
2025-02-13,67.29778705460421,30.30673525274959,81.29090626147467,70.9839130588498,25.520202764415515,57.22380841713262,54.61012961801215,NEUTRAL,HOLD
2025-02-14,68.57804095308133,28.768190244589885,82.44469001306717,69.6918249021918,21.76723396407057,56.88489498142113,56.99824552815205,NEUTRAL,HOLD
2025-02-15,68.87951183208395,31.311808119243906,82.47460846885176,69.39697236523446,26.58491814117332,58.05476494210901,56.222531948242676,NEUTRAL,HOLD
2025-02-16,67.03663287864484,27.715164750196802,80.51072845364602,63.89273729980269,25.36631242747586,55.26246857958985,54.86291842530714,NEUTRAL,HOLD
2025-02-17,66.59698358658122,23.22160085825524,79.93462036795647,64.11572781483783,39.525726048747266,55.34135114122987,55.419116435758475,NEUTRAL,HOLD
2025-02-18,66.21753369102309,23.91034801922879,79.4838520236275,62.938849213287526,35.87594846274666,54.76803974510743,52.78818435022023,NEUTRAL,HOLD
2025-02-19,68.03987168148517,19.9540583005795,80.79660268310165,63.71975812041279,35.0893374675081,54.626694081023494,56.35902147331993,NEUTRAL,HOLD
2025-02-20,70.63047963089834,22.09615073667555,83.11628651222065,54.77805104301695,37.42526073127016,55.29567260546208,57.22380841713262,NEUTRAL,HOLD
2025-02-21,67.36482260969846,20.8281684733791,80.05503708955104,54.13852799599185,36.91573222586395,53.239848741149686,56.88489498142113,NEUTRAL,HOLD
2025-02-22,68.17506736450115,24.359026155588424,80.52571192847931,50.63446498854851,37.98072163538797,54.04066104576439,58.05476494210901,NEUTRAL,HOLD
2025-02-23,67.49974109532093,21.560876794496878,80.11693212507684,49.67438513276699,44.10841618417783,53.5255273405687,55.26246857958985,NEUTRAL,HOLD
2025-02-24,61.473640057356114,19.948353797226194,73.5495878868838,48.225647095832,32.7537713370355,48.64832224196849,55.34135114122987,NEUTRAL,HOLD
2025-02-25,57.05023848911244,23.606355021269465,70.00944593756444,45.604172435711476,38.084582735603824,47.667633628481084,54.76803974510743,NEUTRAL,HOLD
2025-02-26,50.31287283028752,23.94373787351065,63.569128802687466,44.70005802647502,37.888386771234416,44.28746945909611,54.626694081023494,NEUTRAL,HOLD
2025-02-27,51.26053347321575,22.220216660094028,64.57742685602682,42.04016817732714,39.18323409280497,44.07304821407316,55.29567260546208,NEUTRAL,HOLD
2025-02-28,50.80734486077988,23.665255188989992,64.1787242438067,50.743406344295884,36.83418831730765,45.289191887617946,53.239848741149686,NEUTRAL,HOLD
2025-03-01,53.21386834852415,21.020383697924537,66.18168478328282,48.10270891468226,27.46627105229757,44.41762682812704,54.04066104576439,NEUTRAL,HOLD
2025-03-02,65.52135919365561,19.369240317946034,76.94987768010286,42.518558624355556,26.50019039456015,48.91649620671311,53.5255273405687,NEUTRAL,HOLD
2025-03-03,53.94832962818404,22.961245391276428,66.21784473435557,42.08594616781859,22.860120750175142,43.76728318333574,48.64832224196849,NEUTRAL,HOLD
2025-03-04,55.47890663867688,22.372399301655012,67.71176337993829,42.8255645296667,32.13435741895455,45.41639491434993,47.667633628481084,NEUTRAL,HOLD
2025-03-05,60.24928554059619,20.395763065954934,71.96675847490837,38.82173095343117,36.392716573512075,47.02960942401515,44.28746945909611,NEUTRAL,HOLD
2025-03-06,59.64388506197819,31.216113481452783,71.11373018780456,34.565334011972396,37.67652072267678,48.8723921005811,44.07304821407316,NEUTRAL,HOLD
2025-03-07,54.35733903634551,21.227046007363985,66.83218024580403,35.07055343121348,33.05491037712983,43.54647331430046,45.289191887617946,NEUTRAL,HOLD
2025-03-08,53.88650556365809,19.41267918599377,65.95758506571266,32.82244781550258,43.734743116854034,43.507479962749194,44.41762682812704,NEUTRAL,HOLD
2025-03-09,45.29925667924807,23.039827166972724,58.557966002114824,30.08118480821642,44.241796997428665,39.997684416915895,48.91649620671311,NEUTRAL,HOLD
2025-03-10,40.40588558056391,20.762462392505,54.25834740495039,28.89297737494696,37.19025479997414,36.21702283952496,43.76728318333574,NEUTRAL,HOLD
2025-03-11,42.694374355694606,18.5454910030509,58.86953089407512,30.416077021247773,33.795066939967526,37.16050948347005,45.41639491434993,NEUTRAL,HOLD
2025-03-12,43.849059358458014,23.402298505904266,60.31991915935257,30.497885218857192,31.18050109208538,38.762009157921106,47.02960942401515,NEUTRAL,HOLD
2025-03-13,39.70898221977028,23.737562526804503,56.380570291302256,31.76260379936331,32.86400992660671,37.17399091845783,48.8723921005811,NEUTRAL,HOLD
2025-03-14,44.673580424831975,20.46857355428033,60.32017134442222,33.96780420323983,27.30332169996963,38.40875458538706,43.54647331430046,NEUTRAL,HOLD
2025-03-15,45.18844223628683,17.767182048524734,60.83463534682036,33.73821013159366,30.05827865535369,38.231814637655724,43.507479962749194,NEUTRAL,HOLD
2025-03-16,42.103202716235856,20.66317100781688,58.28963640792193,31.767668588280568,27.94718126018033,37.014549262669476,39.997684416915895,NEUTRAL,HOLD
2025-03-17,44.8309330300053,20.078323428804943,60.25219481864782,32.44573285160355,30.48402964839643,38.434562622512566,36.21702283952496,NEUTRAL,HOLD
2025-03-18,42.63060813633464,20.077918274071813,58.37879360631262,32.8911543454075,32.32492842023805,37.6505867245158,37.16050948347005,NEUTRAL,HOLD
2025-03-19,49.721729362790654,25.275394650160955,63.89024791708336,35.13126533623353,29.298844145178435,42.212991269746986,38.762009157921106,NEUTRAL,HOLD
2025-03-20,45.18688799925268,21.063441896264102,60.276369772197505,35.13879953181353,31.653104056707576,39.31333116372412,37.17399091845783,NEUTRAL,HOLD
2025-03-21,45.15503066285135,21.814684039756173,59.82754343441815,36.01355998747052,30.108234906075865,39.37854638440624,38.40875458538706,NEUTRAL,HOLD
2025-03-22,44.80609372364462,23.670031497057117,59.44256516481923,35.77099580139708,32.77045017103919,39.890543411634994,38.231814637655724,NEUTRAL,HOLD
2025-03-23,48.2493715688874,26.252753418591208,62.109518360375326,34.21146895567596,32.318444452659634,41.823468286006445,37.014549262669476,NEUTRAL,HOLD
2025-03-24,50.96701165488623,26.616006797820802,64.14785084412085,37.922427511760745,29.581789177010535,43.420218409210406,38.434562622512566,NEUTRAL,HOLD
2025-03-25,51.20458910786708,25.92444132042545,64.32013274128128,40.18285581816837,24.772640350343025,43.2112060184823,37.6505867245158,NEUTRAL,HOLD
2025-03-26,50.22414181540596,26.269646754271214,63.456269987985095,41.99053115036633,32.72729691208227,43.89721759454979,42.212991269746986,NEUTRAL,HOLD
2025-03-27,50.95881388968444,24.817634343641,63.73170843621324,44.13738905887957,27.639722982740892,43.62297509716426,39.31333116372412,NEUTRAL,HOLD
2025-03-28,45.79326359709083,25.262378667859846,59.68521369593294,43.35396773924282,27.126588452553733,41.20637049142059,39.37854638440624,NEUTRAL,HOLD
2025-03-29,42.72773124189461,20.43068845596259,57.2823173096104,44.66942894186731,27.676614486698696,38.850530738431075,39.890543411634994,NEUTRAL,HOLD
2025-03-30,42.36415271300592,19.098198716319263,56.754175778682445,36.01104215181652,30.925900976523707,37.328877069142926,41.823468286006445,NEUTRAL,HOLD
2025-03-31,42.92341476447709,22.648648223435394,56.89046984028966,37.26268474976106,36.14898142094318,39.12158130781838,43.420218409210406,NEUTRAL,HOLD
2025-04-01,47.942599010601036,20.189333100867422,60.547672273536065,37.9265150805405,32.23464452032562,40.45208914721801,43.2112060184823,NEUTRAL,HOLD
2025-04-02,43.21222056376099,29.85051445746112,56.74064545056934,40.28770497811237,38.4773448554825,41.66531410587255,43.89721759454979,NEUTRAL,HOLD
2025-04-03,43.77345850667258,24.491581884485367,57.53745113057447,38.61722479943616,39.526767891904235,40.50768375834386,43.62297509716426,NEUTRAL,HOLD
2025-04-04,45.33305073886337,33.31348301773271,58.39712949198861,34.4676347609367,38.870417283233905,42.6648988169538,41.20637049142059,NEUTRAL,HOLD
2025-04-05,44.565963734013266,28.306394527421052,57.95931725235862,33.19971467386292,40.459377638917296,41.06414616750213,38.850530738431075,NEUTRAL,HOLD
2025-04-06,35.052169230665484,19.866770022133352,50.507530123142395,29.524469903300464,30.76565964170264,33.08908574902679,37.328877069142926,NEUTRAL,HOLD
2025-04-07,37.72121144111867,20.703405709249736,51.75551680924939,28.022284345966693,22.944667277970154,33.34112760118994,39.12158130781838,NEUTRAL,HOLD
2025-04-08,32.34176626175638,21.620715467234675,47.78407652281927,26.726591902211904,24.01809982549294,31.075322817780517,40.45208914721801,NEUTRAL,HOLD
2025-04-09,43.82175512732695,18.4606686883741,56.31275564932129,29.1150587883201,35.22901831947577,36.914405490351456,41.66531410587255,NEUTRAL,HOLD
2025-04-10,38.140289974592676,20.831320682264657,52.103966075521846,26.7020847472889,33.18227889581284,34.39425097972296,40.50768375834386,NEUTRAL,HOLD
2025-04-11,45.09480732649178,24.40621351363273,57.27134058927385,25.363514673306476,33.54523446173707,38.24331434138017,42.6648988169538,NEUTRAL,HOLD
2025-04-12,48.647049718819055,24.057920341903785,59.72799628656602,29.756939325821026,35.470138631342294,40.56474902044225,41.06414616750213,NEUTRAL,HOLD
2025-04-13,45.6030032241019,31.693735161761026,57.3242631951316,26.800767085639983,35.402341213844636,40.629536580927606,33.08908574902679,BEAR,EXIT
2025-04-14,47.51946939965987,25.473172734095158,58.502978986861656,27.758771037215414,34.740563448353626,39.962601801211754,33.34112760118994,BEAR,EXIT
2025-04-15,46.08824513309225,23.48624487771923,57.2452211794063,29.113200272092683,34.429964445835935,38.957055480636235,31.075322817780517,BEAR,EXIT
2025-04-16,47.01288041749136,25.09391962040166,57.775155949430726,28.81677821660915,32.43482727213751,39.49837467993909,36.914405490351456,NEUTRAL,HOLD
2025-04-17,48.913448076622004,27.19646523852975,58.81348923653066,29.170530430379298,29.59430737122743,40.57085888160481,34.39425097972296,BEAR,EXIT
2025-04-18,48.027352611326826,21.634246411406757,58.05108124003684,25.95649428907344,28.448175562448114,38.16527533386294,38.24331434138017,NEUTRAL,HOLD
2025-04-19,49.386188464126555,23.14154526407176,58.903188025820526,26.035064435340438,30.617541765948857,39.34889430231596,40.56474902044225,NEUTRAL,HOLD
2025-04-20,49.38980409867252,18.2007722148546,58.74222715406621,24.757889539282527,29.329939408889743,37.76225708591,40.629536580927606,NEUTRAL,HOLD
2025-04-21,53.5503406407822,20.446791232928668,61.865734877671706,24.35827583526345,24.535607996979806,39.65724915098866,39.962601801211754,NEUTRAL,HOLD
2025-04-22,64.68898480075018,33.479732528323616,70.04361842344461,28.026924903992565,30.67327240897066,49.056718233490834,38.957055480636235,NEUTRAL,HOLD
2025-04-23,64.56316786551197,19.826111735320932,69.96572912077539,25.541519933496392,30.092440514142794,45.15909615907764,39.49837467993909,NEUTRAL,HOLD
2025-04-24,64.61251494653153,29.184840689895548,70.21104686690234,24.12752177452972,29.106740460545538,47.251976342047826,40.57085888160481,NEUTRAL,HOLD
2025-04-25,65.79312060561872,30.379055942771743,71.30315809000741,26.223598073196353,32.253434320049706,48.75221492836445,38.16527533386294,NEUTRAL,HOLD
2025-04-26,65.63997266377429,26.19717938744427,71.00543835242938,28.054300669092548,35.159254981157986,48.16644491495891,39.34889430231596,NEUTRAL,HOLD
2025-04-27,64.02926852474737,26.535706699725896,69.76422216442255,28.383096149088065,37.17134726565604,47.770150814169014,37.76225708591,NEUTRAL,HOLD
2025-04-28,66.16802303738213,29.40898570373303,71.29033722291597,29.578945070507164,38.42835715240568,49.740398257547724,39.65724915098866,NEUTRAL,HOLD
2025-04-29,64.20714989628543,30.646218477746817,70.13427220960952,26.684363686067456,39.933311203141656,48.94653970346852,49.056718233490834,NEUTRAL,HOLD
2025-04-30,64.40074161627417,25.72778501009004,69.99140222607781,25.668123752371457,38.79282978805212,47.47995072428126,45.15909615907764,NEUTRAL,HOLD
2025-05-01,68.27787536741091,27.72078877431866,72.81062548998908,26.76445343381022,37.4871195689604,49.73906487376833,47.251976342047826,NEUTRAL,HOLD
2025-05-02,68.91049831490731,36.51076346658124,73.260409283175,26.084308329257432,40.625007569957575,52.42806922413688,48.75221492836445,NEUTRAL,HOLD
2025-05-03,67.2195537887235,37.454075846348985,71.88886099384369,27.360110397870578,40.68127284110247,52.079301140763874,48.16644491495891,NEUTRAL,HOLD
2025-05-04,64.3885976242427,27.627052678769097,69.63607800197448,28.77048055580667,42.240436597563026,48.69017380048729,47.770150814169014,NEUTRAL,HOLD
2025-05-05,64.98814381506864,40.6112659057009,70.09647124406672,29.42471966718981,42.38911585006503,52.32117340484413,49.740398257547724,NEUTRAL,HOLD
2025-05-06,68.13540228560339,28.6699604675892,72.77488857592665,27.20675750424,48.418330719001126,51.085935215299756,48.94653970346852,NEUTRAL,HOLD
2025-05-07,68.86507292921983,33.502260505578306,72.87964191385244,30.146679056253372,50.75987606534152,53.20900485290318,47.47995072428126,NEUTRAL,HOLD
2025-05-08,79.52981305613993,39.83663017284772,80.80733755433823,33.67846689655728,67.39029390422928,61.770368395828086,49.73906487376833,NEUTRAL,HOLD
2025-05-09,78.95764003695137,32.53850807098293,80.51125212698135,31.078024558796045,70.64329306856348,59.650202444903165,52.42806922413688,NEUTRAL,HOLD
2025-05-10,81.95354023539254,36.87696660078961,82.58278840431348,32.10144702682442,86.61072344589104,63.79815080029063,52.079301140763874,NEUTRAL,HOLD
2025-05-11,80.74168118235892,35.947390704074735,81.58876503200058,32.56920057984897,85.32634651160681,62.9451197752645,48.69017380048729,NEUTRAL,HOLD
2025-05-12,78.53564516222353,34.88273154796496,79.95918241102096,24.649962320087493,83.14544914174944,60.285252180050556,52.32117340484413,NEUTRAL,HOLD
2025-05-13,80.27532009927782,29.007725633275722,81.54513144876795,25.48312572748424,92.07488387645186,60.67351097462369,51.085935215299756,NEUTRAL,HOLD
2025-05-14,79.0006425980319,34.065753355901315,80.61519640266769,24.27870753164621,88.46922769516965,60.82839929818233,53.20900485290318,NEUTRAL,HOLD
2025-05-15,78.79958535101449,34.59831810911798,80.61693474561423,24.769401963231275,86.32145415855621,60.760397792047,61.770368395828086,BULL,DEPLOY_ALTS
2025-05-16,78.2507610706996,31.498647764398612,80.26503642970523,25.247085946393767,88.13663664395327,60.003624104604974,59.650202444903165,NEUTRAL,HOLD
2025-05-17,77.48606566217222,33.30066254410559,79.66298568419855,24.633927954935896,85.41658014037264,59.740329678795426,63.79815080029063,BULL,DEPLOY_ALTS
2025-05-18,82.47719812711566,41.854910755594574,83.2277728486137,25.45673736371637,80.28080395496585,63.69903269681012,62.9451197752645,BULL,DEPLOY_ALTS
2025-05-19,81.22537984447871,33.607122922184715,82.54155399300929,25.228005562182393,83.30788161112514,61.392694477931514,60.285252180050556,BULL,DEPLOY_ALTS
2025-05-20,83.13403188587866,36.932362652347855,83.90348716664072,26.356101393667785,83.6063055819709,63.26804342942596,60.67351097462369,BULL,DEPLOY_ALTS
2025-05-21,87.62553766886973,36.89576918360758,87.52457589609438,33.9744357644651,85.27136247621667,66.63982038807312,60.82839929818233,BULL,DEPLOY_ALTS
2025-05-22,90.2306388059208,40.24883849866894,89.84034873505962,30.788271500602043,83.68941490323006,68.08665322886871,60.760397792047,BULL,DEPLOY_ALTS
2025-05-23,82.34257586007344,39.495495409636135,83.98159784820172,30.107929259325715,79.82244134365669,63.871399703335946,60.003624104604974,BULL,DEPLOY_ALTS
2025-05-24,83.32586421888738,34.22885994959693,84.63158976784969,27.7109891279595,81.49398747380918,62.78733932321023,59.740329678795426,NEUTRAL,HOLD
2025-05-25,84.95977716374264,38.480082347876504,85.82463475782508,24.846154739922472,80.98377230594903,64.0981811292402,63.69903269681012,BULL,DEPLOY_ALTS
2025-05-26,85.24405098268117,39.61797716961095,86.34529164689913,24.878443453418843,79.14374360514188,64.39290879511393,61.392694477931514,BULL,DEPLOY_ALTS
2025-05-27,84.08664708419813,34.7118539628566,85.79185774070027,25.345934102207085,85.02615721094219,63.36683500053893,63.26804342942596,BULL,DEPLOY_ALTS
2025-05-28,81.63532700245061,43.176090977796356,84.0427852029218,24.271475228630283,88.20632159361107,64.55453132942428,66.63982038807312,BULL,DEPLOY_ALTS
2025-05-29,77.41975186515317,39.59331013981598,81.17749409093513,27.26318329997865,88.08522468356446,62.25775187604022,68.08665322886871,BULL,DEPLOY_ALTS
2025-05-30,74.10915466347114,37.084663851416764,78.79170850142559,28.350582914190237,84.71474178613293,59.98631567792248,63.871399703335946,BULL,DEPLOY_ALTS
2025-05-31,75.33710630326705,39.411664143284185,79.54485689361283,27.681555407124815,84.16881906120184,60.93213452271263,62.78733932321023,BULL,DEPLOY_ALTS
2025-06-01,77.09501614852871,29.309970428226144,80.74026815189362,26.331092026564644,83.56363618155339,58.910078504133914,64.0981811292402,BULL,DEPLOY_ALTS
2025-06-02,76.76325384016273,29.504862018733085,80.83111345601347,27.645483385124354,86.25549984782933,59.34378684048638,64.39290879511393,BULL,DEPLOY_ALTS
2025-06-03,75.5527667639338,33.38942563988464,80.11027458364269,30.257516152536468,85.89393797150156,60.16326257591046,63.36683500053893,BULL,DEPLOY_ALTS
2025-06-04,73.98264252844157,26.29177891871855,79.17297847131618,30.84871956068013,87.22569912234401,57.952211028811774,64.55453132942428,BULL,DEPLOY_ALTS
2025-06-05,68.44470883685622,27.730431061316995,74.95717556471493,33.48463115652599,83.92376124620995,55.872526327429,62.25775187604022,BULL,DEPLOY_ALTS
2025-06-06,73.14401644598004,28.973258747868098,78.40536032300746,33.07500186860996,84.14928163674759,58.24377012932878,59.98631567792248,NEUTRAL,HOLD
2025-06-07,75.21991244644423,32.85237894035611,79.92664056759621,31.740114871461873,70.43002540463357,58.568416353724174,60.93213452271263,BULL,DEPLOY_ALTS
2025-06-08,75.1663454974672,36.59548824954391,79.81555657620748,33.37650821820854,61.574062903364215,58.825769549935345,58.910078504133914,NEUTRAL,HOLD
2025-06-09,82.7462318587,34.187251833174024,85.57990050223131,33.91787560959494,54.10618209971698,60.9849621677607,59.34378684048638,NEUTRAL,HOLD
2025-06-10,82.17518110726357,45.46004361735682,85.38149501420705,33.01378131516772,63.60352945260533,64.40628438189538,60.16326257591046,BULL,DEPLOY_ALTS
2025-06-11,79.42821437403322,33.575413091829596,83.27644951260802,36.69109593881053,63.24716472540825,60.70598835105136,57.952211028811774,NEUTRAL,HOLD
2025-06-12,74.628330921528,34.79163521535038,79.67624744174167,35.89426397346808,52.59192159055506,57.66498932372005,55.872526327429,NEUTRAL,HOLD
2025-06-13,73.99629256216187,33.84206157977664,79.64451582567433,38.026551249592245,51.65043345033576,57.4573323612,58.24377012932878,NEUTRAL,HOLD
2025-06-14,72.74564636656417,35.292460862014615,78.80512244664907,36.20161009354373,53.394624692847685,57.177537598119045,58.568416353724174,NEUTRAL,HOLD
2025-06-15,72.72558282075363,29.632385368052578,78.780529241105,35.14913018612155,53.51395935424957,55.60564249980342,58.825769549935345,NEUTRAL,HOLD
2025-06-16,75.37256162941458,34.30711200682635,80.44970065887871,34.55223793289305,56.123605376760324,58.07368284991669,60.9849621677607,BULL,DEPLOY_ALTS
2025-06-17,70.62469681212403,22.922227693848924,77.42472131890693,33.54815555686695,60.601401415442794,53.49527370595514,64.40628438189538,BULL,DEPLOY_ALTS
2025-06-18,70.81306223928797,31.09151796940221,77.35771610212062,30.09988368491762,56.889970181427316,54.692320955441446,60.70598835105136,BULL,DEPLOY_ALTS
2025-06-19,70.48293271135655,26.020938404071753,77.20311540677531,28.641119772234564,58.57850088764298,53.24475555037945,57.66498932372005,NEUTRAL,HOLD
2025-06-20,67.80853948531384,34.05100086276735,75.30827535027174,21.14487688827267,55.796399163259395,52.66833858090718,57.4573323612,NEUTRAL,HOLD
2025-06-21,64.62735155128884,29.28653598982286,72.9636256094117,19.902946476186813,47.89570076060507,49.07757663221324,57.177537598119045,NEUTRAL,HOLD
2025-06-22,63.39538047612101,16.8247524673473,71.998727755129,19.179216433436324,48.32984946922421,45.3344152226368,55.60564249980342,NEUTRAL,HOLD
2025-06-23,71.28999887249066,18.80238707575519,77.8308831027514,21.051339906631434,53.412694065154085,50.152743443746395,58.07368284991669,NEUTRAL,HOLD
2025-06-24,71.82728390365182,22.81500264600814,78.3084860457518,22.807895862961445,54.41912036966101,51.77672945815826,53.49527370595514,NEUTRAL,HOLD
2025-06-25,73.87431166481466,32.85849699093298,79.80011441042618,21.337850966453644,51.18992397842122,54.65661067207304,54.692320955441446,NEUTRAL,HOLD
2025-06-26,72.91110893710216,38.17638624173909,79.35795822366639,21.797332466906212,45.97062099509698,55.155682855844326,53.24475555037945,NEUTRAL,HOLD
2025-06-27,72.58363696220846,22.118481235817164,79.3638062547469,21.666746918779577,43.973312685178314,50.82481595490098,52.66833858090718,NEUTRAL,HOLD
2025-06-28,72.96228037907623,33.29184532975362,79.56905126374154,21.768808480653977,43.95830417874256,53.78660738888195,49.07757663221324,NEUTRAL,HOLD
2025-06-29,74.5777175462837,42.65110315853539,80.80172382266387,21.25850576473334,49.63287773640512,57.34849945640225,45.3344152226368,NEUTRAL,HOLD
2025-06-30,71.94118760128437,33.0398814484945,79.08119229586012,21.23617796846486,50.77397932870829,53.92138972982151,50.152743443746395,NEUTRAL,HOLD
2025-07-01,69.02492375831784,28.17843869134788,77.04353193650128,21.91192413865071,49.19731445193105,51.367313253623294,51.77672945815826,NEUTRAL,HOLD
2025-07-02,74.6427544784914,36.7920170729799,80.98798151513775,21.41342288220932,50.738259187095885,56.07426626586093,54.65661067207304,NEUTRAL,HOLD
2025-07-03,75.52706193882136,36.324869832338116,81.85068281193595,20.53354237744171,50.64398227034182,56.25390218576857,55.155682855844326,NEUTRAL,HOLD
2025-07-04,71.02236542672395,38.26679049715675,79.76337479691762,19.90722898862793,46.78463844849961,54.49063040483404,50.82481595490098,NEUTRAL,HOLD
2025-07-05,71.2164027154979,37.454839073144115,79.87145050016974,20.375393564233057,53.04465308942722,55.06369502654703,53.78660738888195,NEUTRAL,HOLD
2025-07-06,72.71905225901321,39.13595438828762,81.01558945906574,19.045086590232007,54.87066898365704,56.14665205348952,57.34849945640225,NEUTRAL,HOLD
2025-07-07,70.76857990459943,35.18269629777813,79.75373285481729,18.289717555542637,53.78782973966902,54.099235224086115,53.92138972982151,NEUTRAL,HOLD
2025-07-08,71.61262341529952,32.14867578295642,80.45292636354372,18.48555775840749,57.54501170187895,54.138876076986726,51.367313253623294,NEUTRAL,HOLD
2025-07-09,75.28814271669151,41.62138570992768,83.30870625137273,19.27242056186717,59.12631286637799,58.457024863681795,56.07426626586093,NEUTRAL,HOLD
2025-07-10,82.5184906626163,46.79680817164054,88.8853688680791,22.181048899646516,55.66167335505102,63.125147685762926,56.25390218576857,NEUTRAL,HOLD
2025-07-11,84.77546835393366,39.32259765575037,90.85497014717171,23.472079628826968,54.011454919077565,62.356241385783825,54.49063040483404,NEUTRAL,HOLD
2025-07-12,83.97808593536956,38.538392499135334,90.51158740952762,24.145885208699315,56.174621758081734,62.1696863444133,55.06369502654703,NEUTRAL,HOLD
2025-07-13,86.2942338559388,34.48632205759579,92.48411416681145,21.98828973226269,59.76238050342148,62.281155014724426,56.14665205348952,NEUTRAL,HOLD
2025-07-14,87.1314545481161,38.189976344038755,93.22013176666879,20.423414031350315,62.114234591000944,63.60589236758092,54.099235224086115,NEUTRAL,HOLD
2025-07-15,83.00173821910752,44.35448653101676,90.37630911416413,18.05112815538113,69.53792816229657,63.72586696085611,54.138876076986726,NEUTRAL,HOLD
2025-07-16,83.33085072595978,31.697884545649536,91.56335673045483,22.19261499246984,79.46352548682358,62.51164249784412,58.457024863681795,NEUTRAL,HOLD
2025-07-17,83.77953034381977,34.183544658932654,92.28115699733891,27.37403689150787,83.39173484923845,64.5812556859969,63.125147685762926,BULL,DEPLOY_ALTS
2025-07-18,80.81033311096598,36.36117953448758,90.31706801139018,33.65898682743407,87.77494631256432,65.22315107456127,62.356241385783825,BULL,DEPLOY_ALTS
2025-07-19,80.41454105923307,35.40922237462423,90.06266142873683,34.76503494187065,89.970342293333,65.20098966778724,62.1696863444133,BULL,DEPLOY_ALTS
2025-07-20,79.26352485569265,37.626371473284124,89.11544040235952,35.48458333685727,100.0,66.33142590602932,62.281155014724426,BULL,DEPLOY_ALTS
2025-07-21,79.08063662649973,38.19654818137043,89.24102807126093,36.927633644303086,100.0,66.66067869419018,63.60589236758092,BULL,DEPLOY_ALTS
2025-07-22,82.81957864474356,39.38607305900431,92.14367679414478,38.262844568133616,97.52349554596195,68.61290345681934,63.72586696085611,BULL,DEPLOY_ALTS
2025-07-23,80.02548889181172,34.66392405026078,90.34162073602015,39.05762613767139,90.11070164554631,65.61166591251808,62.51164249784412,BULL,DEPLOY_ALTS
2025-07-24,79.25652295472698,37.90927733970813,89.8489416510493,40.18385225659701,93.00971662825786,66.55261405287033,64.5812556859969,BULL,DEPLOY_ALTS
2025-07-25,77.39636489805115,41.92384491523612,88.68798881937984,40.625517554043014,97.29330360208013,67.26062645541481,65.22315107456127,BULL,DEPLOY_ALTS
2025-07-26,78.01897883679797,39.173993815509824,89.05080031352475,40.74867014648907,97.41395289036997,66.86304797863215,65.20098966778724,BULL,DEPLOY_ALTS
2025-07-27,80.25034160870078,33.49053670326481,90.69461431211252,41.04813395136381,99.97481533559544,66.74136114711305,66.33142590602932,BULL,DEPLOY_ALTS
2025-07-28,77.67738848000764,35.90197795993348,88.79262490888496,41.375158571764494,98.55569086447593,66.09907888797491,66.66067869419018,BULL,DEPLOY_ALTS
2025-07-29,77.06530159606791,23.03115602085639,88.45048294810412,41.68959494915575,96.78008305481804,62.498923621510464,68.61290345681934,BULL,DEPLOY_ALTS
2025-07-30,76.55510240739285,32.6082367123377,88.2700654270272,42.948154193903164,96.96286293080878,64.91111240787407,65.61166591251808,BULL,DEPLOY_ALTS
2025-07-31,73.35988435966445,38.007922078518355,85.5030936270178,43.52346522251116,97.51020535763644,64.89010487207281,66.55261405287033,BULL,DEPLOY_ALTS
2025-08-01,69.10730454383761,35.70318644853262,82.34733699765717,43.16925341817734,87.36372445020613,61.33921583256309,67.26062645541481,BULL,DEPLOY_ALTS
2025-08-02,67.84925419153063,32.875247621645244,81.38749394951597,41.43949311528438,84.89783315457163,59.55679423552351,66.86304797863215,BULL,DEPLOY_ALTS
2025-08-03,70.48710927899629,37.17309697967305,83.2741561445357,42.525178155352194,89.02582868594611,62.37559784942172,66.74136114711305,BULL,DEPLOY_ALTS
2025-08-04,71.8520752805745,43.60312516021102,84.29498308454303,42.536374774907806,96.46096854568682,65.34195356193857,66.09907888797491,BULL,DEPLOY_ALTS
2025-08-05,69.94427520871356,30.646774260595507,82.93624156433998,43.430491244939304,92.36172960423819,60.98297108779566,62.498923621510464,BULL,DEPLOY_ALTS
2025-08-06,71.37032598653427,33.47929668342531,83.91187809345988,47.73149755719741,94.34443872595251,63.157466091683446,64.91111240787407,BULL,DEPLOY_ALTS
2025-08-07,74.9696669909192,40.92759944476328,86.76734977708735,49.35474167763491,97.63174532394508,67.2426556979238,64.89010487207281,BULL,DEPLOY_ALTS
2025-08-08,73.63815048742242,31.357106537948482,85.6964430829325,49.37288375101878,98.31740223029733,64.3076831829829,61.33921583256309,BULL,DEPLOY_ALTS
2025-08-09,73.20760109978156,23.12173838549078,85.35727806569068,47.90931886110222,100.0,62.00056836861063,59.55679423552351,NEUTRAL,HOLD
2025-08-10,77.41870955359408,31.27768691201695,88.58610083472273,45.6148443477867,97.1091428069158,65.3153956938866,62.37559784942172,BULL,DEPLOY_ALTS
2025-08-11,76.48551067560916,35.75830080929898,87.8624190985917,46.37685882893064,97.37093556961635,66.15133460602706,65.34195356193857,BULL,DEPLOY_ALTS
2025-08-12,78.51923302626035,32.42998823311141,89.47052970382784,50.267554671291,100.0,67.09750610761517,60.98297108779566,BULL,DEPLOY_ALTS
2025-08-13,83.45186449674495,41.409599346959496,93.4145509626174,54.800486713646166,100.0,72.29094238533376,63.157466091683446,BULL,DEPLOY_ALTS
2025-08-14,75.32206355741674,40.94064045169418,87.03251823704719,62.51401933143627,93.79371878204836,68.99475760547827,67.2426556979238,BULL,DEPLOY_ALTS
2025-08-15,73.25665247647534,29.64287756657878,85.62965101588468,62.62526078005103,83.64147355678594,64.27158181045048,64.3076831829829,BULL,DEPLOY_ALTS
2025-08-16,72.88231576994308,36.33038608318885,85.71404465703016,59.49540249495313,79.98069227754607,65.01247978518374,62.00056836861063,BULL,DEPLOY_ALTS
2025-08-17,73.04776109575789,36.18482442197461,85.65403064391005,57.482576385901126,78.41838748201764,64.55556576908997,65.3153956938866,BULL,DEPLOY_ALTS
2025-08-18,70.91061352822074,36.300561359783316,83.99115264178867,57.99351151388642,72.39131847544866,63.084713501397616,66.15133460602706,BULL,DEPLOY_ALTS
2025-08-19,65.31437825441529,27.284039381372484,79.69311855304666,56.07174771497988,61.93587593683512,56.95829678320754,67.09750610761517,BULL,DEPLOY_ALTS
2025-08-20,67.44240980442467,30.4098970860672,81.38316928400448,54.52710326885316,69.15688975266727,59.20658553523979,72.29094238533376,BULL,DEPLOY_ALTS
2025-08-21,64.33176642078652,32.32657096935869,79.06936568014474,51.6855199033934,71.15620461973599,58.06349425208718,68.99475760547827,BULL,DEPLOY_ALTS
2025-08-22,71.1182135610091,33.30088100211278,84.29593738667315,49.902279721223906,88.32633655580237,62.83784740992938,64.27158181045048,BULL,DEPLOY_ALTS
2025-08-23,68.64767501126965,34.64931889573937,82.41441723186297,46.7957935629622,85.58640934709642,61.317525642842305,65.01247978518374,BULL,DEPLOY_ALTS
2025-08-24,65.82751125722497,37.859517829958925,79.95308984251444,47.56438012484922,87.10438458408134,61.04884628029563,64.55556576908997,BULL,DEPLOY_ALTS
2025-08-25,60.34156828648418,28.152532572641007,75.99596889492385,47.11076206402121,77.86582893081876,55.19299461077534,63.084713501397616,BULL,DEPLOY_ALTS
2025-08-26,63.15170806618906,32.02624549710802,77.89583922649348,51.000125845969436,80.52717917970367,58.2339784342982,56.95829678320754,NEUTRAL,HOLD
2025-08-27,62.07892839463951,31.701074732758013,77.04535541842009,51.94465793008354,78.94665087850845,57.64438206262875,59.20658553523979,NEUTRAL,HOLD
2025-08-28,63.856680025057244,35.37242673276087,78.52302312873866,55.40614371772078,77.0341307827297,59.719049952386214,58.06349425208718,NEUTRAL,HOLD
2025-08-29,56.812635691066625,35.29956483144488,73.58164115783397,56.529441701271175,77.14576903068945,56.77900330500763,62.83784740992938,BULL,DEPLOY_ALTS
2025-08-30,57.20751379650447,32.93899196786019,73.85952823934069,56.30173521295786,78.39603777849436,56.45377183857764,61.317525642842305,BULL,DEPLOY_ALTS
2025-08-31,56.53015641713398,23.76773176599093,73.14208378445612,55.50749253305792,84.70339497791672,54.32586000127951,61.04884628029563,BULL,DEPLOY_ALTS
2025-09-01,57.547712843032464,34.67950596621546,74.1459163330063,55.813487058119485,82.65971465574265,57.40136813535705,55.19299461077534,NEUTRAL,HOLD
2025-09-02,60.90154552855002,35.81507870201436,76.48725909676634,55.8193847588646,78.74753730091916,58.76934659734347,58.2339784342982,NEUTRAL,HOLD
2025-09-03,61.86904877124899,27.08506608972675,77.02239687030959,58.02149934485053,75.90812524630017,57.0304979542259,57.64438206262875,NEUTRAL,HOLD
2025-09-04,60.3505653213936,27.483991209345394,75.7527455848236,58.571757760080224,74.45207747210185,56.35768792694136,59.719049952386214,NEUTRAL,HOLD
2025-09-05,59.73149242633984,28.52246623372648,75.58852001694414,55.051134190385156,73.1443363905132,55.7398720573315,56.77900330500763,NEUTRAL,HOLD
2025-09-06,58.95157684468898,26.958454568234806,74.95990740369028,53.638813905181834,67.47943068296537,54.21083333027726,56.45377183857764,NEUTRAL,HOLD
2025-09-07,60.57903000424542,32.08136079884552,75.97474266821166,51.46348554236568,62.79414657647722,55.38793522362991,54.32586000127951,NEUTRAL,HOLD
2025-09-08,61.73919328998316,34.58248725428461,76.95938504872144,52.46264487360519,52.65314839337228,55.6939683806884,57.40136813535705,NEUTRAL,HOLD
2025-09-09,60.68444783305592,36.71358778607631,76.30916196436645,54.00331466319198,57.362511848388316,56.48231207362677,58.76934659734347,NEUTRAL,HOLD
2025-09-10,63.49574796654935,38.82958084902944,78.76652824244002,53.21349886677571,55.518058255988095,58.043255906325335,57.0304979542259,NEUTRAL,HOLD
2025-09-11,65.28903684651259,32.38842147448009,80.44719673756016,49.19170126197318,46.15162824336916,55.767173783718725,56.35768792694136,NEUTRAL,HOLD
2025-09-12,66.287912898666,22.032376974113056,81.14563262801676,47.84833255695799,52.78443527429944,54.079288049705056,55.7398720573315,NEUTRAL,HOLD
2025-09-13,65.87767384424184,29.293135239585233,80.81734852051902,44.31292286655463,51.96702945193454,55.09369704244931,54.21083333027726,NEUTRAL,HOLD
2025-09-14,64.90180692760251,33.05151052561789,79.99876675726185,40.79851042539791,54.02455218401636,55.25540484334891,55.38793522362991,NEUTRAL,HOLD
2025-09-15,64.76460338105453,36.6321422418091,79.9296894206787,39.95825329853938,51.36831589178255,55.70392404286354,55.6939683806884,NEUTRAL,HOLD
2025-09-16,66.79811551275695,36.09222488294746,81.47526930395391,40.85293229702111,46.61181602071722,56.146666181979626,56.48231207362677,NEUTRAL,HOLD
2025-09-17,66.1913177006726,24.567061325567792,80.99711405098003,40.120962633943336,54.40820775189875,53.657548622071104,58.043255906325335,NEUTRAL,HOLD
2025-09-18,66.77508173444508,35.33558434580367,81.71534726688651,44.822309379644146,57.53857614049126,57.68669408115748,55.767173783718725,NEUTRAL,HOLD
2025-09-19,64.14561005625544,37.99848182317439,79.80733140499852,46.777652965262945,47.953161064151885,56.51673380487456,54.079288049705056,NEUTRAL,HOLD
2025-09-20,64.2690753329085,32.632988832112765,79.77421056603531,47.56729293285174,49.73175602738199,55.50208146377377,55.09369704244931,NEUTRAL,HOLD
2025-09-21,63.486381324813145,35.442313332741655,79.1727136197286,45.85520051973867,33.94712151197663,54.01402768373355,55.25540484334891,NEUTRAL,HOLD
2025-09-22,59.286244994201034,30.03039362934446,75.92600794954157,48.82596824521544,28.13025664013928,50.61559439630098,55.70392404286354,NEUTRAL,HOLD
2025-09-23,58.00133620004536,27.566797308096785,75.01460424583033,45.391987650165625,24.741419737569373,48.57796115748565,56.146666181979626,NEUTRAL,HOLD
2025-09-24,59.86651549679387,31.137354448943622,76.47403486556004,43.22712879003752,31.869419152421955,50.710111468133896,53.657548622071104,NEUTRAL,HOLD
2025-09-25,52.764473963041425,25.170908952744593,71.05783400676752,33.03388040689622,21.66316587939599,43.45503487742611,57.68669408115748,NEUTRAL,HOLD
2025-09-26,52.84604600002989,22.553785383841696,71.74537413396995,29.667167103364918,29.743414023209,43.265751440589014,56.51673380487456,NEUTRAL,HOLD
2025-09-27,52.76056213078262,29.870944948700533,71.57993113226479,25.07011407782686,31.16862379172686,44.48927059370959,55.50208146377377,NEUTRAL,HOLD
2025-09-28,56.84194544520573,34.25133690916255,74.4863575946774,22.270573215593604,31.27896761196034,46.981172123322914,54.01402768373355,NEUTRAL,HOLD
2025-09-29,60.24616676345333,26.845394033069642,76.99801420573034,20.66111631849021,31.437165716917164,46.42768539791473,50.61559439630098,NEUTRAL,HOLD
2025-09-30,59.3786309273171,33.76375499571599,76.54878857133886,21.87193873358196,27.708022724548997,47.615878823884096,48.57796115748565,NEUTRAL,HOLD
2025-10-01,65.9101198857281,32.36275122357944,81.8319504022052,24.643212516571573,33.74470513393837,51.301066242933906,50.710111468133896,NEUTRAL,HOLD
2025-10-02,69.08372207698362,27.922041101108224,84.24731840897095,25.430095990690265,38.092660249705546,52.17887100374043,43.45503487742611,NEUTRAL,HOLD
2025-10-03,71.53163314025983,22.12030314726968,86.08460505609268,27.517349312166566,32.993670919953246,51.63345622893421,43.265751440589014,NEUTRAL,HOLD
2025-10-04,71.41228454517724,27.796887668408882,86.09762066076021,26.839919926961915,35.934336430844354,53.21185304493616,44.48927059370959,NEUTRAL,HOLD
2025-10-05,73.15533019898616,33.50805816407831,87.30226026356483,25.964982734998856,35.35367969440685,55.214181033118905,46.981172123322914,NEUTRAL,HOLD
2025-10-06,74.9967883568569,24.609077142431243,88.67472499001296,26.901902635547405,40.29021708155225,54.45055789415481,46.42768539791473,NEUTRAL,HOLD
2025-10-07,68.99074196049555,28.69886726565833,84.63407692762163,27.265684111124028,36.43651001403715,52.53225840815989,47.615878823884096,NEUTRAL,HOLD
2025-10-08,71.63492837027805,32.946316975465585,86.68735230773163,24.08636140742701,37.84628242753067,54.46211067036326,51.301066242933906,NEUTRAL,HOLD
2025-10-09,68.4580755349794,22.149478002068793,84.5640348749257,25.450741080314888,33.764767083553366,50.18168700639873,52.17887100374043,NEUTRAL,HOLD
2025-10-10,55.8511134415458,23.09962804966407,74.28686942296694,23.898617148278735,26.81358853293125,43.65376635500808,51.63345622893421,NEUTRAL,HOLD
2025-10-11,51.16197407779445,26.970129111888046,71.30819977416587,22.179727790345403,25.00282904829949,42.18000652952528,53.21185304493616,NEUTRAL,HOLD
2025-10-12,57.986165678002024,27.993903573844847,76.37198394897995,21.210928530334165,26.783878016512546,45.528749467859186,55.214181033118905,NEUTRAL,HOLD
2025-10-13,57.85555308712584,30.343855566587113,76.13685400588307,20.59120582376611,30.986855501971533,46.35736704272321,54.45055789415481,NEUTRAL,HOLD
2025-10-14,52.27283030820108,34.94704051384478,72.83115559521318,23.56698219219744,30.6999565796947,45.589883326763236,52.53225840815989,NEUTRAL,HOLD
2025-10-15,47.52457353750968,25.60357887714361,69.70134588721713,24.556663243741824,31.540666114082214,41.43610205595173,54.46211067036326,NEUTRAL,HOLD
2025-10-16,43.046915097247066,27.29978141506298,66.35256887228192,22.94640133589378,34.37170792880279,39.888664650660594,50.18168700639873,NEUTRAL,HOLD
2025-10-17,39.59201455451829,28.434465767664364,63.92233116056778,22.40790809576642,30.855885667047474,38.21746182145485,43.65376635500808,NEUTRAL,HOLD
2025-10-18,38.24685859979795,30.457403615762797,63.890794087670436,19.070623080861843,33.031352126156136,38.03029597615906,42.18000652952528,NEUTRAL,HOLD
2025-10-19,40.64985200693636,22.873626723416045,65.44743300185245,17.59463613579326,36.922527863510545,37.33429709002546,45.528749467859186,NEUTRAL,HOLD
2025-10-20,44.08849162087141,26.939724314550446,67.79712209756569,17.458684394455332,33.6532188756989,39.50502753115037,46.35736704272321,NEUTRAL,HOLD
2025-10-21,34.18865392077733,26.29189425621854,62.2999319141219,22.39096643702995,33.12300366537589,35.960501455204295,45.589883326763236,NEUTRAL,HOLD
2025-10-22,31.79843331155331,26.785109856359757,60.09937104415106,17.87955861129674,36.951807157298646,34.63279617381052,41.43610205595173,NEUTRAL,HOLD
2025-10-23,36.55750042108514,24.2893629085813,63.38778477880568,19.42446768810013,36.04761838676992,36.23557980112402,39.888664650660594,NEUTRAL,HOLD
2025-10-24,38.49598642706668,36.5349983648515,64.59524061604263,21.325583854042726,40.16386771023841,40.81681799167165,38.21746182145485,NEUTRAL,HOLD
2025-10-25,39.686146638994586,30.570145531557568,65.3417562746835,26.667279899624045,44.88210499712463,41.10503411418054,38.03029597615906,NEUTRAL,HOLD
2025-10-26,45.509344828008594,27.514823395870845,69.06259884279406,28.20612678517446,43.432804022161044,42.91822848592137,37.33429709002546,NEUTRAL,HOLD
2025-10-27,44.4000057531269,27.421133657452508,68.21026761082462,27.57650094287375,42.69330554329927,42.22314435822711,39.50502753115037,NEUTRAL,HOLD
2025-10-28,41.81031584650839,31.736912098678395,66.3268020370559,28.6413508773723,38.29850709804933,41.86873652744407,35.960501455204295,NEUTRAL,HOLD
2025-10-29,35.99120449746633,17.94424578947377,61.94532880331266,27.339066976603732,38.94640828026095,35.66798943178753,34.63279617381052,BEAR,EXIT
2025-10-30,31.271617335820935,28.82875342975344,59.258124499856116,25.71468550673297,39.984804400110264,36.29598172417683,36.23557980112402,NEUTRAL,HOLD
2025-10-31,34.42117005942614,23.17076412538427,61.020975921380426,24.18204050458245,38.51415809778139,35.801959118915505,40.81681799167165,NEUTRAL,HOLD
2025-11-01,35.26843605005281,22.57873767598917,61.5182617068345,22.18112942615359,36.749370179049954,35.530974007208066,41.10503411418054,NEUTRAL,HOLD
2025-11-02,36.08289095483736,28.140680223935377,62.055402010820295,17.45985991280817,38.636789035154194,36.75377563503576,42.91822848592137,NEUTRAL,HOLD
2025-11-03,28.112449292346923,22.3682386262969,56.05618239945779,17.51747001592388,32.965988835910025,31.161250310149445,42.22314435822711,NEUTRAL,HOLD
2025-11-04,17.88432855681335,17.209916719136604,48.998495343780924,16.94135275192309,27.571627691152784,24.765842497488084,41.86873652744407,NEUTRAL,HOLD
2025-11-05,23.127800334851393,20.13331139906076,51.657886418170115,17.672838733631746,25.643793821017624,27.518550426001156,35.66798943178753,NEUTRAL,HOLD
2025-11-06,17.802389624821842,19.595434571250646,47.885883002803695,17.17285217968786,28.254242626155317,25.21810422038866,36.29598172417683,NEUTRAL,HOLD
2025-11-07,21.683110706063708,21.008847565770363,50.73597081290426,18.773914413498318,30.458286770198498,27.76625510488715,35.801959118915505,NEUTRAL,HOLD
2025-11-08,19.476285718150997,14.031845732323351,49.038275167125924,14.885362019814657,33.87404152196008,24.778710637119527,35.530974007208066,NEUTRAL,HOLD
2025-11-09,24.305035619998762,21.10404853461976,52.37544759439844,15.686178032477581,46.60312179104481,30.055851222510377,36.75377563503576,NEUTRAL,HOLD
2025-11-10,27.07306343598007,21.41773647805155,53.963145444541084,17.483855498955077,44.31524841242107,31.323085405300496,31.161250310149445,BEAR,EXIT
2025-11-11,20.754563206821427,23.916713865150985,49.639964804728024,16.081722441332605,32.84921838887712,27.83072059436738,24.765842497488084,BEAR,EXIT
2025-11-12,18.141340726415205,19.78791014324007,47.4794316621259,16.17320527225777,31.44320081563812,25.455566958562237,27.518550426001156,BEAR,EXIT
2025-11-13,14.936779601095928,21.64417471915072,44.44894502110011,11.277563304605916,28.19244289727429,23.2927453497548,25.21810422038866,BEAR,EXIT
2025-11-14,3.9678216501514574,17.77888293271395,36.79702114577038,8.873154677947676,32.38281281544192,17.563725940614344,27.76625510488715,BEAR,EXIT
2025-11-15,6.1315461023035445,17.874025213085844,38.21172359152333,8.359276428812159,33.26012668697153,18.53021898528617,24.778710637119527,BEAR,EXIT
2025-11-16,3.422889645101935,21.738283908849045,36.55136279849952,7.819531118796245,31.876338476634587,18.13227394592564,30.055851222510377,BEAR,EXIT
2025-11-17,0.0,11.625853955467287,33.068865112683234,7.097594457713575,30.52603942233472,13.637479622293977,31.323085405300496,BEAR,EXIT
2025-11-18,1.7939131546602851,14.243268527556733,34.10221842212495,7.13471118474047,32.061101416198085,15.195751582043139,27.83072059436738,BEAR,EXIT
2025-11-19,0.0,14.7236942103289,31.937230242884095,6.450450396351191,32.63962450554382,14.299899611166106,25.455566958562237,BEAR,EXIT
2025-11-20,0.0,11.381221576142508,22.750614474396485,1.9079010402647991,32.444079620978556,10.926021407052499,23.2927453497548,BEAR,EXIT
2025-11-21,0.0,15.694637821934421,20.31860173782018,2.7816967902422487,33.19328410621755,11.723962732205734,17.563725940614344,BEAR,EXIT
2025-11-22,0.0,13.556976020359485,19.695802349152196,4.609422715901985,35.21602254898923,11.54142013720453,18.53021898528617,BEAR,EXIT
2025-11-23,3.487214462894787,14.13458365991982,22.703520190165662,2.9093137301001595,31.68551021423552,12.725462372820099,18.13227394592564,BEAR,EXIT
2025-11-24,6.188756372361468,15.004581964099906,24.742486116470225,5.878034037556617,36.96612362868406,15.13458709452936,13.637479622293977,BEAR,EXIT
2025-11-25,4.561634644793666,7.697086954983046,23.309553808859977,6.487900671379995,34.45323751640177,12.373181746303034,15.195751582043139,BEAR,EXIT
2025-11-26,9.715353872853923,21.432648228086197,27.077249509196406,10.012392488889617,33.87873791703534,18.577950785753984,14.299899611166106,BEAR,EXIT
2025-11-27,11.36689736467232,16.318481910437207,28.17697508838675,9.644078359327686,35.69317415232871,18.141013873820373,10.926021407052499,BEAR,EXIT
2025-11-28,10.851413591452411,18.005969830108555,27.59811283350154,11.100860729727636,36.431472889515504,18.584815500073866,11.723962732205734,BEAR,EXIT
2025-11-29,10.635558741949053,14.51720964705094,27.145763335531797,10.940564884907099,35.81337990255591,17.471545424445466,11.54142013720453,BEAR,EXIT
2025-11-30,10.291271346082862,22.12178714129369,26.409900116595868,9.030198680834918,36.526362146675936,18.90697422926029,12.725462372820099,BEAR,EXIT
2025-12-01,3.131506122749289,11.907510959794447,20.214659735319856,9.820021020750398,33.41695622471482,12.773960299421411,15.13458709452936,BEAR,EXIT
2025-12-02,12.12193165714218,12.275929874456496,27.62795058779039,11.199750527680058,34.3198119895748,17.343095861424345,12.373181746303034,BEAR,EXIT
2025-12-03,15.756288453072088,14.448307100848892,30.896680788499086,11.161487757185446,46.58176378738812,20.850699011150297,18.577950785753984,BEAR,EXIT
2025-12-04,13.302009719521863,13.871183062458933,28.612244582629597,12.107392279276334,51.7265534974448,20.16961178963314,18.141013873820373,BEAR,EXIT
2025-12-05,8.31089833353052,9.506715564658318,24.341049612301564,10.025665279883327,48.6689499823308,16.108903103899628,18.584815500073866,BEAR,EXIT
2025-12-06,8.146454718039434,20.679158397749,24.16856773734928,10.214554532439728,50.88484698326305,19.068107440511202,17.471545424445466,BEAR,EXIT
2025-12-07,9.770127723669543,20.30150678876016,25.443870329196695,10.197221894358798,47.69226490001945,19.393998854286007,18.90697422926029,BEAR,EXIT
2025-12-08,10.907717112164283,17.448571557968542,26.03618667815042,9.94892908248213,50.24925644032337,19.35896036517616,12.773960299421411,BEAR,EXIT
2025-12-09,14.672883816536809,13.342743039684413,29.057615713433616,10.38628285132562,51.94459814194624,20.301476289462336,17.343095861424345,BEAR,EXIT
2025-12-10,13.253835519596946,19.94516660775371,27.91659714982984,9.414663672421108,55.35026363885158,21.492987652531802,20.850699011150297,BEAR,EXIT
2025-12-11,14.189673928131882,21.493757817609037,28.55254419083586,12.848419040607473,52.58369420674762,22.526482747774878,20.16961178963314,BEAR,EXIT
2025-12-12,10.236831987848317,16.61073233145428,25.250982922689225,13.854993646317931,47.492513871741416,19.10142969787774,16.108903103899628,BEAR,EXIT
2025-12-13,10.101846535758396,16.047700034934174,25.096642889821553,13.3527513405105,53.502025614993656,19.414922810001315,19.068107440511202,BEAR,EXIT
2025-12-14,6.3402350477124765,11.401334011856562,22.03987824169998,13.932404527912116,52.41296141959198,16.491536486763895,19.393998854286007,BEAR,EXIT
2025-12-15,3.44608352106241,12.309575588702923,19.298464737291475,15.573170162569161,49.77925027231224,15.284812452569348,19.35896036517616,BEAR,EXIT
2025-12-16,5.960789252119741,16.17202813637538,21.2963267096904,16.05121492010403,48.698070931836966,17.36799848286715,20.301476289462336,BEAR,EXIT
2025-12-17,3.0605449948277306,13.208592571548522,18.64912389690329,16.70505118547392,45.12275339777159,14.968169438314355,21.492987652531802,BEAR,EXIT
2025-12-18,2.014544498133545,14.454745354475444,17.675784457314293,14.836167711659309,43.01591902489379,14.280223638760058,22.526482747774878,BEAR,EXIT
2025-12-19,6.905721574705799,15.879408424829315,21.489412597720854,15.377055211785306,48.28653962232977,17.474663342164014,19.10142969787774,BEAR,EXIT
2025-12-20,7.234794102114943,16.419505287400387,21.768313266048285,16.262351473100757,49.10766388297394,17.979096314956745,19.414922810001315,BEAR,EXIT
2025-12-21,7.673563654234044,14.198550426998304,22.022361696230902,16.88113319880972,50.88254334907102,17.87660335699453,16.491536486763895,BEAR,EXIT
2025-12-22,7.605968161916935,14.492345831043338,21.81181687308214,16.425315695927498,50.382815067874034,17.76931914212887,15.284812452569348,BEAR,EXIT
2025-12-23,5.679392718424505,15.577523798957083,20.145531948931403,16.11543119804963,51.9528696587907,17.239906800639417,17.36799848286715,BEAR,EXIT
2025-12-24,6.227083401963678,19.242665453066625,20.40957231385677,13.087860558219036,45.530517088431864,17.276936639203157,14.968169438314355,BEAR,EXIT
2025-12-25,5.553701253190526,13.71186012978442,19.7277467642368,12.761330086248007,42.74755786604223,15.228580060792048,14.280223638760058,BEAR,EXIT
2025-12-26,5.910322443401883,18.314075913832525,19.761872816560818,10.012454783881926,45.42332968732667,16.348191461105813,17.474663342164014,BEAR,EXIT
2025-12-27,6.57147134778078,13.451312314984005,20.41451755257254,9.220528812024359,47.33557796459715,15.533810111858113,17.979096314956745,BEAR,EXIT
2025-12-28,6.719023486997372,18.29913912677877,20.357056946981274,7.855570381768954,45.99045086605656,16.439283861061156,17.87660335699453,BEAR,EXIT
2025-12-29,5.6880736612219245,17.805403871234216,19.31549855970301,7.520847677495679,48.17744476635053,15.966744406375138,17.76931914212887,BEAR,EXIT
2025-12-30,8.052818394723413,9.436717448393756,21.07718055645962,6.074962219473172,47.158544623396736,14.61755978706804,17.239906800639417,BEAR,EXIT
2025-12-31,6.547702331317234,12.70058752395529,19.705046344715985,2.6361455856621405,51.16205409384325,14.592094096560835,17.276936639203157,BEAR,EXIT
2026-01-01,8.641535062539434,17.73102508258166,21.38731729725249,2.561870652703222,49.203850255056246,16.60734587226885,15.228580060792048,BEAR,EXIT
2026-01-02,10.895883717045917,16.49209167693123,23.047359227343055,2.4462613311418706,47.41430916191338,17.109629995677814,16.348191461105813,BEAR,EXIT
2026-01-03,12.07870430488522,19.66268840021087,23.933238854641893,2.4387095568993598,47.02462978022276,18.39420057400384,15.533810111858113,BEAR,EXIT
2026-01-04,13.432100478111236,17.352587161409037,24.97726671055286,2.7316586547910586,47.1271613496561,18.485695209080472,16.439283861061156,BEAR,EXIT
2026-01-05,17.968491510081286,14.940347712425813,28.588729359302008,100.0,46.440870530705766,34.487467306061816,15.966744406375138,BEAR,EXIT
2026-01-06,17.24193188760101,14.303360223212408,28.11822824961135,1.6458083384094429,50.59299244206211,19.6782357669733,14.61755978706804,BEAR,EXIT
2026-01-07,13.011451729208606,17.882197579879243,24.54352522899639,1.6014155646809303,45.79943965602959,18.10284625983677,14.592094096560835,BEAR,EXIT
2026-01-08,12.839926382916167,13.789439139866143,24.062200222992438,1.5794940170902132,37.916160262217716,16.140317873225175,16.60734587226885,BEAR,EXIT
2026-01-09,11.915497839425953,16.253026845603678,23.28456570433835,1.068631917840328,36.36759641215254,16.091873632987678,17.109629995677814,BEAR,EXIT
2026-01-10,11.685623088976163,21.43231332142495,23.109380963171215,0.0,41.40046820641524,17.625688270324854,18.39420057400384,BEAR,EXIT
2026-01-11,12.285045068774993,11.047351492636885,23.56820289331817,0.0,45.78712511488084,15.739704483943438,18.485695209080472,BEAR,EXIT
2026-01-12,13.062135307168957,16.52540738765822,23.939723652225524,0.38840887462549123,42.54809473304808,17.15100797400898,34.487467306061816,BEAR,EXIT
2026-01-13,20.305084739256728,16.345636316113886,29.801204989858416,1.0288663523487427,45.756663949779075,20.868171846607392,19.6782357669733,BEAR,EXIT
2026-01-14,23.27980697215873,13.960867537630243,32.22532982259846,1.5253746108254396,46.21401424521932,21.769432556720616,18.10284625983677,BEAR,EXIT
2026-01-15,20.575187488797546,17.64072439225159,30.079759374835298,1.5808324913733351,49.133593669206,21.74917346029582,16.140317873225175,BEAR,EXIT
2026-01-16,20.427279603722287,15.117743875353074,29.888801076627285,2.2842708868499497,51.99590742595254,21.42761144090316,16.091873632987678,BEAR,EXIT
2026-01-17,19.709708064197805,20.149013673473682,29.19890321763075,3.078315543092378,52.138736765258635,22.465567489143634,17.625688270324854,BEAR,EXIT
2026-01-18,18.19110462731009,17.064849302469298,27.17270134907829,3.0047500049148077,50.038578031315595,20.61265428749479,15.739704483943438,BEAR,EXIT
2026-01-19,15.112855085833262,19.320180718519147,25.37004875143987,3.447319588905093,47.98804769377627,19.75381416338113,17.15100797400898,BEAR,EXIT
2026-01-20,7.607074800300867,13.141088703878307,19.195582093793295,2.262215766935006,42.23932692744638,13.969776092603384,20.868171846607392,BEAR,EXIT
2026-01-21,10.049296993084793,14.600227693390583,19.968237998350137,1.9245018177082511,42.20360371957587,15.167529265556936,21.769432556720616,BEAR,EXIT
2026-01-22,9.710939799907385,20.878654056820555,19.93097706491421,2.010885455204158,41.0790106487094,16.528674750311758,21.74917346029582,BEAR,EXIT
2026-01-23,10.425375884394263,15.413367937673037,19.813791021333532,2.4050209707446255,42.449210493340374,15.549387148948977,21.42761144090316,BEAR,EXIT
2026-01-24,9.967554462486257,4.363948904219125,14.98359196278814,2.3619471936371794,44.13185015888668,11.845449052292532,22.465567489143634,BEAR,EXIT
2026-01-25,5.095773996314723,6.152224723517927,10.677375122537866,2.629375394143722,40.815469659559,9.67821667935893,20.61265428749479,BEAR,EXIT
2026-01-26,8.486268073423583,10.901650225625446,13.298955713122076,1.7176966283252029,43.40656933937629,12.529395549244263,19.75381416338113,BEAR,EXIT
2026-01-27,10.118825172399031,10.731233621696282,13.79761934675772,1.5602555038424748,46.349320970625755,13.346950249134272,13.969776092603384,BEAR,EXIT
2026-01-28,9.989314578272852,7.6562411700382444,13.661179056695365,1.4068497344159636,45.3223485492529,12.386352792418176,15.167529265556936,BEAR,EXIT
2026-01-29,1.753830215545649,10.648848203796401,6.5221911097591,1.1763948418003494,44.025975861303515,9.071856149965019,16.528674750311758,BEAR,EXIT
2026-01-30,0.9541779270196562,11.301846426525666,5.801384355057887,1.1813822585716374,37.66876749468725,8.21607594400336,15.549387148948977,BEAR,EXIT
2026-01-31,0.0,10.808407390549197,0.0,0.6034542635452356,33.140492250405416,6.106669212209626,11.845449052292532,BEAR,EXIT
2026-02-01,0.0,5.790522304598109,0.0,0.3047255641313197,22.811172523575323,3.7744566631267573,9.67821667935893,BEAR,EXIT
2026-02-02,3.0090605407232083,6.309256529457313,2.6267854571701283,1.3621146428193989,24.996836133013318,5.709390195739559,12.529395549244263,BEAR,EXIT
2026-02-03,0.0,8.355760960657479,0.0,0.8649688379719751,24.092982389468347,4.627983804807001,13.346950249134272,BEAR,EXIT
2026-02-04,0.0,9.556290462893298,0.0,0.0,23.80241425619974,4.769314041343298,12.386352792418176,BEAR,EXIT
2026-02-05,0.0,2.58071042169131,0.0,41.74993334523905,19.280321702062196,8.835699777414906,9.071856149965019,BEAR,EXIT
2026-02-06,9.717507614586495,9.319953833654887,9.235736021014372,43.00733813714114,21.655240396737767,15.709012707237493,8.21607594400336,BEAR,EXIT
2026-02-07,7.876004251057727,12.8981087098439,7.726627752648281,43.05572274752492,28.330468299997108,16.424059245436396,6.106669212209626,BEAR,EXIT
2026-02-08,9.73825523691013,14.337344974815474,9.200590609212608,43.605877432192855,26.485362393888394,17.535348790837197,3.7744566631267573,BEAR,EXIT
2026-02-09,9.485991586093697,12.7188906096595,8.630718731787622,43.86211707574162,27.701912803306,17.101172716292353,5.709390195739559,BEAR,EXIT
2026-02-10,7.524960970294815,8.20335063394681,7.01353037865689,43.955799742636245,23.761138245192853,14.680515811221246,4.627983804807001,BEAR,EXIT
2026-02-11,5.338319418029041,10.023806551427556,4.766447660532835,43.87640822216031,23.95611935049064,14.03781016374528,4.769314041343298,BEAR,EXIT
2026-02-12,4.441911184210286,13.584458447185238,3.8330275529753233,43.336287279391996,21.71286328095546,14.167022897658805,8.835699777414906,BEAR,EXIT
2026-02-13,8.107945854278693,9.715062588333025,7.002871685528099,42.79309998170006,24.39806387528266,15.12049512525576,15.709012707237493,BEAR,EXIT
2026-02-14,9.414901296379837,13.226041498873434,8.089008330315085,42.75522367550344,24.601495473934534,16.622215528414294,16.424059245436396,BEAR,EXIT
2026-02-15,7.884606736457821,19.034648281350805,6.796338560230068,42.465145363039255,19.65290913491762,16.818374521268712,17.535348790837197,BEAR,EXIT
2026-02-16,8.112998070093035,14.67880791378843,6.997937230564354,42.53597211577765,20.464770233470446,15.930061686301581,17.101172716292353,BEAR,EXIT
2026-02-17,6.462164341918405,11.946718685573467,5.265264115812748,42.47460536593226,21.62106498310922,14.5116791003322,14.680515811221246,BEAR,EXIT
2026-02-18,5.0922621003078925,9.082619487620153,3.997886800345368,42.015361096323865,23.727795514739185,13.272994577988978,14.03781016374528,BEAR,EXIT
2026-02-19,5.8948896606451955,10.503557895905931,4.527869462019619,42.828297612183434,27.387535648988532,14.462928471300334,14.167022897658805,BEAR,EXIT
2026-02-20,7.413743617377307,6.582099921007358,5.763909496291667,43.368590356276734,26.454956997251102,14.173214217889985,15.12049512525576,BEAR,EXIT
2026-02-21,7.5023796382366825,2.928829722028515,5.74463021117858,43.564032159296865,28.26220007866233,13.492672195974613,16.622215528414294,BEAR,EXIT
2026-02-22,6.897698403393634,11.862759775280264,5.244779559477947,43.32990103241246,27.44909428128591,15.328349959724203,16.818374521268712,BEAR,EXIT
2026-02-23,3.1367518055877217,7.361441098777682,1.6098592826797178,43.4711425519774,26.35970355689487,12.259999411392776,15.930061686301581,BEAR,EXIT
2026-02-24,2.5182247124675694,10.407411481134176,0.9809926952134146,43.5416851199017,29.737680245456204,13.058539615597374,14.5116791003322,BEAR,EXIT
2026-02-25,7.875961780365983,10.530292514040015,5.6012808952027395,44.25324067286105,32.34141425294379,15.987745367883882,13.272994577988978,BEAR,EXIT
2026-02-26,7.2115308003734615,7.132557903549346,4.999919211862929,44.390418703040105,28.656822692009115,14.470827633028888,14.462928471300334,BEAR,EXIT
2026-02-27,5.066385253869407,6.6532218810329615,3.072440551837502,44.63077718672789,26.174551124845664,13.109780847280314,14.173214217889985,BEAR,EXIT
2026-02-28,6.608596013146671,7.521466836796955,4.392050361556487,45.253797999808015,27.951857215087074,14.324611006934445,13.492672195974613,BEAR,EXIT
2026-03-01,4.998035256692705,8.161570830088818,2.813772654421921,45.732741379941935,33.820983379091174,14.344567360314809,15.328349959724203,BEAR,EXIT
2026-03-02,9.368368806786009,6.91375604792151,6.5582257168304805,46.29436253898122,38.5400161097486,16.64875078920432,12.259999411392776,BEAR,EXIT
2026-03-03,8.738746156020422,6.304559947850194,5.8780127777844875,46.31690050006266,43.12583417911075,16.633484882246048,13.058539615597374,BEAR,EXIT
2026-03-04,14.504668655247958,7.233300359030402,11.049109012511659,46.03098864971623,42.81852558607447,19.5560483448992,15.987745367883882,BEAR,EXIT
2026-03-05,12.277055576036517,14.17522030287742,8.8656145987934,46.928068191639966,44.321738159563765,20.47142871299136,14.470827633028888,BEAR,EXIT
2026-03-06,8.65122046669665,8.756537073306344,5.571741567194747,47.23691123986749,43.56825490103753,17.341210897858407,13.109780847280314,BEAR,EXIT
2026-03-07,7.459655252204665,5.508877154380727,4.491785445866399,47.675229532523325,45.63311074188881,16.22806845749724,14.324611006934445,BEAR,EXIT
2026-03-08,5.995794149082353,5.412781547530616,2.9846885869284057,46.68605623037344,45.690897866649436,15.320869570214,14.344567360314809,BEAR,EXIT
2026-03-09,9.191917464316381,7.274644490517076,5.842170047731299,47.387115216847334,40.44963079360434,16.89770073335798,16.64875078920432,BEAR,EXIT
2026-03-10,11.069118159978707,7.896436764309748,7.50313362593813,47.23554689739884,42.59092298363522,18.139895697232024,16.633484882246048,BEAR,EXIT
2026-03-11,11.95475741084911,8.268836113084996,7.8714501191431,47.24242012798077,41.604095965577756,18.474698891109494,19.5560483448992,BEAR,EXIT
2026-03-12,12.330269409673141,6.288566484579067,8.208038718077017,47.29514065367574,45.374382762577234,18.544539561971195,20.47142871299136,BEAR,EXIT
2026-03-13,13.447401613754653,4.807086630408294,8.66712163324556,47.9862827752731,47.237334610921344,18.891092345760683,17.341210897858407,BEAR,EXIT
2026-03-14,14.001521504473494,6.331810122166701,8.924992482958906,48.28217739163177,45.26551431309568,19.33728551852984,16.22806845749724,BEAR,EXIT
2026-03-15,16.31577547804816,6.247695648661775,10.626716199038748,48.202241251652524,45.8543073869677,20.39776672183229,15.320869570214,BEAR,EXIT
2026-03-16,19.235661367647143,7.13021985884821,13.169621916775409,48.23418186721695,51.45023513622821,22.56732855206664,16.89770073335798,BEAR,EXIT
2026-03-17,18.334000527438295,7.274469136950211,12.014209896206383,48.34703238769639,56.77720299961306,22.65143457982608,18.139895697232024,BEAR,EXIT
2026-03-18,14.285318837979272,8.806768445894358,8.793992847147463,48.47916134614523,53.164996777097365,20.834460211928384,18.474698891109494,BEAR,EXIT
2026-03-19,12.444488568957983,7.207161970835483,7.108284234351917,48.388612210147485,49.79748742865069,19.19483448465384,18.544539561971195,BEAR,EXIT
2026-03-20,13.316667135536656,7.48444796323722,7.875844161951666,48.30161942506799,49.429244217418876,19.62944829936272,18.891092345760683,BEAR,EXIT
2026-03-21,12.181329565736581,7.586880537611009,5.676431414155948,48.24940006031723,49.85266702706236,18.909081998708736,19.33728551852984,BEAR,EXIT
2026-03-22,9.707212103238465,12.123414012753395,4.589608755977183,47.65062901855743,50.69015743902263,19.0775489820412,20.39776672183229,BEAR,EXIT
2026-03-23,13.699254049409982,13.235372626680325,8.159316480230236,47.44302714169052,50.62479349027813,21.229416087820514,22.56732855206664,BEAR,EXIT
2026-03-24,13.644091347623036,5.593230971417299,7.681156736732272,47.498793420699606,52.22129221715044,19.374714729307673,22.65143457982608,BEAR,EXIT
2026-03-25,14.68311020407283,11.983704121695657,8.56886255385044,47.59204297315854,52.281189195157665,21.481556967905398,20.834460211928384,BEAR,EXIT
2026-03-26,11.027539096410045,13.309770402796122,5.546330815980576,47.00438682372749,49.44929611467265,19.740558127844547,19.19483448465384,BEAR,EXIT
2026-03-27,7.497318458539648,9.481112897146863,2.5852425375513794,46.4731057960082,44.4396721349875,16.551455352258863,19.62944829936272,BEAR,EXIT
2026-03-28,7.774849471661015,13.877573140050037,2.550042722687529,46.482505502213996,45.17010034802441,17.80124253118286,18.909081998708736,BEAR,EXIT
2026-03-29,7.2719299808066005,7.667366656956016,2.1008226058671737,49.669272564259195,48.228537498241664,16.791829814117463,19.0775489820412,BEAR,EXIT
2026-03-30,8.382102430252528,6.431997428144241,2.9296140982042878,49.82392641671245,49.4033014783802,17.122472016097564,21.229416087820514,BEAR,EXIT
2026-03-31,10.702314089161606,7.085051145742647,4.706111214614082,50.12636338714693,50.82497401960092,18.52463116613909,19.374714729307673,BEAR,EXIT
2026-04-01,10.611780878203751,12.428434431267966,4.500330128628223,49.70303175889396,53.25357298173882,19.971520959011734,21.481556967905398,BEAR,EXIT
2026-04-02,8.93846571369625,8.394886694627203,3.0513872613153965,49.99995320066882,52.30642853323425,18.1211746734525,19.740558127844547,BEAR,EXIT
2026-04-03,8.97836319240592,5.786946186021999,3.0726978833245955,49.71742835046292,51.10847261356849,17.32324659481848,16.551455352258863,BEAR,EXIT
2026-04-04,9.615148443382342,3.4665331045371737,3.4671711579420212,48.94495316343402,51.066514228236606,16.893006438076164,17.80124253118286,BEAR,EXIT
2026-04-05,11.997376900772602,12.298552818345026,5.412180230166388,48.73835531913109,51.52879680190284,20.219920298911262,16.791829814117463,BEAR,EXIT
2026-04-06,11.787725278281808,5.762463843141086,5.23260303774226,48.71598273172537,50.744585905010034,18.405310152078073,17.122472016097564,BEAR,EXIT
2026-04-07,16.619035556996316,9.212673609007478,8.857926241052688,49.07526407599328,52.65409835113189,21.687163764073482,18.52463116613909,BEAR,EXIT
2026-04-08,15.238841131465037,11.038515487106187,7.805513216817676,47.475482843415485,52.26938746824006,21.24064502791592,19.971520959011734,BEAR,EXIT
2026-04-09,16.28864451597128,10.457892357986173,8.532875104976714,47.495217045318675,50.90001549597253,21.421925571678326,18.1211746734525,BEAR,EXIT
2026-04-10,17.972377434940423,6.7782414220800415,9.902131455455024,47.24828710461344,51.662697170948924,21.32021265988005,17.32324659481848,BEAR,EXIT
2026-04-11,18.22171160790913,6.331258937631451,9.951608793471326,47.14087901430799,52.8579652522426,21.396578352845324,16.893006438076164,BEAR,EXIT
2026-04-12,14.70198232498951,12.395338879971634,7.207470835357969,46.740124629524296,51.40269235362333,21.102211514352334,20.219920298911262,BEAR,EXIT
2026-04-13,20.426800511977188,12.651252546283711,11.568107290893897,46.71775555275565,55.12892862462999,24.12503094371921,18.405310152078073,BEAR,EXIT
2026-04-14,19.788899999945095,16.15981072919405,11.122386923882592,46.711283504718146,50.94181766377343,24.301974359143625,21.687163764073482,BEAR,EXIT
2026-04-15,20.667494091350296,7.563477584915344,11.833028534778526,46.666913599844335,45.58621934078169,22.01638230464445,21.24064502791592,BEAR,EXIT
2026-04-16,21.15789324174472,13.91389108036511,12.14560347140241,46.47916765796987,44.650150483697495,23.691851633960404,21.421925571678326,BEAR,EXIT
2026-04-17,24.07756428269186,12.320184835321585,14.40401747493767,46.227561621690896,46.93535740828293,24.81178897270742,21.32021265988005,BEAR,EXIT
2026-04-18,22.17153131657691,14.397299519400297,12.704462652016494,46.45242714993848,46.88057261920461,24.447598139637677,21.396578352845324,BEAR,EXIT
2026-04-19,19.459728777521335,14.624803969422958,10.45812873298849,46.50393179485713,46.06553792493945,23.16788893393235,21.102211514352334,BEAR,EXIT
2026-04-20,22.265788337882654,18.306104901539747,12.760560228626575,46.40160288855129,46.3120063688773,25.39981584264547,24.12503094371921,BEAR,EXIT
2026-04-21,22.699629391125058,21.019687979158554,13.257449931347596,46.62160463788562,45.98601911430973,26.30814340551049,24.301974359143625,BEAR,EXIT
2026-04-22,25.964396983002324,20.819822642343716,15.348711964681828,46.89793440296206,45.31518332302189,27.63022564116949,22.01638230464445,BEAR,EXIT
2026-04-23,25.843099413976905,17.080813036504907,15.363472288407982,46.97196183761637,41.743660476138004,26.315987864257153,23.691851633960404,BEAR,EXIT
2026-04-24,24.890691559372776,30.663898295593974,14.3515396187644,46.78318011778805,42.91137168965298,29.312104152096712,24.81178897270742,BEAR,EXIT
2026-04-25,25.156739536772427,26.201262081813464,14.494504590451937,47.31569515924557,44.784365329733255,28.572029106435643,24.447598139637677,BEAR,EXIT
2026-04-26,26.483790068354647,31.78703117532338,15.627064755048407,47.602966726526006,45.41879060254149,30.69963183457997,23.16788893393235,BEAR,EXIT
2026-04-27,24.618547039702968,25.038740725389985,14.072096761869762,47.59276310729807,43.61424464225858,27.960007575952908,25.39981584264547,BEAR,EXIT
2026-04-28,23.237858323103115,24.710173906665275,12.831065084918603,44.39737908560175,44.708219964077486,26.845542849828988,26.30814340551049,BEAR,EXIT
2026-04-29,22.56711544418179,18.284518034233713,12.109940034445978,44.23725730612099,42.484439695190325,24.647284714139342,27.63022564116949,BEAR,EXIT
2026-04-30,23.337530661030232,25.45599985524668,12.644965467555824,43.962195628929216,39.54700794747292,26.44328239471858,26.315987864257153,BEAR,EXIT
2026-05-01,25.97034033135836,36.39982784047548,14.770964209516075,43.88257640331085,36.23384966459472,30.051023328385693,29.312104152096712,BEAR,EXIT
2026-05-02,26.811173952893792,25.405996326256126,15.267606372037537,43.604691956701195,39.49890560947515,27.938966896292374,28.572029106435643,BEAR,EXIT
2026-05-03,26.70565562405056,33.615068829993454,15.09628204721832,43.43445602508949,40.399154203115,29.98980412823212,30.69963183457997,BEAR,EXIT
2026-05-04,28.303441657186163,0.0,16.49969009946629,43.48932079074486,39.56548159203187,22.27091679486402,27.960007575952908,BEAR,EXIT
2026-05-05,28.30361378278972,0.0,17.64600303212549,43.56773735107962,40.04691872938583,22.56013721686254,26.845542849828988,BEAR,EXIT
